year,sample_date,date,event_m,rank,mark,time,athlete,dob,country,position,age,venue,score,frac,frac_year
2025,1-Jan,7-Dec-25,Marathon,1,2:14:00,8040,Joyciline JEPKOSGEI,28-Dec-93,KEN,1,31.96438356,Valencia (ESP),1271,0.933333333,2025.933333
2025,1-Jan,7-Dec-25,Marathon,2,2:14:43,8083,Peres JEPCHIRCHIR,27-Sep-93,KEN,2,32.21643836,Valencia (ESP),1264,0.933333333,2025.933333
2025,1-Jan,12-Oct-25,Marathon,3,2:14:57,8097,Hawi FEYSA,1-Feb-99,ETH,1,26.71232877,"Chicago, IL (USA)",1262,0.780555556,2025.780556
2025,1-Jan,27-Apr-25,Marathon,4,2:15:50,8150,Tigst ASSEFA,3-Dec-96,ETH,1,28.41643836,London (GBR),1253,0.322222222,2025.322222
2025,1-Jan,2-Mar-25,Marathon,5,2:16:31,8191,Sutume Asefa KEBEDE,11-Dec-94,ETH,1,30.24383562,Tokyo (JPN),1246,0.169444444,2025.169444
2025,1-Jan,30-Nov-25,Marathon,6,2:16:36,8196,Brigid KOSGEI,20-Feb-94,KEN,1,31.79726027,Shanghai (CHN),1245,0.913888889,2025.913889
2025,1-Jan,2-Mar-25,Marathon,7,2:16:56,8216,Winfridah Moraa MOSETI,10-Feb-96,KEN,2,29.07671233,Tokyo (JPN),1242,0.169444444,2025.169444
2025,1-Jan,12-Oct-25,Marathon,8,2:17:18,8238,Megertu ALEMU,12-Oct-97,ETH,2,28.01917808,"Chicago, IL (USA)",1239,0.780555556,2025.780556
2025,1-Jan,19-Oct-25,Marathon,9,2:17:37,8257,Aynalem DESTA,21-Jan-04,ETH,1,21.75890411,Amsterdam (NED),1235,0.8,2025.8
2025,1-Jan,27-Apr-25,Marathon,10,2:17:55,8275,Workenesh EDESA,11-Sep-92,ETH,1,32.64657534,Hamburg (GER),1233,0.322222222,2025.322222
2025,1-Jan,19-Oct-25,Marathon,11,2:17:56,8276,Bertukan WELDE,10-May-04,ETH,2,21.45753425,Amsterdam (NED),1232,0.8,2025.8
2025,1-Jan,12-Oct-25,Marathon,12,2:18:03,8283,Magdalena SHAURI,25-Feb-96,TAN,3,29.64931507,"Chicago, IL (USA)",1231,0.780555556,2025.780556
2025,1-Jan,12-Oct-25,Marathon,13,2:18:24,8304,Loice CHEMNUNG,22-Feb-97,KEN,4,28.65479452,"Chicago, IL (USA)",1228,0.780555556,2025.780556
2025,1-Jan,12-Jan-25,Marathon,14,2:18:27,8307,Bedatu HIRPA,28-Apr-99,ETH,1,25.72876712,Dubai (UAE),1227,0.030555556,2025.030556
2025,1-Jan,12-Jan-25,Marathon,15,2:18:32,8312,Dera DIDA,26-Oct-96,ETH,2,28.23287671,Dubai (UAE),1227,0.030555556,2025.030556
2025,1-Jan,5-Jan-25,Marathon,16,2:18:46,8326,Ruti AGA,16-Jan-94,ETH,1,30.99178082,Xiamen (CHN),1224,0.011111111,2025.011111
2025,1-Jan,30-Nov-25,Marathon,17,2:18:51,8331,Irine Chepet CHEPTAI,4-Feb-92,KEN,2,33.84383562,Shanghai (CHN),1223,0.913888889,2025.913889
2025,1-Jan,27-Apr-25,Marathon,18,2:19:00,8340,Sifan HASSAN,1-Jan-93,NED,3,32.33972603,London (GBR),1222,0.322222222,2025.322222
2025,1-Jan,27-Apr-25,Marathon,19,2:19:17,8357,Haven Hailu DESSE,10-Sep-98,ETH,4,26.64657534,London (GBR),1219,0.322222222,2025.322222
2025,1-Jan,12-Oct-25,Marathon,20,2:19:26,8366,Mary NGUGI-COOPER,17-Dec-88,KEN,5,36.84383562,"Chicago, IL (USA)",1218,0.780555556,2025.780556
2025,1-Jan,2-Mar-25,Marathon,21,2:19:28,8368,Magdalyne MASAI,21-Nov-93,KEN,4,31.29863014,Tokyo (JPN),1217,0.169444444,2025.169444
2025,1-Jan,16-Mar-25,Marathon,22,2:19:33,8373,Sharon CHELIMO,27-Jul-94,KEN,1,30.65753425,Barcelona (ESP),1217,0.208333333,2025.208333
2025,1-Jan,26-Oct-25,Marathon,23,2:19:34,8374,Buze DIRIBA,9-Feb-94,ETH,1,31.73150685,Frankfurt (GER),1216,0.819444444,2025.819444
2025,1-Jan,2-Nov-25,Marathon,24,2:19:51,8391,Hellen OBIRI,13-Dec-89,KEN,1,35.91232877,"New York, NY (USA)",1214,0.836111111,2025.836111
2025,1-Jan,27-Apr-25,Marathon,25,2:19:53,8393,Sichala KUMESHI,19-Jun-95,ETH,3,29.87671233,Hamburg (GER),1213,0.322222222,2025.322222
2025,1-Jan,19-Oct-25,Marathon,26,2:19:56,8396,Mekides SHIMELES,26-Dec-05,ETH,3,19.82739726,Amsterdam (NED),1213,0.8,2025.8
2025,1-Jan,2-Mar-25,Marathon,27,2:19:57,8397,Rosemary WANJIRU,9-Dec-94,KEN,5,30.24931507,Tokyo (JPN),1213,0.169444444,2025.169444
2025,1-Jan,2-Mar-25,Marathon,28,2:20:07,8407,Desi Jisa MOKONIN,12-Jul-97,BRN,6,27.65753425,Tokyo (JPN),1211,0.169444444,2025.169444
2025,1-Jan,2-Nov-25,Marathon,28,2:20:07,8407,Sharon LOKEDI,10-Mar-94,KEN,2,31.67123288,"New York, NY (USA)",1211,0.836111111,2025.836111
2025,1-Jan,2-Nov-25,Marathon,30,2:20:24,8424,Sheila CHEPKIRUI,27-Dec-90,KEN,3,34.8739726,"New York, NY (USA)",1208,0.836111111,2025.836111
2025,1-Jan,2-Mar-25,Marathon,31,2:20:25,8425,Gotytom GEBRESLASE,15-Jan-95,ETH,7,30.14794521,Tokyo (JPN),1208,0.169444444,2025.169444
2025,1-Jan,2-Mar-25,Marathon,32,2:20:26,8426,Degitu AZIMERAW,24-Jan-99,ETH,8,26.12054795,Tokyo (JPN),1208,0.169444444,2025.169444
2025,1-Jan,19-Oct-25,Marathon,32,2:20:26,8426,Waganesh MEKASHA,16-Jan-92,ETH,4,33.78082192,Amsterdam (NED),1208,0.8,2025.8
2025,1-Jan,27-Apr-25,Marathon,34,2:20:32,8432,Shitaye ESHETE,21-May-90,BRN,4,34.95890411,Hamburg (GER),1207,0.322222222,2025.322222
2025,1-Jan,30-Nov-25,Marathon,35,2:20:38,8438,Tiruye MESFIN,11-Sep-02,ETH,3,23.23561644,Shanghai (CHN),1206,0.913888889,2025.913889
2025,1-Jan,7-Dec-25,Marathon,35,2:20:38,8438,Chloé HERBIET,3-Dec-98,BEL,3,27.03013699,Valencia (ESP),1206,0.933333333,2025.933333
2025,1-Jan,12-Jan-25,Marathon,37,2:20:47,8447,Tigist GIRMA,12-Jul-93,ETH,3,31.5260274,Dubai (UAE),1205,0.030555556,2025.030556
2025,1-Jan,16-Mar-25,Marathon,37,2:20:47,8447,Yebrgual MELESE,18-Apr-90,ETH,2,34.93424658,Barcelona (ESP),1205,0.208333333,2025.208333
2025,1-Jan,7-Dec-25,Marathon,39,2:20:48,8448,Alisa VAINIO,16-Nov-97,FIN,4,28.07671233,Valencia (ESP),1205,0.933333333,2025.933333
2025,1-Jan,2-Mar-25,Marathon,40,2:20:53,8453,Deshun ZHANG,21-Feb-96,CHN,9,29.04657534,Tokyo (JPN),1204,0.169444444,2025.169444
2025,1-Jan,9-Mar-25,Marathon,41,2:20:59,8459,Sayaka SATO,27-May-94,JPN,2,30.80547945,Nagoya (JPN),1203,0.188888889,2025.188889
2025,1-Jan,30-Nov-25,Marathon,41,2:20:59,8459,Bekelech GUDETA,11-Oct-97,ETH,4,28.15616438,Shanghai (CHN),1203,0.913888889,2025.913889
2025,1-Jan,16-Mar-25,Marathon,43,2:21:01,8461,Linet Chepkwemoi MASAI,5-Dec-89,KEN,3,35.30136986,Barcelona (ESP),1202,0.208333333,2025.208333
2025,1-Jan,19-Oct-25,Marathon,44,2:21:03,8463,Shure DEMISE,21-Jan-96,ETH,1,29.76438356,Toronto (CAN),1202,0.8,2025.8
2025,1-Jan,19-Oct-25,Marathon,45,2:21:04,8464,Gadise MULU,14-Nov-97,ETH,5,27.94794521,Amsterdam (NED),1202,0.8,2025.8
2025,1-Jan,13-Apr-25,Marathon,46,2:21:07,8467,Angela TANUI,27-Jul-92,KEN,3,32.73424658,Paris (FRA),1201,0.283333333,2025.283333
2025,1-Jan,12-Jan-25,Marathon,47,2:21:12,8472,Zeineba YIMER,17-Jun-98,ETH,4,26.59178082,Dubai (UAE),1201,0.030555556,2025.030556
2025,1-Jan,13-Apr-25,Marathon,48,2:21:14,8474,Jackline CHERONO,25-Jun-98,KEN,1,26.81917808,Rotterdam (NED),1200,0.283333333,2025.283333
2025,1-Jan,13-Dec-25,Marathon,49,2:21:17,8477,Catherine Reline AMANANG'OLE,5-Oct-02,KEN,1,23.20547945,Abu Dhabi (UAE),1200,0.95,2025.95
2025,1-Jan,26-Jan-25,Marathon,50,2:21:19,8479,Kana KOBAYASHI,4-Apr-01,JPN,2,23.83013699,Osaka (JPN),1200,0.069444444,2025.069444
2025,1-Jan,19-Oct-25,Marathon,51,2:21:23,8483,Bosena MULATIE,21-Nov-01,ETH,6,23.9260274,Amsterdam (NED),1199,0.8,2025.8
2025,1-Jan,7-Dec-25,Marathon,52,2:21:24,8484,Jessica STENSON,15-Aug-87,AUS,5,38.33972603,Valencia (ESP),1199,0.933333333,2025.933333
2025,1-Jan,4-May-25,Marathon,53,2:21:25,8485,Evaline CHIRCHIR,2-Feb-98,KEN,2,27.26849315,Praha (CZE),1199,0.341666667,2025.341667
2025,1-Jan,21-Sep-25,Marathon,54,2:21:29,8489,Azmera GEBRU,31-Oct-95,ETH,3,29.91232877,Berlin (GER),1198,0.722222222,2025.722222
2025,1-Jan,26-Jan-25,Marathon,55,2:21:33,8493,Yuka SUZUKI,14-Sep-99,JPN,3,25.38630137,Osaka (JPN),1197,0.069444444,2025.069444
2025,1-Jan,9-Mar-25,Marathon,56,2:21:35,8495,Eunice Chebichii CHUMBA,23-May-93,BRN,3,31.81643836,Nagoya (JPN),1197,0.188888889,2025.188889
2025,1-Jan,21-Sep-25,Marathon,57,2:21:40,8500,Violah CHEPTOO,1-Mar-89,KEN,4,36.58356164,Berlin (GER),1196,0.722222222,2025.722222
2025,1-Jan,26-Oct-25,Marathon,57,2:21:40,8500,Catherine CHEROTICH,17-Oct-94,KEN,4,31.04657534,Frankfurt (GER),1196,0.819444444,2025.819444
2025,1-Jan,17-Jan-25,Marathon,59,2:21:43,8503,Ethlemahu SINTAYEHU,23-Feb-01,ETH,1,23.91506849,Doha (QAT),1196,0.044444444,2025.044444
2025,1-Jan,21-Sep-25,Marathon,60,2:21:57,8517,Fantu WORKU,29-Mar-99,ETH,5,26.50136986,Berlin (GER),1193,0.722222222,2025.722222
2025,1-Jan,5-Oct-25,Marathon,61,2:21:59,8519,Balemelay SHUMET,19-Mar-05,ETH,1,20.56164384,Košice (SVK),1193,0.761111111,2025.761111
2025,1-Jan,5-Oct-25,Marathon,62,2:22:06,8526,Kasanesh BAZE,23-Oct-99,ETH,2,25.96986301,Košice (SVK),1192,0.761111111,2025.761111
2025,1-Jan,9-Mar-25,Marathon,63,2:22:11,8531,Mao UESUGI,16-Aug-95,JPN,4,29.58356164,Nagoya (JPN),1191,0.188888889,2025.188889
2025,1-Jan,4-May-25,Marathon,63,2:22:11,8531,Pascalia CHEPKOGEI,20-Aug-89,KEN,3,35.72876712,Praha (CZE),1191,0.341666667,2025.341667
2025,1-Jan,13-Apr-25,Marathon,65,2:22:14,8534,Aminet AHMED,11-Feb-00,ETH,2,25.18630137,Rotterdam (NED),1191,0.283333333,2025.283333
2025,1-Jan,23-Feb-25,Marathon,66,2:22:17,8537,Anchinalu DESSIE,9-Jan-03,ETH,1,22.13972603,Sevilla (ESP),1190,0.144444444,2025.144444
2025,1-Jan,21-Sep-25,Marathon,66,2:22:17,8537,Fabienne KÖNIGSTEIN,25-Nov-92,GER,6,32.84383562,Berlin (GER),1190,0.722222222,2025.722222
2025,1-Jan,17-Jan-25,Marathon,68,2:22:21,8541,Muluhabt TSEGA,22-Dec-97,ETH,2,27.09041096,Doha (QAT),1190,0.044444444,2025.044444
2025,1-Jan,4-May-25,Marathon,69,2:22:25,8545,Vivian MELLY,1-Jan-00,KEN,4,25.35616438,Praha (CZE),1189,0.341666667,2025.341667
2025,1-Jan,27-Apr-25,Marathon,70,2:22:32,8552,Vivian Jepkemei CHERUIYOT,11-Sep-83,KEN,5,41.65479452,London (GBR),1188,0.322222222,2025.322222
2025,1-Jan,21-Dec-25,Marathon,71,2:22:40,8560,Joyce Chepkemoi TELE,3-May-95,KEN,1,30.65753425,Guangzhou (CHN),1187,0.972222222,2025.972222
2025,1-Jan,27-Apr-25,Marathon,72,2:22:42,8562,Stella CHESANG,1-Dec-96,UGA,6,28.42191781,London (GBR),1186,0.322222222,2025.322222
2025,1-Jan,19-Oct-25,Marathon,73,2:22:47,8567,Tigist GEZAHAGN,12-Mar-00,ETH,1,25.62191781,Ljubljana (SLO),1185,0.8,2025.8
2025,1-Jan,2-Nov-25,Marathon,74,2:22:49,8569,Fiona O'KEEFFE,24-May-98,USA,4,27.4630137,"New York, NY (USA)",1185,0.836111111,2025.836111
2025,1-Jan,12-Jan-25,Marathon,75,2:22:53,8573,Kuftu TAHIR,13-Oct-95,ETH,6,29.27123288,Dubai (UAE),1184,0.030555556,2025.030556
2025,1-Jan,16-Mar-25,Marathon,76,2:22:54,8574,Fikrte WERETA,21-Sep-00,ETH,2,24.49863014,Seoul (KOR),1184,0.208333333,2025.208333
2025,1-Jan,19-Oct-25,Marathon,77,2:22:55,8575,Rose CHELIMO,12-Jul-89,BRN,7,36.29589041,Amsterdam (NED),1184,0.8,2025.8
2025,1-Jan,19-Jan-25,Marathon,78,2:22:56,8576,Erika KEMP,26-Jan-95,USA,2,30.00273973,"Houston, TX (USA)",1184,0.05,2025.05
2025,1-Jan,23-Nov-25,Marathon,79,2:22:57,8577,Joan Chelimo MELLY,10-Nov-90,ROU,1,35.06027397,Incheon (KOR),1184,0.894444444,2025.894444
2025,1-Jan,9-Mar-25,Marathon,80,2:23:05,8585,Rika KASEDA,2-Mar-99,JPN,5,26.03835616,Nagoya (JPN),1183,0.188888889,2025.188889
2025,1-Jan,16-Mar-25,Marathon,81,2:23:10,8590,Mestawut FIKIR,2-Mar-00,ETH,3,25.05479452,Seoul (KOR),1182,0.208333333,2025.208333
2025,1-Jan,5-Jan-25,Marathon,82,2:23:11,8591,Gutemi Shone IMANA,17-Nov-91,ETH,2,33.15890411,Xiamen (CHN),1182,0.011111111,2025.011111
2025,1-Jan,16-Mar-25,Marathon,83,2:23:13,8593,Mekdes WOLDU,20-Oct-92,FRA,5,32.42465753,Barcelona (ESP),1181,0.208333333,2025.208333
2025,1-Jan,27-Apr-25,Marathon,84,2:23:14,8594,Sofiia YAREMCHUK,3-Jun-94,ITA,7,30.92054795,London (GBR),1181,0.322222222,2025.322222
2025,1-Jan,21-Sep-25,Marathon,85,2:23:16,8596,Domenika MAYER,9-Oct-90,GER,8,34.97534247,Berlin (GER),1181,0.722222222,2025.722222
2025,1-Jan,23-Nov-25,Marathon,85,2:23:16,8596,Enatnesh Alamrew TIRUSEW,4-Oct-95,ETH,2,30.15890411,Incheon (KOR),1181,0.894444444,2025.894444
2025,1-Jan,13-Apr-25,Marathon,87,2:23:17,8597,Dolshi TESFU,17-Jun-99,ERI,5,25.84109589,Rotterdam (NED),1181,0.283333333,2025.283333
2025,1-Jan,11-May-25,Marathon,88,2:23:19,8599,Sharon KIPTUGEN,17-May-98,KEN,1,27.00273973,Copenhagen (DEN),1180,0.361111111,2025.361111
2025,1-Jan,7-Dec-25,Marathon,89,2:23:22,8602,Glenrose XABA,31-Dec-94,RSA,6,30.95616438,Valencia (ESP),1180,0.933333333,2025.933333
2025,1-Jan,23-Nov-25,Marathon,90,2:23:26,8606,Yeshi Kalayu CHEKOLE,12-Jul-97,ETH,3,28.38630137,Incheon (KOR),1179,0.894444444,2025.894444
2025,1-Jan,12-Oct-25,Marathon,91,2:23:28,8608,Natosha ROGERS,7-May-91,USA,6,34.45753425,"Chicago, IL (USA)",1179,0.780555556,2025.780556
2025,1-Jan,9-Mar-25,Marathon,92,2:23:29,8609,Isobel BATT-DOYLE,14-Sep-95,AUS,6,29.50410959,Nagoya (JPN),1179,0.188888889,2025.188889
2025,1-Jan,26-Oct-25,Marathon,92,2:23:29,8609,Mehret GEMEDA,21-Nov-05,ETH,5,19.94246575,Frankfurt (GER),1179,0.819444444,2025.819444
2025,1-Jan,12-Jan-25,Marathon,94,2:23:30,8610,Almaz KEBEBE,15-Sep-05,ETH,8,19.33972603,Dubai (UAE),1179,0.030555556,2025.030556
2025,1-Jan,25-May-25,Marathon,95,2:23:33,8613,Mercy CHELANGAT,11-Jul-97,KEN,1,27.89041096,Ottawa (CAN),1178,0.4,2025.4
2025,1-Jan,2-Mar-25,Marathon,96,2:23:37,8617,Yuka ANDO,16-Mar-94,JPN,11,30.98356164,Tokyo (JPN),1177,0.169444444,2025.169444
2025,1-Jan,23-Feb-25,Marathon,97,2:23:38,8618,Manon TRAPP,1-Aug-00,FRA,2,24.58082192,Sevilla (ESP),1177,0.144444444,2025.144444
2025,1-Jan,27-Apr-25,Marathon,98,2:23:39,8619,Cynthia CHEMWENO,17-Sep-96,KEN,5,28.62739726,Hamburg (GER),1177,0.322222222,2025.322222
2025,1-Jan,16-Mar-25,Marathon,99,2:23:40,8620,Selly Chepyego KAPTICH,3-Oct-85,KEN,6,39.47671233,Barcelona (ESP),1177,0.208333333,2025.208333
2025,1-Jan,13-Apr-25,Marathon,99,2:23:40,8620,Anchialem HAYMANOT,9-May-01,ETH,6,23.94520548,Rotterdam (NED),1177,0.283333333,2025.283333
2024,1-Jan,13-Oct-24,Marathon,1,2:09:56,7796,Ruth CHEPNGETICH,8-Aug-94,KEN,1,30.20273973,"Chicago, IL (USA)",1312,0.783333333,2024.783333
2024,1-Jan,3-Mar-24,Marathon,2,2:15:55,8155,Sutume Asefa KEBEDE,11-Dec-94,ETH,1,29.24657534,Tokyo (JPN),1252,0.172222222,2024.172222
2024,1-Jan,7-Jan-24,Marathon,3,2:16:07,8167,Tigist KETEMA,15-Sep-98,ETH,1,25.32876712,Dubai (UAE),1250,0.016666667,2024.016667
2024,1-Jan,3-Mar-24,Marathon,4,2:16:14,8174,Rosemary WANJIRU,9-Dec-94,KEN,2,29.25205479,Tokyo (JPN),1249,0.172222222,2024.172222
2024,1-Jan,21-Apr-24,Marathon,5,2:16:16,8176,Peres JEPCHIRCHIR,27-Sep-93,KEN,1,30.58630137,London (GBR),1249,0.305555556,2024.305556
2024,1-Jan,21-Apr-24,Marathon,6,2:16:23,8183,Tigst ASSEFA,3-Dec-96,ETH,2,27.4,London (GBR),1248,0.305555556,2024.305556
2024,1-Jan,21-Apr-24,Marathon,7,2:16:24,8184,Joyciline JEPKOSGEI,28-Dec-93,KEN,3,30.33424658,London (GBR),1247,0.305555556,2024.305556
2024,1-Jan,21-Apr-24,Marathon,8,2:16:34,8194,Megertu ALEMU,12-Oct-97,ETH,4,26.54246575,London (GBR),1246,0.305555556,2024.305556
2024,1-Jan,29-Sep-24,Marathon,9,2:16:42,8202,Tigist KETEMA,15-Sep-98,ETH,1,26.05753425,Berlin (GER),1244,0.744444444,2024.744444
2024,1-Jan,1-Dec-24,Marathon,10,2:16:49,8209,Megertu ALEMU,12-Oct-97,ETH,1,27.15616438,Valencia (ESP),1243,0.916666667,2024.916667
2024,1-Jan,20-Oct-24,Marathon,11,2:16:52,8212,Yalemzerf YEHUALAW,3-Aug-99,ETH,1,25.23287671,Amsterdam (NED),1243,0.802777778,2024.802778
2024,1-Jan,3-Mar-24,Marathon,12,2:16:58,8218,Amane Beriso SHANKULE,13-Oct-91,ETH,3,32.4109589,Tokyo (JPN),1242,0.172222222,2024.172222
2024,1-Jan,27-Oct-24,Marathon,13,2:17:25,8245,Hawi FEYSA,1-Feb-99,ETH,1,25.75342466,Frankfurt (GER),1237,0.822222222,2024.822222
2024,1-Jan,13-Oct-24,Marathon,14,2:17:32,8252,Sutume Asefa KEBEDE,11-Dec-94,ETH,2,29.86027397,"Chicago, IL (USA)",1236,0.783333333,2024.783333
2024,1-Jan,13-Oct-24,Marathon,15,2:17:51,8271,Irine Chepet CHEPTAI,4-Feb-92,KEN,3,32.71232877,"Chicago, IL (USA)",1233,0.783333333,2024.783333
2024,1-Jan,3-Mar-24,Marathon,16,2:18:05,8285,Sifan HASSAN,1-Jan-93,NED,4,31.1890411,Tokyo (JPN),1231,0.172222222,2024.172222
2024,1-Jan,7-Jan-24,Marathon,17,2:18:09,8289,Ruti AGA,16-Jan-94,ETH,2,29.99452055,Dubai (UAE),1230,0.016666667,2024.016667
2024,1-Jan,28-Apr-24,Marathon,18,2:18:22,8302,Irine Chepet CHEPTAI,4-Feb-92,KEN,1,32.25205479,Hamburg (GER),1228,0.325,2024.325
2024,1-Jan,28-Apr-24,Marathon,19,2:18:25,8305,Winfridah Moraa MOSETI,10-Feb-96,KEN,2,28.23287671,Hamburg (GER),1228,0.325,2024.325
2024,1-Jan,1-Dec-24,Marathon,20,2:18:26,8306,Stella CHESANG,1-Dec-96,UGA,2,28.01917808,Valencia (ESP),1227,0.916666667,2024.916667
2024,1-Jan,1-Dec-24,Marathon,21,2:18:35,8315,Tiruye MESFIN,11-Sep-02,ETH,3,22.23835616,Valencia (ESP),1226,0.916666667,2024.916667
2024,1-Jan,29-Sep-24,Marathon,22,2:18:48,8328,Mestawut FIKIR,2-Mar-00,ETH,2,24.59452055,Berlin (GER),1224,0.744444444,2024.744444
2024,1-Jan,28-Jan-24,Marathon,23,2:18:51,8331,Workenesh EDESA,11-Sep-92,ETH,1,31.4,Osaka (JPN),1223,0.075,2024.075
2024,1-Jan,27-Oct-24,Marathon,24,2:18:58,8338,Magdalyne MASAI,21-Nov-93,KEN,2,30.95342466,Frankfurt (GER),1222,0.822222222,2024.822222
2024,1-Jan,28-Jan-24,Marathon,25,2:18:59,8339,Honami MAEDA,17-Jul-96,JPN,2,27.55068493,Osaka (JPN),1222,0.075,2024.075
2024,1-Jan,29-Sep-24,Marathon,26,2:19:00,8340,Bosena MULATIE,21-Nov-01,ETH,3,22.87123288,Berlin (GER),1222,0.744444444,2024.744444
2024,1-Jan,21-Apr-24,Marathon,27,2:19:02,8342,Brigid KOSGEI,20-Feb-94,KEN,5,30.18630137,London (GBR),1222,0.305555556,2024.305556
2024,1-Jan,3-Mar-24,Marathon,28,2:19:17,8357,Betsy SAINA,30-Jun-88,USA,5,35.69863014,Tokyo (JPN),1219,0.172222222,2024.172222
2024,1-Jan,7-Jan-24,Marathon,29,2:19:29,8369,Dera DIDA,26-Oct-96,ETH,3,27.21643836,Dubai (UAE),1217,0.016666667,2024.016667
2024,1-Jan,20-Oct-24,Marathon,29,2:19:29,8369,Haven Hailu DESSE,10-Sep-98,ETH,2,26.12876712,Amsterdam (NED),1217,0.802777778,2024.802778
2024,1-Jan,14-Apr-24,Marathon,31,2:19:30,8370,Ashete BEKERE,17-Apr-88,ETH,1,36.01643836,Rotterdam (NED),1217,0.286111111,2024.286111
2024,1-Jan,21-Apr-24,Marathon,32,2:19:31,8371,Sheila CHEPKIRUI,27-Dec-90,KEN,6,33.33972603,London (GBR),1217,0.305555556,2024.305556
2024,1-Jan,14-Jan-24,Marathon,33,2:19:33,8373,Rahma TUSA,14-Sep-93,ETH,1,30.35342466,"Houston, TX (USA)",1217,0.036111111,2024.036111
2024,1-Jan,10-Mar-24,Marathon,34,2:19:52,8392,Degitu AZIMERAW,24-Jan-99,ETH,1,25.14246575,Barcelona (ESP),1214,0.191666667,2024.191667
2024,1-Jan,14-Jan-24,Marathon,35,2:19:55,8395,Vicoty CHEPNGENO,12-Nov-93,KEN,2,30.19178082,"Houston, TX (USA)",1213,0.036111111,2024.036111
2024,1-Jan,20-Oct-24,Marathon,36,2:20:17,8417,Joyce Chepkemoi TELE,3-May-95,KEN,1,29.48767123,Ljubljana (SLO),1210,0.802777778,2024.802778
2024,1-Jan,29-Sep-24,Marathon,37,2:20:20,8420,Aberu AYANA,17-Sep-00,ETH,4,24.04931507,Berlin (GER),1209,0.744444444,2024.744444
2024,1-Jan,13-Oct-24,Marathon,38,2:20:22,8422,Buze DIRIBA,9-Feb-94,ETH,4,30.69589041,"Chicago, IL (USA)",1209,0.783333333,2024.783333
2024,1-Jan,20-Oct-24,Marathon,39,2:20:27,8427,Winfridah Moraa MOSETI,10-Feb-96,KEN,3,28.71232877,Amsterdam (NED),1208,0.802777778,2024.802778
2024,1-Jan,20-Oct-24,Marathon,40,2:20:30,8430,Gladys CHESIR,20-Feb-93,KEN,4,31.68493151,Amsterdam (NED),1207,0.802777778,2024.802778
2024,1-Jan,29-Sep-24,Marathon,41,2:20:31,8431,Ai HOSODA,27-Nov-95,JPN,5,28.86027397,Berlin (GER),1207,0.744444444,2024.744444
2024,1-Jan,1-Dec-24,Marathon,42,2:20:33,8433,Evaline CHIRCHIR,2-Feb-98,KEN,4,26.84657534,Valencia (ESP),1207,0.916666667,2024.916667
2024,1-Jan,14-Dec-24,Marathon,43,2:20:34,8434,Catherine Reline AMANANG'OLE,5-Oct-02,KEN,1,22.20821918,Abu Dhabi (UAE),1207,0.952777778,2024.952778
2024,1-Jan,29-Sep-24,Marathon,44,2:20:42,8442,Mizuki MATSUDA,31-May-95,JPN,6,29.35342466,Berlin (GER),1205,0.744444444,2024.744444
2024,1-Jan,20-Oct-24,Marathon,45,2:20:44,8444,Waganesh MEKASHA,16-Jan-92,ETH,1,32.78356164,Toronto (CAN),1205,0.802777778,2024.802778
2024,1-Jan,7-Apr-24,Marathon,46,2:20:45,8445,Mestawut FIKIR,2-Mar-00,ETH,1,24.11506849,Paris (FRA),1205,0.266666667,2024.266667
2024,1-Jan,7-Apr-24,Marathon,47,2:20:48,8448,Enatnesh Alamrew TIRUSEW,4-Oct-95,ETH,2,28.52876712,Paris (FRA),1205,0.266666667,2024.266667
2024,1-Jan,13-Oct-24,Marathon,48,2:20:51,8451,Joyciline JEPKOSGEI,28-Dec-93,KEN,5,30.81369863,"Chicago, IL (USA)",1204,0.783333333,2024.783333
2024,1-Jan,13-Oct-24,Marathon,49,2:20:52,8452,Degitu AZIMERAW,24-Jan-99,ETH,6,25.7369863,"Chicago, IL (USA)",1204,0.783333333,2024.783333
2024,1-Jan,14-Apr-24,Marathon,50,2:20:57,8457,Viola Jelagat KIBIWOT,22-Dec-83,KEN,2,40.33972603,Rotterdam (NED),1203,0.286111111,2024.286111
2024,1-Jan,20-Oct-24,Marathon,51,2:20:59,8459,Gadise MULU,14-Nov-97,ETH,2,26.95068493,Ljubljana (SLO),1203,0.802777778,2024.802778
2024,1-Jan,7-Apr-24,Marathon,52,2:21:07,8467,Ruti AGA,16-Jan-94,ETH,1,30.24383562,Daegu (KOR),1201,0.266666667,2024.266667
2024,1-Jan,6-Oct-24,Marathon,53,2:21:08,8468,Rebbeca Sirwanei TANUI,16-Jun-92,KEN,1,32.32876712,Košice (SVK),1201,0.763888889,2024.763889
2024,1-Jan,20-Oct-24,Marathon,54,2:21:09,8469,Bedatu HIRPA,28-Apr-99,ETH,5,25.49863014,Amsterdam (NED),1201,0.802777778,2024.802778
2024,1-Jan,10-Mar-24,Marathon,55,2:21:18,8478,Yuka ANDO,16-Mar-94,JPN,1,30.00547945,Nagoya (JPN),1200,0.191666667,2024.191667
2024,1-Jan,28-Apr-24,Marathon,56,2:21:19,8479,Gotytom GEBRESLASE,15-Jan-95,ETH,3,29.30410959,Hamburg (GER),1200,0.325,2024.325
2024,1-Jan,29-Sep-24,Marathon,57,2:21:24,8484,Calli HAUGER-THACKERY,9-Jan-93,GBR,7,31.74246575,Berlin (GER),1199,0.744444444,2024.744444
2024,1-Jan,20-Oct-24,Marathon,57,2:21:24,8484,Aminet AHMED,11-Feb-00,ETH,6,24.70684932,Amsterdam (NED),1199,0.802777778,2024.802778
2024,1-Jan,10-Mar-24,Marathon,59,2:21:25,8485,Eunice Chebichii CHUMBA,23-May-93,BRN,2,30.81917808,Nagoya (JPN),1199,0.191666667,2024.191667
2024,1-Jan,20-Oct-24,Marathon,60,2:21:26,8486,Roza DEREJE,9-May-97,ETH,2,27.46849315,Toronto (CAN),1198,0.802777778,2024.802778
2024,1-Jan,24-Mar-24,Marathon,61,2:21:27,8487,Jackline SAKILU,28-Dec-86,TAN,1,37.2630137,Chongqing (CHN),1198,0.230555556,2024.230556
2024,1-Jan,17-Mar-24,Marathon,62,2:21:32,8492,Fikrte WERETA,21-Sep-00,ETH,1,23.50136986,Seoul (KOR),1197,0.211111111,2024.211111
2024,1-Jan,7-Apr-24,Marathon,62,2:21:32,8492,Angela TANUI,27-Jul-92,KEN,2,31.71780822,Daegu (KOR),1197,0.266666667,2024.266667
2024,1-Jan,10-Mar-24,Marathon,64,2:21:33,8493,Ayuko SUZUKI,8-Oct-91,JPN,3,32.44383562,Nagoya (JPN),1197,0.191666667,2024.191667
2024,1-Jan,10-Mar-24,Marathon,65,2:21:35,8495,Shuko GENEMO,13-Sep-95,ETH,2,28.50958904,Barcelona (ESP),1197,0.191666667,2024.191667
2024,1-Jan,29-Sep-24,Marathon,66,2:21:39,8499,Yebrgual MELESE,18-Apr-90,ETH,8,34.4739726,Berlin (GER),1196,0.744444444,2024.744444
2024,1-Jan,28-Apr-24,Marathon,67,2:21:40,8500,Jackline CHERONO,25-Jun-98,KEN,4,25.86027397,Hamburg (GER),1196,0.325,2024.325
2024,1-Jan,6-Oct-24,Marathon,67,2:21:40,8500,Jackline CHERONO,25-Jun-98,KEN,2,26.30136986,Košice (SVK),1196,0.763888889,2024.763889
2024,1-Jan,1-Dec-24,Marathon,69,2:21:43,8503,Majida MAAYOUF,27-Apr-89,ESP,5,35.62191781,Valencia (ESP),1196,0.916666667,2024.916667
2024,1-Jan,7-Apr-24,Marathon,70,2:21:46,8506,Vivian Jepkemei CHERUIYOT,11-Sep-83,KEN,3,40.6,Paris (FRA),1195,0.266666667,2024.266667
2024,1-Jan,7-Jan-24,Marathon,71,2:21:47,8507,Melat Yisak KEJETA,27-Sep-92,GER,4,31.29863014,Dubai (UAE),1195,0.016666667,2024.016667
2024,1-Jan,3-Mar-24,Marathon,72,2:21:50,8510,Hitomi NIIYA,26-Feb-88,JPN,6,36.04109589,Tokyo (JPN),1195,0.172222222,2024.172222
2024,1-Jan,20-Oct-24,Marathon,72,2:21:50,8510,Afera GODFAY,25-Sep-91,ETH,3,33.09315068,Toronto (CAN),1195,0.802777778,2024.802778
2024,1-Jan,7-Jan-24,Marathon,74,2:21:53,8513,Amid Fozya JEMAL,11-Sep-98,ETH,5,25.33972603,Dubai (UAE),1194,0.016666667,2024.016667
2024,1-Jan,1-Dec-24,Marathon,75,2:21:54,8514,Chimdesa KUMSA,16-Sep-95,ETH,6,29.23013699,Valencia (ESP),1194,0.916666667,2024.916667
2024,1-Jan,7-Jan-24,Marathon,76,2:21:55,8515,Shitaye ESHETE,21-May-90,BRN,6,33.65479452,Dubai (UAE),1194,0.016666667,2024.016667
2024,1-Jan,13-Oct-24,Marathon,77,2:21:56,8516,Susanna SULLIVAN,13-May-90,USA,7,34.44383562,"Chicago, IL (USA)",1194,0.783333333,2024.783333
2024,1-Jan,3-Nov-24,Marathon,77,2:21:56,8516,Vicoty CHEPNGENO,12-Nov-93,KEN,1,30.99726027,Beijing (CHN),1194,0.838888889,2024.838889
2024,1-Jan,20-Oct-24,Marathon,79,2:22:00,8520,Meseret ABEBAYAHAU,28-Jun-98,ETH,1,26.33150685,Dongying (CHN),1193,0.802777778,2024.802778
2024,1-Jan,3-Feb-24,Marathon,80,2:22:10,8530,Fiona O'KEEFFE,24-May-98,USA,1,25.71506849,"Orlando, FL (USA)",1191,0.088888889,2024.088889
2024,1-Jan,10-Mar-24,Marathon,81,2:22:11,8531,Rika KASEDA,2-Mar-99,JPN,4,25.04109589,Nagoya (JPN),1191,0.191666667,2024.191667
2024,1-Jan,7-Apr-24,Marathon,81,2:22:11,8531,Evaline CHIRCHIR,2-Feb-98,KEN,3,26.19452055,Daegu (KOR),1191,0.266666667,2024.266667
2024,1-Jan,18-Feb-24,Marathon,83,2:22:13,8533,Azmera GEBRU,31-Oct-95,ETH,1,28.32054795,Sevilla (ESP),1191,0.130555556,2024.130556
2024,1-Jan,17-Mar-24,Marathon,84,2:22:19,8539,Desi Jisa MOKONIN,12-Jul-97,BRN,2,26.69863014,Seoul (KOR),1190,0.211111111,2024.211111
2024,1-Jan,20-Oct-24,Marathon,85,2:22:21,8541,Ivyne JERUTO,28-Feb-93,KEN,7,31.6630137,Amsterdam (NED),1190,0.802777778,2024.802778
2024,1-Jan,20-Oct-24,Marathon,86,2:22:22,8542,Glenrose XABA,31-Dec-94,RSA,1,29.82465753,Cape Town (RSA),1189,0.802777778,2024.802778
2024,1-Jan,7-Jan-24,Marathon,87,2:22:23,8543,Atalel ANMUT,15-Dec-99,ETH,7,24.07945205,Dubai (UAE),1189,0.016666667,2024.016667
2024,1-Jan,20-Oct-24,Marathon,88,2:22:31,8551,Desi Jisa MOKONIN,12-Jul-97,BRN,8,27.29315068,Amsterdam (NED),1188,0.802777778,2024.802778
2024,1-Jan,1-Dec-24,Marathon,88,2:22:31,8551,Laura LUENGO,18-Aug-97,ESP,7,27.30684932,Valencia (ESP),1188,0.916666667,2024.916667
2024,1-Jan,20-Oct-24,Marathon,90,2:22:36,8556,Mare DIBABA,20-Oct-89,ETH,2,35.02465753,Cape Town (RSA),1187,0.802777778,2024.802778
2024,1-Jan,27-Oct-24,Marathon,91,2:22:37,8557,Shuko GENEMO,13-Sep-95,ETH,3,29.14246575,Frankfurt (GER),1187,0.822222222,2024.822222
2024,1-Jan,3-Feb-24,Marathon,92,2:22:42,8562,Emily SISSON,12-Oct-91,USA,2,32.33424658,"Orlando, FL (USA)",1186,0.088888889,2024.088889
2024,1-Jan,27-Oct-24,Marathon,92,2:22:42,8562,Catherine CHEROTICH,17-Oct-94,KEN,4,30.04931507,Frankfurt (GER),1186,0.822222222,2024.822222
2024,1-Jan,14-Apr-24,Marathon,94,2:22:46,8566,Selly Chepyego KAPTICH,3-Oct-85,KEN,3,38.55616438,Rotterdam (NED),1186,0.286111111,2024.286111
2024,1-Jan,20-Oct-24,Marathon,95,2:22:49,8569,Pascalia JEPKOGEI,19-Nov-01,KEN,3,22.93424658,Cape Town (RSA),1185,0.802777778,2024.802778
2024,1-Jan,18-Feb-24,Marathon,96,2:22:51,8571,Magdalyne MASAI,21-Nov-93,KEN,2,30.2630137,Sevilla (ESP),1185,0.130555556,2024.130556
2024,1-Jan,17-Mar-24,Marathon,97,2:22:52,8572,Visiline JEPKESHO,30-Dec-89,KEN,3,34.23561644,Seoul (KOR),1185,0.211111111,2024.211111
2024,1-Jan,27-Oct-24,Marathon,98,2:22:53,8573,Agnes KEINO,17-Jan-88,KEN,5,36.80273973,Frankfurt (GER),1184,0.822222222,2024.822222
2024,1-Jan,7-Jan-24,Marathon,99,2:22:54,8574,Bekelech GUDETA,11-Oct-97,ETH,1,26.25753425,Xiamen (CHN),1184,0.016666667,2024.016667
2024,1-Jan,11-Aug-24,Marathon,100,2:22:55,8575,Sifan HASSAN,1-Jan-93,NED,1,31.63013699,"Stade de France, Paris (FRA)",1184,0.611111111,2024.611111
2023,1-Jan,24-Sep-23,Marathon,1,2:11:53,7913,Tigst ASSEFA,3-Dec-96,ETH,1,26.82465753,Berlin (GER),1292,0.730555556,2023.730556
2023,1-Jan,8-Oct-23,Marathon,2,2:13:44,8024,Sifan HASSAN,1-Jan-93,NED,1,30.78630137,"Chicago, IL (USA)",1274,0.769444444,2023.769444
2023,1-Jan,8-Oct-23,Marathon,3,2:15:37,8137,Ruth CHEPNGETICH,8-Aug-94,KEN,2,29.18630137,"Chicago, IL (USA)",1255,0.769444444,2023.769444
2023,1-Jan,3-Dec-23,Marathon,4,2:15:51,8151,Worknesh DEGEFA,28-Oct-90,ETH,1,33.12054795,Valencia (ESP),1253,0.922222222,2023.922222
2023,1-Jan,3-Dec-23,Marathon,5,2:16:22,8182,Almaz AYANA,21-Nov-91,ETH,2,32.05479452,Valencia (ESP),1248,0.922222222,2023.922222
2023,1-Jan,5-Mar-23,Marathon,6,2:16:28,8188,Rosemary WANJIRU,9-Dec-94,KEN,1,28.25479452,Tokyo (JPN),1247,0.177777778,2023.177778
2023,1-Jan,8-Oct-23,Marathon,7,2:17:09,8229,Megertu ALEMU,12-Oct-97,ETH,3,26.00547945,"Chicago, IL (USA)",1240,0.769444444,2023.769444
2023,1-Jan,8-Oct-23,Marathon,8,2:17:23,8243,Joyciline JEPKOSGEI,28-Dec-93,KEN,4,29.79726027,"Chicago, IL (USA)",1238,0.769444444,2023.769444
2023,1-Jan,24-Sep-23,Marathon,9,2:17:49,8269,Sheila CHEPKIRUI,27-Dec-90,KEN,2,32.76438356,Berlin (GER),1234,0.730555556,2023.730556
2023,1-Jan,3-Dec-23,Marathon,10,2:17:59,8279,Hiwot GEBREKIDAN,11-May-95,ETH,3,28.58356164,Valencia (ESP),1232,0.922222222,2023.922222
2023,1-Jan,12-Mar-23,Marathon,11,2:18:08,8288,Ruth CHEPNGETICH,8-Aug-94,KEN,1,28.6109589,Nagoya (JPN),1230,0.197222222,2023.197222
2023,1-Jan,22-Oct-23,Marathon,12,2:18:09,8289,Ruti AGA,16-Jan-94,ETH,1,29.78356164,Dongying (CHN),1230,0.808333333,2023.808333
2023,1-Jan,15-Oct-23,Marathon,13,2:18:21,8301,Meseret BELETE,16-Sep-99,ETH,1,24.09589041,Amsterdam (NED),1228,0.788888889,2023.788889
2023,1-Jan,23-Apr-23,Marathon,14,2:18:33,8313,Sifan HASSAN,1-Jan-93,NED,1,30.3260274,London (GBR),1226,0.311111111,2023.311111
2023,1-Jan,23-Apr-23,Marathon,15,2:18:37,8317,Megertu ALEMU,12-Oct-97,ETH,2,25.54520548,London (GBR),1226,0.311111111,2023.311111
2023,1-Jan,23-Apr-23,Marathon,16,2:18:38,8318,Peres JEPCHIRCHIR,27-Sep-93,KEN,3,29.5890411,London (GBR),1226,0.311111111,2023.311111
2023,1-Jan,24-Sep-23,Marathon,17,2:18:41,8321,Magdalena SHAURI,25-Feb-96,TAN,3,27.59726027,Berlin (GER),1225,0.730555556,2023.730556
2023,1-Jan,23-Apr-23,Marathon,18,2:18:51,8331,Sheila CHEPKIRUI,27-Dec-90,KEN,4,32.34246575,London (GBR),1223,0.311111111,2023.311111
2023,1-Jan,23-Apr-23,Marathon,19,2:18:53,8333,Yalemzerf YEHUALAW,3-Aug-99,ETH,5,23.7369863,London (GBR),1223,0.311111111,2023.311111
2023,1-Jan,24-Sep-23,Marathon,20,2:19:07,8347,Zeineba YIMER,17-Jun-98,ETH,4,25.28767123,Berlin (GER),1221,0.730555556,2023.730556
2023,1-Jan,5-Mar-23,Marathon,21,2:19:11,8351,Ashete BEKERE,17-Apr-88,ETH,2,34.90410959,Tokyo (JPN),1220,0.177777778,2023.177778
2023,1-Jan,16-Dec-23,Marathon,22,2:19:15,8355,Brigid KOSGEI,20-Feb-94,KEN,1,29.83835616,Abu Dhabi (UAE),1220,0.958333333,2023.958333
2023,1-Jan,24-Sep-23,Marathon,23,2:19:21,8361,Senbere TEFERI,3-May-95,ETH,5,28.41369863,Berlin (GER),1219,0.730555556,2023.730556
2023,1-Jan,15-Jan-23,Marathon,24,2:19:24,8364,Hitomi NIIYA,26-Feb-88,JPN,1,34.90958904,"Houston, TX (USA)",1218,0.038888889,2023.038889
2023,1-Jan,24-Sep-23,Marathon,24,2:19:24,8364,Dera DIDA,26-Oct-96,ETH,6,26.92876712,Berlin (GER),1218,0.730555556,2023.730556
2023,1-Jan,29-Oct-23,Marathon,26,2:19:27,8367,Buzunesh GETACHEW,18-Apr-97,ETH,1,26.54794521,Frankfurt (GER),1218,0.827777778,2023.827778
2023,1-Jan,24-Sep-23,Marathon,27,2:19:40,8380,Workenesh EDESA,11-Sep-92,ETH,7,31.05479452,Berlin (GER),1215,0.730555556,2023.730556
2023,1-Jan,19-Mar-23,Marathon,28,2:19:44,8384,Zeineba YIMER,17-Jun-98,ETH,1,24.76986301,Barcelona (ESP),1215,0.216666667,2023.216667
2023,1-Jan,24-Sep-23,Marathon,28,2:19:44,8384,Helen BEKELE,21-Nov-94,ETH,8,28.86027397,Berlin (GER),1215,0.730555556,2023.730556
2023,1-Jan,15-Oct-23,Marathon,30,2:19:50,8390,Meseret ABEBAYAHAU,28-Jun-98,ETH,2,25.31506849,Amsterdam (NED),1214,0.788888889,2023.788889
2023,1-Jan,15-Oct-23,Marathon,31,2:20:02,8402,Dorcas Jepchirchir TUITOEK,31-Jan-98,KEN,3,25.72054795,Amsterdam (NED),1212,0.788888889,2023.788889
2023,1-Jan,19-Mar-23,Marathon,32,2:20:03,8403,Selly Chepyego KAPTICH,3-Oct-85,KEN,2,37.48219178,Barcelona (ESP),1212,0.216666667,2023.216667
2023,1-Jan,8-Oct-23,Marathon,33,2:20:04,8404,Tadu TESHOME,9-Jun-01,ETH,5,22.34520548,"Chicago, IL (USA)",1212,0.769444444,2023.769444
2023,1-Jan,23-Apr-23,Marathon,34,2:20:09,8409,Dorcas Jepchirchir TUITOEK,31-Jan-98,KEN,1,25.24109589,Hamburg (GER),1211,0.311111111,2023.311111
2023,1-Jan,5-Mar-23,Marathon,35,2:20:13,8413,Workenesh EDESA,11-Sep-92,ETH,3,30.49863014,Tokyo (JPN),1210,0.177777778,2023.177778
2023,1-Jan,23-Apr-23,Marathon,36,2:20:18,8418,Tiruye MESFIN,11-Sep-02,ETH,2,20.62739726,Hamburg (GER),1209,0.311111111,2023.311111
2023,1-Jan,23-Apr-23,Marathon,37,2:20:23,8423,Stella CHESANG,1-Dec-96,UGA,3,26.40821918,Hamburg (GER),1209,0.311111111,2023.311111
2023,1-Jan,19-Feb-23,Marathon,38,2:20:29,8429,Jackline CHELAL,1992,KEN,1,117.7643836,Sevilla (ESP),1208,0.133333333,2023.133333
2023,1-Jan,16-Apr-23,Marathon,39,2:20:31,8431,Eunice Chebichii CHUMBA,23-May-93,BRN,1,29.91780822,Rotterdam (NED),1207,0.291666667,2023.291667
2023,1-Jan,23-Apr-23,Marathon,40,2:20:41,8441,Judith Jeptum KORIR,12-Dec-95,KEN,6,27.38082192,London (GBR),1206,0.311111111,2023.311111
2023,1-Jan,7-May-23,Marathon,41,2:20:42,8442,Workenesh EDESA,11-Sep-92,ETH,1,30.67123288,Praha (CZE),1205,0.35,2023.35
2023,1-Jan,23-Apr-23,Marathon,42,2:20:44,8444,Almaz AYANA,21-Nov-91,ETH,7,31.44109589,London (GBR),1205,0.311111111,2023.311111
2023,1-Jan,20-Jan-23,Marathon,43,2:20:46,8446,Meseret BELETE,16-Sep-99,ETH,1,23.36164384,Doha (QAT),1205,0.052777778,2023.052778
2023,1-Jan,20-Jan-23,Marathon,44,2:20:47,8447,Desi Jisa MOKONIN,12-Jul-97,BRN,2,25.54246575,Doha (QAT),1205,0.052777778,2023.052778
2023,1-Jan,29-Oct-23,Marathon,45,2:20:55,8455,Winfridah Moraa MOSETI,10-Feb-96,KEN,2,27.73424658,Frankfurt (GER),1203,0.827777778,2023.827778
2023,1-Jan,22-Oct-23,Marathon,46,2:21:05,8465,Zinah SENBETA,30-Sep-98,ETH,1,25.07671233,Ljubljana (SLO),1202,0.808333333,2023.808333
2023,1-Jan,12-Feb-23,Marathon,47,2:21:11,8471,Dera DIDA,26-Oct-96,ETH,1,26.31506849,Dubai (UAE),1201,0.113888889,2023.113889
2023,1-Jan,29-Jan-23,Marathon,48,2:21:13,8473,Haven Hailu DESSE,10-Sep-98,ETH,1,24.40273973,Osaka (JPN),1200,0.077777778,2023.077778
2023,1-Jan,12-Feb-23,Marathon,49,2:21:24,8484,Ruti AGA,16-Jan-94,ETH,2,29.09315068,Dubai (UAE),1199,0.113888889,2023.113889
2023,1-Jan,3-Dec-23,Marathon,50,2:21:27,8487,Majida MAAYOUF,27-Apr-89,ESP,4,34.62465753,Valencia (ESP),1198,0.922222222,2023.922222
2023,1-Jan,3-Dec-23,Marathon,50,2:21:27,8487,Sultan HAYDAR,23-Jun-87,TUR,5,36.47123288,Valencia (ESP),1198,0.922222222,2023.922222
2023,1-Jan,26-Nov-23,Marathon,52,2:21:28,8488,Siranesh YIRGA,11-Sep-00,ETH,1,23.22191781,Shanghai (CHN),1198,0.902777778,2023.902778
2023,1-Jan,23-Apr-23,Marathon,53,2:21:31,8491,Tadu TESHOME,9-Jun-01,ETH,8,21.88493151,London (GBR),1198,0.311111111,2023.311111
2023,1-Jan,16-Apr-23,Marathon,54,2:21:35,8495,Dolshi TESFU,17-Jun-99,ERI,2,23.84657534,Rotterdam (NED),1197,0.291666667,2023.291667
2023,1-Jan,5-Mar-23,Marathon,55,2:21:40,8500,Betsy SAINA,30-Jun-88,USA,4,34.70136986,Tokyo (JPN),1196,0.177777778,2023.177778
2023,1-Jan,5-Mar-23,Marathon,56,2:21:44,8504,Mizuki MATSUDA,31-May-95,JPN,5,27.78082192,Tokyo (JPN),1195,0.177777778,2023.177778
2023,1-Jan,8-Oct-23,Marathon,57,2:21:47,8507,Genzebe DIBABA,8-Feb-91,ETH,6,32.68493151,"Chicago, IL (USA)",1195,0.769444444,2023.769444
2023,1-Jan,15-Oct-23,Marathon,58,2:21:51,8511,Ashete BEKERE,17-Apr-88,ETH,4,35.51780822,Amsterdam (NED),1194,0.788888889,2023.788889
2023,1-Jan,12-Mar-23,Marathon,59,2:21:52,8512,Ayuko SUZUKI,8-Oct-91,JPN,2,31.44657534,Nagoya (JPN),1194,0.197222222,2023.197222
2023,1-Jan,19-Feb-23,Marathon,60,2:21:54,8514,Aberu AYANA,17-Sep-00,ETH,2,22.43835616,Sevilla (ESP),1194,0.133333333,2023.133333
2023,1-Jan,26-Nov-23,Marathon,61,2:21:55,8515,Selly Chepyego KAPTICH,3-Oct-85,KEN,2,38.17260274,Shanghai (CHN),1194,0.902777778,2023.902778
2023,1-Jan,29-Oct-23,Marathon,62,2:21:57,8517,Vibian CHEPKURUI,5-Jun-94,KEN,1,29.41917808,Beijing (CHN),1193,0.827777778,2023.827778
2023,1-Jan,12-Feb-23,Marathon,63,2:21:59,8519,Siranesh YIRGA,11-Sep-00,ETH,3,22.43561644,Dubai (UAE),1193,0.113888889,2023.113889
2023,1-Jan,15-Oct-23,Marathon,64,2:22:07,8527,Tiruye MESFIN,11-Sep-02,ETH,5,21.10684932,Amsterdam (NED),1192,0.788888889,2023.788889
2023,1-Jan,29-Oct-23,Marathon,64,2:22:07,8527,Sharon CHELIMO,27-Jul-94,KEN,3,29.27671233,Frankfurt (GER),1192,0.827777778,2023.827778
2023,1-Jan,3-Dec-23,Marathon,64,2:22:07,8527,Fikrte WERETA,21-Sep-00,ETH,1,23.21369863,Shenzhen (CHN),1192,0.922222222,2023.922222
2023,1-Jan,5-Mar-23,Marathon,67,2:22:08,8528,Ai HOSODA,27-Nov-95,JPN,6,27.28767123,Tokyo (JPN),1192,0.177777778,2023.177778
2023,1-Jan,8-Oct-23,Marathon,68,2:22:09,8529,Emily SISSON,12-Oct-91,USA,7,32.0109589,"Chicago, IL (USA)",1191,0.769444444,2023.769444
2023,1-Jan,23-Apr-23,Marathon,69,2:22:10,8530,Tsige HAILESLASE,21-Sep-00,ETH,4,22.6,Hamburg (GER),1191,0.311111111,2023.311111
2023,1-Jan,29-Jan-23,Marathon,70,2:22:12,8532,Sisay Meseret GOLA,30-Dec-97,ETH,2,25.09863014,Osaka (JPN),1191,0.077777778,2023.077778
2023,1-Jan,26-Feb-23,Marathon,71,2:22:16,8536,Helen BEKELE,21-Nov-94,ETH,1,28.28493151,Osaka (JPN),1190,0.152777778,2023.152778
2023,1-Jan,24-Sep-23,Marathon,72,2:22:17,8537,Charlotte PURDUE,10-Jun-91,GBR,9,32.31232877,Berlin (GER),1190,0.730555556,2023.730556
2023,1-Jan,14-Oct-23,Marathon,72,2:22:17,8537,Calli THACKERY,9-Jan-93,GBR,1,30.78082192,"Valley Cottage, NY (USA)",1190,0.786111111,2023.786111
2023,1-Jan,26-Nov-23,Marathon,74,2:22:20,8540,Eunice Chebichii CHUMBA,23-May-93,BRN,3,30.53150685,Shanghai (CHN),1190,0.902777778,2023.902778
2023,1-Jan,26-Nov-23,Marathon,75,2:22:22,8542,Sandrafelis Chebet TUEI,20-Jan-98,KEN,4,25.86575342,Shanghai (CHN),1189,0.902777778,2023.902778
2023,1-Jan,15-Oct-23,Marathon,76,2:22:23,8543,Anchialem HAYMANOT,9-May-01,ETH,6,22.44931507,Amsterdam (NED),1189,0.788888889,2023.788889
2023,1-Jan,20-Jan-23,Marathon,77,2:22:28,8548,Beatrice CHEPTOO,1-Jun-93,KEN,3,29.65753425,Doha (QAT),1188,0.052777778,2023.052778
2023,1-Jan,15-Oct-23,Marathon,78,2:22:29,8549,Sisay Meseret GOLA,30-Dec-97,ETH,7,25.80821918,Amsterdam (NED),1188,0.788888889,2023.788889
2023,1-Jan,3-Dec-23,Marathon,78,2:22:29,8549,Desi Jisa MOKONIN,12-Jul-97,BRN,6,26.4109589,Valencia (ESP),1188,0.922222222,2023.922222
2023,1-Jan,12-Mar-23,Marathon,80,2:22:32,8552,Honami MAEDA,17-Jul-96,JPN,3,26.66849315,Nagoya (JPN),1188,0.197222222,2023.197222
2023,1-Jan,23-Apr-23,Marathon,81,2:22:35,8555,Marion KIBOR,27-Sep-94,KEN,5,28.5890411,Hamburg (GER),1187,0.311111111,2023.311111
2023,1-Jan,19-Mar-23,Marathon,82,2:22:38,8558,Buzunesh GETACHEW,18-Apr-97,ETH,3,25.93424658,Barcelona (ESP),1187,0.216666667,2023.216667
2023,1-Jan,16-Apr-23,Marathon,83,2:22:45,8565,Shyline Jepkorir TOROITICH,20-Oct-94,KEN,1,28.50684932,Enschede (NED),1186,0.291666667,2023.291667
2023,1-Jan,12-Feb-23,Marathon,84,2:22:50,8570,Fikrte WERETA,21-Sep-00,ETH,4,22.40821918,Dubai (UAE),1185,0.113888889,2023.113889
2023,1-Jan,29-Oct-23,Marathon,85,2:22:57,8577,Viola Jelagat KIBIWOT,22-Dec-83,KEN,4,39.87945205,Frankfurt (GER),1184,0.827777778,2023.827778
2023,1-Jan,29-Jan-23,Marathon,86,2:22:59,8579,Yuka ANDO,16-Mar-94,JPN,3,28.89315068,Osaka (JPN),1183,0.077777778,2023.077778
2023,1-Jan,29-Oct-23,Marathon,87,2:23:00,8580,Janet RUGURU,20-May-93,KEN,2,30.4630137,Beijing (CHN),1183,0.827777778,2023.827778
2023,1-Jan,24-Sep-23,Marathon,88,2:23:01,8581,Fikrte WERETA,21-Sep-00,ETH,10,23.02191781,Berlin (GER),1183,0.730555556,2023.730556
2023,1-Jan,19-Mar-23,Marathon,89,2:23:02,8582,Betty CHEPKWONY,26-Apr-95,KEN,1,27.91506849,Roma (ITA),1183,0.216666667,2023.216667
2023,1-Jan,19-Feb-23,Marathon,90,2:23:05,8585,Urge DIRO,16-Jan-94,ETH,3,29.11232877,Sevilla (ESP),1183,0.133333333,2023.133333
2023,1-Jan,26-Feb-23,Marathon,91,2:23:07,8587,Beyenu DEGEFA,12-Jul-99,ETH,2,23.64383562,Osaka (JPN),1182,0.152777778,2023.152778
2023,1-Jan,8-Oct-23,Marathon,91,2:23:07,8587,Molly SEIDEL,12-Jul-94,USA,8,29.26027397,"Chicago, IL (USA)",1182,0.769444444,2023.769444
2023,1-Jan,26-Feb-23,Marathon,93,2:23:08,8588,Momoko WATANABE,13-Jun-98,JPN,3,24.72328767,Osaka (JPN),1182,0.152777778,2023.152778
2023,1-Jan,24-Sep-23,Marathon,93,2:23:08,8588,Hitomi NIIYA,26-Feb-88,JPN,11,35.6,Berlin (GER),1182,0.730555556,2023.730556
2023,1-Jan,3-Dec-23,Marathon,93,2:23:08,8588,Genevieve GREGSON,4-Aug-89,AUS,7,34.35342466,Valencia (ESP),1182,0.922222222,2023.922222
2023,1-Jan,10-Dec-23,Marathon,93,2:23:08,8588,Ruth JEBET,17-Nov-96,BRN,1,27.07945205,Mersin (TUR),1182,0.941666667,2023.941667
2023,1-Jan,15-Oct-23,Marathon,97,2:23:11,8591,Buze DIRIBA,9-Feb-94,ETH,1,29.69863014,Toronto (CAN),1182,0.788888889,2023.788889
2023,1-Jan,15-Oct-23,Marathon,98,2:23:12,8592,Waganesh MEKASHA,16-Jan-92,ETH,2,31.76712329,Toronto (CAN),1181,0.788888889,2023.788889
2023,1-Jan,14-May-23,Marathon,99,2:23:14,8594,Rodah JEPKORIR,25-Apr-91,KEN,1,32.0739726,København (DEN),1181,0.369444444,2023.369444
2023,1-Jan,26-Feb-23,Marathon,100,2:23:15,8595,Lisa WEIGHTMAN,16-Jan-79,AUS,4,44.14246575,Osaka (JPN),1181,0.152777778,2023.152778
2022,1-Jan,9-Oct-22,Marathon,1,2:14:18,8058,Ruth CHEPNGETICH,8-Aug-94,KEN,1,28.1890411,"Chicago, IL (USA)",1268,0.772222222,2022.772222
2022,1-Jan,4-Dec-22,Marathon,2,2:14:58,8098,Amane Beriso SHANKULE,13-Oct-91,ETH,1,31.16438356,Valencia (ESP),1262,0.925,2022.925
2022,1-Jan,25-Sep-22,Marathon,3,2:15:37,8137,Tigst ASSEFA,3-Dec-96,ETH,1,25.82739726,Berlin (GER),1255,0.733333333,2022.733333
2022,1-Jan,6-Mar-22,Marathon,4,2:16:02,8162,Brigid KOSGEI,20-Feb-94,KEN,1,28.05753425,Tokyo (JPN),1251,0.180555556,2022.180556
2022,1-Jan,4-Dec-22,Marathon,5,2:16:49,8209,Letesenbet GIDEY,20-Mar-98,ETH,2,24.7260274,Valencia (ESP),1243,0.925,2022.925
2022,1-Jan,13-Mar-22,Marathon,6,2:17:18,8238,Ruth CHEPNGETICH,8-Aug-94,KEN,1,27.61369863,Nagoya (JPN),1239,0.2,2022.2
2022,1-Jan,16-Oct-22,Marathon,7,2:17:20,8240,Almaz AYANA,21-Nov-91,ETH,1,30.92328767,Amsterdam (NED),1238,0.791666667,2022.791667
2022,1-Jan,24-Apr-22,Marathon,8,2:17:23,8243,Yalemzerf YEHUALAW,3-Aug-99,ETH,1,22.73972603,Hamburg (GER),1238,0.313888889,2022.313889
2022,1-Jan,2-Oct-22,Marathon,9,2:17:26,8246,Yalemzerf YEHUALAW,3-Aug-99,ETH,1,23.18082192,London (GBR),1237,0.752777778,2022.752778
2022,1-Jan,4-Dec-22,Marathon,10,2:17:29,8249,Sheila CHEPKIRUI,27-Dec-90,KEN,3,31.95890411,Valencia (ESP),1237,0.925,2022.925
2022,1-Jan,4-Dec-22,Marathon,11,2:17:36,8256,Tadu TESHOME,9-Jun-01,ETH,4,21.50136986,Valencia (ESP),1236,0.925,2022.925
2022,1-Jan,6-Mar-22,Marathon,12,2:17:58,8278,Ashete BEKERE,17-Apr-88,ETH,2,33.90684932,Tokyo (JPN),1232,0.180555556,2022.180556
2022,1-Jan,25-Sep-22,Marathon,13,2:18:00,8280,Rosemary WANJIRU,9-Dec-94,KEN,2,27.81369863,Berlin (GER),1232,0.733333333,2022.733333
2022,1-Jan,25-Sep-22,Marathon,14,2:18:03,8283,Tigist ABAYECHEW,22-Feb-94,ETH,3,28.60821918,Berlin (GER),1231,0.733333333,2022.733333
2022,1-Jan,17-Apr-22,Marathon,15,2:18:04,8284,Joan Chelimo MELLY,10-Nov-90,ROU,1,31.45479452,Seoul (KOR),1231,0.294444444,2022.294444
2022,1-Jan,16-Oct-22,Marathon,16,2:18:05,8285,Genzebe DIBABA,8-Feb-91,ETH,2,31.70684932,Amsterdam (NED),1231,0.791666667,2022.791667
2022,1-Jan,2-Oct-22,Marathon,17,2:18:07,8287,Joyciline JEPKOSGEI,28-Dec-93,KEN,2,28.78082192,London (GBR),1231,0.752777778,2022.752778
2022,1-Jan,18-Jul-22,Marathon,18,2:18:11,8291,Gotytom GEBRESLASE,15-Jan-95,ETH,1,27.52328767,"Autzen Complex, Eugene, OR (USA)",1230,0.547222222,2022.547222
2022,1-Jan,4-Dec-22,Marathon,18,2:18:11,8291,Fancy CHEMUTAI,20-Mar-95,KEN,5,27.72876712,Valencia (ESP),1230,0.925,2022.925
2022,1-Jan,17-Apr-22,Marathon,20,2:18:12,8292,Sutume Asefa KEBEDE,11-Dec-94,ETH,2,27.36712329,Seoul (KOR),1230,0.294444444,2022.294444
2022,1-Jan,6-Mar-22,Marathon,21,2:18:18,8298,Gotytom GEBRESLASE,15-Jan-95,ETH,3,27.15616438,Tokyo (JPN),1229,0.180555556,2022.180556
2022,1-Jan,18-Jul-22,Marathon,22,2:18:20,8300,Judith Jeptum KORIR,12-Dec-95,KEN,2,26.61643836,"Autzen Complex, Eugene, OR (USA)",1228,0.547222222,2022.547222
2022,1-Jan,9-Oct-22,Marathon,23,2:18:29,8309,Emily SISSON,12-Oct-91,USA,2,31.01369863,"Chicago, IL (USA)",1227,0.772222222,2022.772222
2022,1-Jan,2-Oct-22,Marathon,24,2:18:32,8312,Megertu ALEMU,12-Oct-97,ETH,3,24.9890411,London (GBR),1227,0.752777778,2022.752778
2022,1-Jan,6-Mar-22,Marathon,25,2:18:42,8322,Angela TANUI,27-Jul-92,KEN,4,29.62739726,Tokyo (JPN),1225,0.180555556,2022.180556
2022,1-Jan,2-Oct-22,Marathon,26,2:18:43,8323,Judith Jeptum KORIR,12-Dec-95,KEN,4,26.82465753,London (GBR),1225,0.752777778,2022.752778
2022,1-Jan,13-Mar-22,Marathon,27,2:18:45,8325,Lonah Chemtai SALPETER,12-Dec-88,ISR,2,33.27123288,Nagoya (JPN),1224,0.2,2022.2
2022,1-Jan,4-Dec-22,Marathon,28,2:18:47,8327,Tiruye MESFIN,11-Sep-02,ETH,6,20.24383562,Valencia (ESP),1224,0.925,2022.925
2022,1-Jan,20-Feb-22,Marathon,29,2:18:51,8331,Megertu ALEMU,12-Oct-97,ETH,1,24.37534247,Sevilla (ESP),1223,0.136111111,2022.136111
2022,1-Jan,25-Sep-22,Marathon,29,2:18:51,8331,Workenesh EDESA,11-Sep-92,ETH,4,30.05753425,Berlin (GER),1223,0.733333333,2022.733333
2022,1-Jan,4-Dec-22,Marathon,31,2:18:52,8332,Tigist GIRMA,12-Jul-93,ETH,7,29.41643836,Valencia (ESP),1223,0.925,2022.925
2022,1-Jan,6-Mar-22,Marathon,32,2:19:10,8350,Hiwot GEBREKIDAN,11-May-95,ETH,5,26.83835616,Tokyo (JPN),1220,0.180555556,2022.180556
2022,1-Jan,16-Jan-22,Marathon,33,2:19:12,8352,Keira D'AMATO,21-Oct-84,USA,1,37.2630137,"Houston, TX (USA)",1220,0.041666667,2022.041667
2022,1-Jan,2-Oct-22,Marathon,34,2:19:27,8367,Joan Chelimo MELLY,10-Nov-90,ROU,5,31.91506849,London (GBR),1218,0.752777778,2022.752778
2022,1-Jan,2-Oct-22,Marathon,35,2:19:30,8370,Ashete BEKERE,17-Apr-88,ETH,6,34.48219178,London (GBR),1217,0.752777778,2022.752778
2022,1-Jan,3-Apr-22,Marathon,36,2:19:48,8388,Judith Jeptum KORIR,12-Dec-95,KEN,1,26.3260274,Paris (FRA),1214,0.255555556,2022.255556
2022,1-Jan,17-Apr-22,Marathon,37,2:20:02,8402,Eunice Chebichii CHUMBA,23-May-93,BRN,3,28.92054795,Seoul (KOR),1212,0.294444444,2022.294444
2022,1-Jan,4-Dec-22,Marathon,38,2:20:03,8403,Etagegne WOLDU,10-May-96,ETH,8,26.58630137,Valencia (ESP),1212,0.925,2022.925
2022,1-Jan,17-Apr-22,Marathon,39,2:20:10,8410,Celestine CHEPCHIRCHIR,18-Dec-95,KEN,4,26.34794521,Seoul (KOR),1211,0.294444444,2022.294444
2022,1-Jan,3-Apr-22,Marathon,40,2:20:18,8418,Vivian KIPLAGAT,9-Nov-91,KEN,1,30.41917808,Milano (ITA),1209,0.255555556,2022.255556
2022,1-Jan,18-Jul-22,Marathon,40,2:20:18,8418,Lonah Chemtai SALPETER,12-Dec-88,ISR,3,33.61917808,"Autzen Complex, Eugene, OR (USA)",1209,0.547222222,2022.547222
2022,1-Jan,2-Oct-22,Marathon,42,2:20:22,8422,Mary Wacera NGUGI,17-Dec-88,KEN,7,33.81369863,London (GBR),1209,0.752777778,2022.752778
2022,1-Jan,18-Jul-22,Marathon,43,2:20:29,8429,Nazret WELDU,1-Jan-90,ERI,4,32.56438356,"Autzen Complex, Eugene, OR (USA)",1208,0.547222222,2022.547222
2022,1-Jan,4-Dec-22,Marathon,44,2:20:40,8440,Dolshi TESFU,17-Jun-99,ERI,9,23.48219178,Valencia (ESP),1206,0.925,2022.925
2022,1-Jan,17-Dec-22,Marathon,45,2:20:41,8441,Eunice Chebichii CHUMBA,23-May-93,BRN,1,29.5890411,Abu Dhabi (UAE),1206,0.961111111,2022.961111
2022,1-Jan,2-Oct-22,Marathon,46,2:20:44,8444,Sutume Asefa KEBEDE,11-Dec-94,ETH,8,27.82739726,London (GBR),1205,0.752777778,2022.752778
2022,1-Jan,20-Feb-22,Marathon,47,2:20:50,8450,Sisay Meseret GOLA,30-Dec-97,ETH,2,24.15890411,Sevilla (ESP),1204,0.136111111,2022.136111
2022,1-Jan,30-Jan-22,Marathon,48,2:20:52,8452,Mizuki MATSUDA,31-May-95,JPN,1,26.68767123,Osaka (JPN),1204,0.080555556,2022.080556
2022,1-Jan,9-Oct-22,Marathon,48,2:20:52,8452,Vivian KIPLAGAT,9-Nov-91,KEN,3,30.9369863,"Chicago, IL (USA)",1204,0.772222222,2022.772222
2022,1-Jan,25-Sep-22,Marathon,50,2:20:58,8458,Sisay Meseret GOLA,30-Dec-97,ETH,5,24.75342466,Berlin (GER),1203,0.733333333,2022.733333
2022,1-Jan,24-Apr-22,Marathon,51,2:20:59,8459,Vibian CHEPKURUI,5-Jun-94,KEN,1,27.90410959,Wien (AUT),1203,0.313888889,2022.313889
2022,1-Jan,4-Dec-22,Marathon,52,2:21:01,8461,Majida MAAYOUF,27-Apr-89,MAR,10,33.62739726,Valencia (ESP),1202,0.925,2022.925
2022,1-Jan,6-Mar-22,Marathon,53,2:21:02,8462,Mao ICHIYAMA,29-May-97,JPN,6,24.78630137,Tokyo (JPN),1202,0.180555556,2022.180556
2022,1-Jan,24-Apr-22,Marathon,54,2:21:03,8463,Ruth CHEBITOK,26-Dec-90,KEN,2,31.34794521,Wien (AUT),1202,0.313888889,2022.313889
2022,1-Jan,23-Oct-22,Marathon,55,2:21:08,8468,Siranesh YIRGA,11-Sep-00,ETH,1,22.12876712,Ljubljana (SLO),1201,0.811111111,2022.811111
2022,1-Jan,24-Apr-22,Marathon,56,2:21:10,8470,Maurine CHEPKEMOI,24-May-98,KEN,1,23.93424658,Enschede (NED),1201,0.313888889,2022.313889
2022,1-Jan,17-Dec-22,Marathon,57,2:21:12,8472,Angela TANUI,27-Jul-92,KEN,2,30.4109589,Abu Dhabi (UAE),1201,0.961111111,2022.961111
2022,1-Jan,20-Feb-22,Marathon,58,2:21:17,8477,Yeshi Kalayu CHEKOLE,12-Jul-97,ETH,3,24.62739726,Sevilla (ESP),1200,0.136111111,2022.136111
2022,1-Jan,6-Mar-22,Marathon,58,2:21:17,8477,Hitomi NIIYA,26-Feb-88,JPN,7,34.04657534,Tokyo (JPN),1200,0.180555556,2022.180556
2022,1-Jan,17-Dec-22,Marathon,60,2:21:25,8485,Mare DIBABA,20-Oct-89,ETH,3,33.18082192,Abu Dhabi (UAE),1199,0.961111111,2022.961111
2022,1-Jan,4-Dec-22,Marathon,61,2:21:34,8494,Bruktayit ESHETU,29-Sep-90,ETH,11,32.20273973,Valencia (ESP),1197,0.925,2022.925
2022,1-Jan,4-Dec-22,Marathon,61,2:21:34,8494,Sinead DIVER,17-Feb-77,AUS,12,45.82465753,Valencia (ESP),1197,0.925,2022.925
2022,1-Jan,9-Oct-22,Marathon,63,2:21:41,8501,Ruti AGA,16-Jan-94,ETH,4,28.74794521,"Chicago, IL (USA)",1196,0.772222222,2022.772222
2022,1-Jan,2-Oct-22,Marathon,64,2:21:42,8502,Ai HOSODA,27-Nov-95,JPN,9,26.86575342,London (GBR),1196,0.752777778,2022.752778
2022,1-Jan,25-Sep-22,Marathon,65,2:21:48,8508,Keira D'AMATO,21-Oct-84,USA,6,37.95342466,Berlin (GER),1195,0.733333333,2022.733333
2022,1-Jan,25-Sep-22,Marathon,66,2:21:55,8515,Rika KASEDA,2-Mar-99,JPN,7,23.58356164,Berlin (GER),1194,0.733333333,2022.733333
2022,1-Jan,3-Apr-22,Marathon,67,2:21:56,8516,Nazret WELDU,1-Jan-90,ERI,1,32.2739726,Daegu (KOR),1194,0.255555556,2022.255556
2022,1-Jan,10-Apr-22,Marathon,68,2:22:01,8521,Haven Hailu DESSE,10-Sep-98,ETH,1,23.59726027,Rotterdam (NED),1193,0.275,2022.275
2022,1-Jan,25-Sep-22,Marathon,69,2:22:02,8522,Ayuko SUZUKI,8-Oct-91,JPN,8,30.98630137,Berlin (GER),1193,0.733333333,2022.733333
2022,1-Jan,18-Jul-22,Marathon,70,2:22:10,8530,Sara HALL,15-Apr-83,USA,5,39.28493151,"Autzen Complex, Eugene, OR (USA)",1191,0.547222222,2022.547222
2022,1-Jan,20-Feb-22,Marathon,71,2:22:13,8533,Chimdesa KUMSA,16-Sep-95,ETH,4,26.44931507,Sevilla (ESP),1191,0.136111111,2022.136111
2022,1-Jan,25-Sep-22,Marathon,71,2:22:13,8533,Sayaka SATO,27-May-94,JPN,9,28.35068493,Berlin (GER),1191,0.733333333,2022.733333
2022,1-Jan,18-Jul-22,Marathon,73,2:22:15,8535,Angela TANUI,27-Jul-92,KEN,6,29.99452055,"Autzen Complex, Eugene, OR (USA)",1191,0.547222222,2022.547222
2022,1-Jan,3-Apr-22,Marathon,74,2:22:19,8539,Sintayehu TILAHUN,1999,ETH,2,116.8630137,Milano (ITA),1190,0.255555556,2022.255556
2022,1-Jan,3-Apr-22,Marathon,75,2:22:21,8541,Atalel ANMUT,15-Dec-99,ETH,3,22.31506849,Milano (ITA),1190,0.255555556,2022.255556
2022,1-Jan,25-Sep-22,Marathon,75,2:22:21,8541,Vibian CHEPKURUI,5-Jun-94,KEN,10,28.3260274,Berlin (GER),1190,0.733333333,2022.733333
2022,1-Jan,13-Mar-22,Marathon,77,2:22:22,8542,Yuka ANDO,16-Mar-94,JPN,3,28.0109589,Nagoya (JPN),1189,0.2,2022.2
2022,1-Jan,20-Feb-22,Marathon,78,2:22:27,8547,Jess PIASECKI,18-Apr-90,GBR,5,31.86575342,Sevilla (ESP),1189,0.136111111,2022.136111
2022,1-Jan,20-Feb-22,Marathon,79,2:22:28,8548,Kidsan ALEMA,29-Jul-95,ETH,6,26.58356164,Sevilla (ESP),1188,0.136111111,2022.136111
2022,1-Jan,25-Sep-22,Marathon,79,2:22:28,8548,Gutemi Shone IMANA,17-Nov-91,ETH,11,30.87671233,Berlin (GER),1188,0.733333333,2022.733333
2022,1-Jan,30-Jan-22,Marathon,81,2:22:29,8549,Mao UESUGI,16-Aug-95,JPN,2,26.47671233,Osaka (JPN),1188,0.080555556,2022.080556
2022,1-Jan,23-Oct-22,Marathon,82,2:22:36,8556,Sentayehu LEWETEGN,9-May-96,ETH,2,26.4739726,Ljubljana (SLO),1187,0.811111111,2022.811111
2022,1-Jan,3-Apr-22,Marathon,83,2:22:43,8563,Pamela ROTICH,25-Dec-84,KEN,2,37.29589041,Daegu (KOR),1186,0.255555556,2022.255556
2022,1-Jan,9-Oct-22,Marathon,84,2:22:47,8567,Pascalia JEPKOGEI,19-Nov-01,KEN,1,20.90136986,Eindhoven (NED),1185,0.772222222,2022.772222
2022,1-Jan,17-Dec-22,Marathon,84,2:22:47,8567,Rebecca CHEPTEGEI,22-Feb-91,UGA,4,31.83835616,Abu Dhabi (UAE),1185,0.961111111,2022.961111
2022,1-Jan,10-Apr-22,Marathon,86,2:22:51,8571,Nienke BRINKMAN,28-Oct-93,NED,2,28.46849315,Rotterdam (NED),1185,0.275,2022.275
2022,1-Jan,3-Apr-22,Marathon,87,2:22:52,8572,Fantu JIMMA,11-Sep-87,ETH,2,34.58356164,Paris (FRA),1185,0.255555556,2022.255556
2022,1-Jan,9-Oct-22,Marathon,87,2:22:52,8572,Bere AYALEW,12-Sep-99,ETH,2,23.09041096,Eindhoven (NED),1185,0.772222222,2022.772222
2022,1-Jan,17-Dec-22,Marathon,87,2:22:52,8572,Meseret DINKE,22-Sep-96,ETH,5,26.25205479,Abu Dhabi (UAE),1185,0.961111111,2022.961111
2022,1-Jan,6-Mar-22,Marathon,90,2:22:56,8576,Sara HALL,15-Apr-83,USA,8,38.91780822,Tokyo (JPN),1184,0.180555556,2022.180556
2022,1-Jan,8-May-22,Marathon,90,2:22:56,8576,Bekelech GUDETA,11-Oct-97,ETH,1,24.5890411,Praha (CZE),1184,0.352777778,2022.352778
2022,1-Jan,24-Apr-22,Marathon,92,2:23:01,8581,Sheila JEROTICH,6-Jun-89,KEN,3,32.90410959,Wien (AUT),1183,0.313888889,2022.313889
2022,1-Jan,30-Jan-22,Marathon,93,2:23:05,8585,Natsumi MATSUSHITA,22-Jan-95,JPN,3,27.04109589,Osaka (JPN),1183,0.080555556,2022.080556
2022,1-Jan,27-Nov-22,Marathon,94,2:23:09,8589,Rebbeca Sirwanei TANUI,16-Jun-92,KEN,1,30.46849315,San Sebastián (ESP),1182,0.905555556,2022.905556
2022,1-Jan,30-Jan-22,Marathon,95,2:23:11,8591,Mizuki TANIMOTO,18-Dec-94,JPN,4,27.1369863,Osaka (JPN),1182,0.080555556,2022.080556
2022,1-Jan,8-May-22,Marathon,95,2:23:11,8591,Meseret GEBRE,17-Feb-93,ETH,1,29.23835616,Barcelona (ESP),1182,0.352777778,2022.352778
2022,1-Jan,30-Oct-22,Marathon,95,2:23:11,8591,Selly Chepyego KAPTICH,3-Oct-85,KEN,1,37.09863014,Frankfurt (GER),1182,0.830555556,2022.830556
2022,1-Jan,25-Sep-22,Marathon,98,2:23:12,8592,Natasha WODAK,17-Dec-81,CAN,12,40.8,Berlin (GER),1181,0.733333333,2022.733333
2022,1-Jan,16-Oct-22,Marathon,98,2:23:12,8592,Rose CHELIMO,12-Jul-89,BRN,3,33.28493151,Amsterdam (NED),1181,0.791666667,2022.791667
2022,1-Jan,25-Sep-22,Marathon,100,2:23:14,8594,Meseret BELETE,16-Sep-99,ETH,13,23.04109589,Berlin (GER),1181,0.733333333,2022.733333
2021,1-Jan,3-Oct-21,Marathon,1,2:17:43,8263,Joyciline JEPKOSGEI,28-Dec-93,KEN,1,27.78356164,London (GBR),1235,0.755555556,2021.755556
2021,1-Jan,17-Oct-21,Marathon,2,2:17:57,8277,Angela TANUI,27-Jul-92,KEN,1,29.24383562,Amsterdam (NED),1232,0.794444444,2021.794444
2021,1-Jan,3-Oct-21,Marathon,3,2:17:58,8278,Degitu AZIMERAW,24-Jan-99,ETH,2,22.70684932,London (GBR),1232,0.755555556,2021.755556
2021,1-Jan,3-Oct-21,Marathon,4,2:18:18,8298,Ashete BEKERE,17-Apr-88,ETH,3,33.48493151,London (GBR),1229,0.755555556,2021.755556
2021,1-Jan,3-Oct-21,Marathon,5,2:18:40,8320,Brigid KOSGEI,20-Feb-94,KEN,4,27.63561644,London (GBR),1225,0.755555556,2021.755556
2021,1-Jan,3-Oct-21,Marathon,6,2:18:54,8334,Lonah Chemtai SALPETER,12-Dec-88,ISR,5,32.83013699,London (GBR),1223,0.755555556,2021.755556
2021,1-Jan,5-Dec-21,Marathon,7,2:19:31,8371,Nancy JELAGAT,1986,KEN,1,116.5726027,Valencia (ESP),1217,0.927777778,2021.927778
2021,1-Jan,16-May-21,Marathon,8,2:19:35,8375,Hiwot GEBREKIDAN,11-May-95,ETH,1,26.03287671,Milano (ITA),1216,0.375,2021.375
2021,1-Jan,11-Apr-21,Marathon,9,2:20:08,8408,Angela TANUI,27-Jul-92,KEN,1,28.7260274,Siena (ITA),1211,0.277777778,2021.277778
2021,1-Jan,26-Sep-21,Marathon,10,2:20:09,8409,Gotytom GEBRESLASE,15-Jan-95,ETH,1,26.71506849,Berlin (GER),1211,0.736111111,2021.736111
2021,1-Jan,30-May-21,Marathon,11,2:20:14,8414,Purity Cherotich RIONORIPO,10-Jun-93,KEN,1,27.9890411,Praha (CZE),1210,0.413888889,2021.413889
2021,1-Jan,5-Dec-21,Marathon,12,2:20:16,8416,Etagegne WOLDU,10-May-96,ETH,2,25.5890411,Valencia (ESP),1210,0.927777778,2021.927778
2021,1-Jan,17-Oct-21,Marathon,13,2:20:18,8418,Maurine CHEPKEMOI,24-May-98,KEN,2,23.41643836,Amsterdam (NED),1209,0.794444444,2021.794444
2021,1-Jan,17-Oct-21,Marathon,14,2:20:19,8419,Haven Hailu DESSE,10-Sep-98,ETH,3,23.11780822,Amsterdam (NED),1209,0.794444444,2021.794444
2021,1-Jan,3-Oct-21,Marathon,15,2:20:35,8435,Valary JEMELI,8-Jun-91,KEN,6,30.34246575,London (GBR),1207,0.755555556,2021.755556
2021,1-Jan,31-Jan-21,Marathon,16,2:21:11,8471,Mao ICHIYAMA,29-May-97,JPN,1,23.69315068,Osaka (JPN),1201,0.083333333,2021.083333
2021,1-Jan,17-Oct-21,Marathon,17,2:21:22,8482,Gebeyanesh AYELE,1-May-95,ETH,4,26.48219178,Amsterdam (NED),1199,0.794444444,2021.794444
2021,1-Jan,26-Sep-21,Marathon,18,2:21:23,8483,Hiwot GEBREKIDAN,11-May-95,ETH,2,26.39726027,Berlin (GER),1199,0.736111111,2021.736111
2021,1-Jan,3-Oct-21,Marathon,18,2:21:23,8483,Joan Chelimo MELLY,10-Nov-90,ROU,7,30.91780822,London (GBR),1199,0.755555556,2021.755556
2021,1-Jan,3-Oct-21,Marathon,20,2:21:40,8500,Zeineba YIMER,17-Jun-98,ETH,8,23.31232877,London (GBR),1196,0.755555556,2021.755556
2021,1-Jan,30-May-21,Marathon,21,2:21:46,8506,Gutemi Shone IMANA,17-Nov-91,ETH,2,29.55342466,Praha (CZE),1195,0.413888889,2021.413889
2021,1-Jan,14-Mar-21,Marathon,22,2:21:51,8511,Mizuki MATSUDA,31-May-95,JPN,1,25.80547945,Nagoya (JPN),1194,0.202777778,2021.202778
2021,1-Jan,24-Oct-21,Marathon,23,2:22:08,8528,Stellah Jepngetich BARSOSIO,12-Mar-93,KEN,1,28.63835616,Rotterdam (NED),1192,0.813888889,2021.813889
2021,1-Jan,26-Nov-21,Marathon,24,2:22:30,8550,Judith Jeptum KORIR,12-Dec-95,KEN,1,25.97534247,Abu Dhabi (UAE),1188,0.902777778,2021.902778
2021,1-Jan,10-Oct-21,Marathon,25,2:22:31,8551,Ruth CHEPNGETICH,8-Aug-94,KEN,1,27.19178082,"Chicago, IL (USA)",1188,0.775,2021.775
2021,1-Jan,14-Mar-21,Marathon,26,2:22:37,8557,Lonah Chemtai SALPETER,12-Dec-88,ISR,1,32.2739726,Hula Lake Park (ISR),1187,0.202777778,2021.202778
2021,1-Jan,30-May-21,Marathon,27,2:22:39,8559,Valary JEMELI,8-Jun-91,KEN,3,29.99726027,Praha (CZE),1187,0.413888889,2021.413889
2021,1-Jan,7-Nov-21,Marathon,27,2:22:39,8559,Peres JEPCHIRCHIR,27-Sep-93,KEN,1,28.13150685,"New York, NY (USA)",1187,0.85,2021.85
2021,1-Jan,7-Nov-21,Marathon,29,2:22:44,8564,Violah CHEPTOO,1-Mar-89,KEN,2,32.70958904,"New York, NY (USA)",1186,0.85,2021.85
2021,1-Jan,3-Oct-21,Marathon,30,2:22:45,8565,Tigist GIRMA,12-Jul-93,ETH,9,28.24657534,London (GBR),1186,0.755555556,2021.755556
2021,1-Jan,11-Apr-21,Marathon,31,2:22:46,8566,Purity CHANGWONY,1990,KEN,2,115.909589,Siena (ITA),1186,0.277777778,2021.277778
2021,1-Jan,7-Nov-21,Marathon,32,2:22:52,8572,Ababel YESHANEH,22-Jul-91,ETH,3,30.31780822,"New York, NY (USA)",1185,0.85,2021.85
2021,1-Jan,30-May-21,Marathon,33,2:22:58,8578,Bedatu HIRPA,28-Apr-99,ETH,4,22.10410959,Praha (CZE),1184,0.413888889,2021.413889
2021,1-Jan,5-Dec-21,Marathon,34,2:23:04,8584,Beyenu DEGEFA,12-Jul-99,ETH,3,22.41643836,Valencia (ESP),1183,0.927777778,2021.927778
2021,1-Jan,26-Sep-21,Marathon,35,2:23:05,8585,Helen BEKELE,21-Nov-94,ETH,3,26.86575342,Berlin (GER),1183,0.736111111,2021.736111
2021,1-Jan,16-May-21,Marathon,36,2:23:10,8590,Eunice Chebichii CHUMBA,23-May-93,BRN,2,28,Milano (ITA),1182,0.375,2021.375
2021,1-Jan,5-Dec-21,Marathon,37,2:23:20,8600,Rahma TUSA,14-Sep-93,ETH,4,28.24383562,Valencia (ESP),1180,0.927777778,2021.927778
2021,1-Jan,11-Apr-21,Marathon,38,2:23:23,8603,Gebeyanesh AYELE,1-May-95,ETH,3,25.96438356,Siena (ITA),1180,0.277777778,2021.277778
2021,1-Jan,3-Oct-21,Marathon,39,2:23:26,8606,Charlotte PURDUE,10-Jun-91,GBR,10,30.3369863,London (GBR),1179,0.755555556,2021.755556
2021,1-Jan,31-Jan-21,Marathon,40,2:23:30,8610,Honami MAEDA,17-Jul-96,JPN,2,24.55890411,Osaka (JPN),1179,0.083333333,2021.083333
2021,1-Jan,16-May-21,Marathon,41,2:23:38,8618,Bethelhem MOGES,3-May-91,ETH,3,30.05753425,Milano (ITA),1177,0.375,2021.375
2021,1-Jan,28-Nov-21,Marathon,41,2:23:38,8618,Celestine CHEPCHIRCHIR,18-Dec-95,KEN,1,25.96438356,La Rochelle (FRA),1177,0.908333333,2021.908333
2021,1-Jan,16-May-21,Marathon,43,2:23:45,8625,Risper CHEBET,6-Jun-92,KEN,4,28.96164384,Milano (ITA),1176,0.375,2021.375
2021,1-Jan,11-Apr-21,Marathon,44,2:23:52,8632,Haven Hailu DESSE,10-Sep-98,ETH,4,22.6,Siena (ITA),1175,0.277777778,2021.277778
2021,1-Jan,7-Nov-21,Marathon,45,2:23:53,8633,Tadu TESHOME,9-Jun-01,ETH,1,20.42739726,Barcelona (ESP),1175,0.85,2021.85
2021,1-Jan,5-Dec-21,Marathon,46,2:23:58,8638,Fionnuala MCCORMACK,24-Sep-84,IRL,5,37.22191781,Valencia (ESP),1174,0.927777778,2021.927778
2021,1-Jan,5-Dec-21,Marathon,47,2:24:01,8641,Azmera GEBRU,31-Oct-95,ETH,6,26.11506849,Valencia (ESP),1174,0.927777778,2021.927778
2021,1-Jan,7-Nov-21,Marathon,48,2:24:09,8649,Sisay Meseret GOLA,30-Dec-97,ETH,2,23.87123288,Barcelona (ESP),1172,0.85,2021.85
2021,1-Jan,5-Dec-21,Marathon,49,2:24:13,8653,Adanech ANBESA,23-Jan-98,ETH,7,23.88219178,Valencia (ESP),1172,0.927777778,2021.927778
2021,1-Jan,7-Nov-21,Marathon,50,2:24:15,8655,Sheila JEROTICH,6-Jun-89,KEN,1,32.44383562,Istanbul (TUR),1171,0.85,2021.85
2021,1-Jan,30-May-21,Marathon,51,2:24:16,8656,Betty Wilson LEMPUS,9-Jul-91,KEN,5,29.91232877,Praha (CZE),1171,0.413888889,2021.413889
2021,1-Jan,2-May-21,Marathon,52,2:24:19,8659,Maurine CHEPKEMOI,24-May-98,KEN,1,22.95616438,Genève (SUI),1171,0.336111111,2021.336111
2021,1-Jan,11-Apr-21,Marathon,53,2:24:20,8660,Antonina KWAMBAI,1-Apr-92,KEN,5,29.04657534,Siena (ITA),1171,0.277777778,2021.277778
2021,1-Jan,10-Oct-21,Marathon,53,2:24:20,8660,Emma BATES,8-Jul-92,USA,2,29.27671233,"Chicago, IL (USA)",1171,0.775,2021.775
2021,1-Jan,3-Oct-21,Marathon,55,2:24:21,8661,Birhane DIBABA,11-Sep-93,ETH,11,28.07945205,London (GBR),1170,0.755555556,2021.755556
2021,1-Jan,7-Nov-21,Marathon,55,2:24:21,8661,Jackline CHEPNGENO,16-Jan-93,KEN,2,28.82739726,Istanbul (TUR),1170,0.85,2021.85
2021,1-Jan,2-May-21,Marathon,57,2:24:23,8663,Tigist MEMUYE,26-Oct-94,ETH,2,26.53424658,Genève (SUI),1170,0.336111111,2021.336111
2021,1-Jan,2-May-21,Marathon,58,2:24:24,8664,Lucy KARIMI,6-Oct-86,KEN,3,34.59452055,Genève (SUI),1170,0.336111111,2021.336111
2021,1-Jan,7-Nov-21,Marathon,59,2:24:25,8665,Meseret BELETE,16-Sep-99,ETH,3,22.15890411,Barcelona (ESP),1170,0.85,2021.85
2021,1-Jan,12-Sep-21,Marathon,60,2:24:29,8669,Vibian CHEPKURUI,5-Jun-94,KEN,1,27.29041096,Wien (AUT),1169,0.697222222,2021.697222
2021,1-Jan,14-Mar-21,Marathon,61,2:24:32,8672,Sayaka SATO,27-May-94,JPN,2,26.81643836,Nagoya (JPN),1169,0.202777778,2021.202778
2021,1-Jan,11-Apr-21,Marathon,61,2:24:32,8672,Delvine Relin MERINGOR,1-Aug-92,KEN,6,28.71232877,Siena (ITA),1169,0.277777778,2021.277778
2021,1-Jan,26-Sep-21,Marathon,63,2:24:33,8673,Edith CHELIMO,16-Jul-86,KEN,4,35.22191781,Berlin (GER),1169,0.736111111,2021.736111
2021,1-Jan,3-Oct-21,Marathon,64,2:24:35,8675,Ayantu KUMELA,14-May-96,ETH,1,25.40547945,Košice (SVK),1168,0.755555556,2021.755556
2021,1-Jan,31-Jan-21,Marathon,65,2:24:41,8681,Yukari ABE,29-Nov-91,JPN,3,29.19452055,Osaka (JPN),1167,0.083333333,2021.083333
2021,1-Jan,3-Oct-21,Marathon,66,2:24:42,8682,Maeregu HAYELOM,20-May-99,ETH,2,22.3890411,Košice (SVK),1167,0.755555556,2021.755556
2021,1-Jan,7-Nov-21,Marathon,66,2:24:42,8682,Molly SEIDEL,12-Jul-94,USA,4,27.34246575,"New York, NY (USA)",1167,0.85,2021.85
2021,1-Jan,26-Sep-21,Marathon,68,2:24:43,8683,Shure DEMISE,21-Jan-96,ETH,5,25.69863014,Berlin (GER),1167,0.736111111,2021.736111
2021,1-Jan,7-Nov-21,Marathon,69,2:24:45,8685,Ayantu ABDI,1-Mar-92,ETH,3,29.70684932,Istanbul (TUR),1167,0.85,2021.85
2021,1-Jan,16-May-21,Marathon,70,2:24:50,8690,Yenenesh TILAHUN DINKESA,22-Sep-94,ETH,5,26.66575342,Milano (ITA),1166,0.375,2021.375
2021,1-Jan,12-Dec-21,Marathon,70,2:24:50,8690,Tseginesh MEKONNIN,11-Sep-92,ETH,1,29.27123288,Málaga (ESP),1166,0.947222222,2021.947222
2021,1-Jan,7-Nov-21,Marathon,72,2:24:51,8691,Bekelech GUDETA,11-Oct-97,ETH,4,24.09041096,Barcelona (ESP),1166,0.85,2021.85
2021,1-Jan,31-Jan-21,Marathon,73,2:24:52,8692,Mao UESUGI,16-Aug-95,JPN,4,25.47945205,Osaka (JPN),1165,0.083333333,2021.083333
2021,1-Jan,16-May-21,Marathon,74,2:24:53,8693,Sentayehu LEWETEGN,9-May-96,ETH,6,25.03561644,Milano (ITA),1165,0.375,2021.375
2021,1-Jan,5-Dec-21,Marathon,75,2:24:54,8694,Dorcas Jepchirchir TUITOEK,31-Jan-98,KEN,8,23.86027397,Valencia (ESP),1165,0.927777778,2021.927778
2021,1-Jan,3-Apr-21,Marathon,76,2:24:57,8697,Helen BEKELE,21-Nov-94,ETH,1,26.38356164,Belp (SUI),1165,0.255555556,2021.255556
2021,1-Jan,26-Sep-21,Marathon,77,2:24:58,8698,Fancy CHEMUTAI,20-Mar-95,KEN,6,26.53972603,Berlin (GER),1165,0.736111111,2021.736111
2021,1-Jan,3-Oct-21,Marathon,78,2:25:00,8700,Dinknesh Mekash TEFERA,11-Sep-85,ETH,3,36.08493151,Košice (SVK),1164,0.755555556,2021.755556
2021,1-Jan,12-Dec-21,Marathon,79,2:25:02,8702,Yeneabeba EIGU,12-Sep-99,ETH,2,22.26575342,Málaga (ESP),1164,0.947222222,2021.947222
2021,1-Jan,17-Oct-21,Marathon,80,2:25:07,8707,Bere AYALEW,12-Sep-99,ETH,1,22.11232877,Lisboa (POR),1163,0.794444444,2021.794444
2021,1-Jan,11-Apr-21,Marathon,81,2:25:09,8709,Rahma TUSA,14-Sep-93,ETH,7,27.59178082,Siena (ITA),1163,0.277777778,2021.277778
2021,1-Jan,5-Dec-21,Marathon,82,2:25:12,8712,Meseret DINKE,22-Sep-96,ETH,9,25.21917808,Valencia (ESP),1162,0.927777778,2021.927778
2021,1-Jan,17-Oct-21,Marathon,83,2:25:15,8715,Jessica STENSON,15-Aug-87,AUS,1,34.19726027,Perth (AUS),1162,0.794444444,2021.794444
2021,1-Jan,5-Dec-21,Marathon,84,2:25:20,8720,Giovanna EPIS,11-Oct-88,ITA,10,33.17260274,Valencia (ESP),1161,0.927777778,2021.927778
2021,1-Jan,12-Dec-21,Marathon,84,2:25:20,8720,Beatrice CHEPTOO,1-Jun-93,KEN,3,28.55068493,Málaga (ESP),1161,0.947222222,2021.947222
2021,1-Jan,11-Apr-21,Marathon,86,2:25:25,8725,Bethelhem MOGES,3-May-91,ETH,1,29.96164384,Izmir (TUR),1160,0.277777778,2021.277778
2021,1-Jan,11-Apr-21,Marathon,87,2:25:28,8728,Gerda STEYN,3-Mar-90,RSA,8,31.12876712,Siena (ITA),1160,0.277777778,2021.277778
2021,1-Jan,12-Sep-21,Marathon,88,2:25:31,8731,Meseret DINKE,22-Sep-96,ETH,2,24.9890411,Wien (AUT),1159,0.697222222,2021.697222
2021,1-Jan,28-Nov-21,Marathon,89,2:25:32,8732,Aberash FAYESA,1995,ETH,2,116.5287671,La Rochelle (FRA),1159,0.908333333,2021.908333
2021,1-Jan,5-Dec-21,Marathon,90,2:25:37,8737,Bornes CHEPKIRUI,23-Nov-86,KEN,11,35.05753425,Valencia (ESP),1158,0.927777778,2021.927778
2021,1-Jan,12-Sep-21,Marathon,91,2:25:38,8738,Gelete BURKA,23-Jan-86,ETH,3,35.66027397,Wien (AUT),1158,0.697222222,2021.697222
2021,1-Jan,17-Oct-21,Marathon,92,2:25:44,8744,Lydia Naliaka SIMIYU,24-Apr-96,KEN,1,25.49863014,Cape Town (RSA),1157,0.794444444,2021.794444
2021,1-Jan,17-Oct-21,Marathon,93,2:25:56,8756,Lucy KARIMI,6-Oct-86,KEN,2,35.05479452,Cape Town (RSA),1155,0.794444444,2021.794444
2021,1-Jan,18-Apr-21,Marathon,94,2:25:59,8759,Katharina STEINRUCK,22-Aug-89,GER,1,31.67671233,Enschede (NED),1155,0.297222222,2021.297222
2021,1-Jan,26-Nov-21,Marathon,95,2:26:01,8761,Eunice Chebichii CHUMBA,23-May-93,BRN,2,28.53150685,Abu Dhabi (UAE),1155,0.902777778,2021.902778
2021,1-Jan,18-Apr-21,Marathon,96,2:26:08,8768,Aleksandra LISOWSKA,12-Dec-90,POL,1,30.36986301,Debno (POL),1153,0.297222222,2021.297222
2021,1-Jan,5-Dec-21,Marathon,96,2:26:08,8768,Bojana BJELJAC,10-Apr-89,CRO,12,32.67671233,Valencia (ESP),1153,0.927777778,2021.927778
2021,1-Jan,7-Nov-21,Marathon,98,2:26:09,8769,Helalia JOHANNES,13-Aug-80,NAM,5,41.2630137,"New York, NY (USA)",1153,0.85,2021.85
2021,1-Jan,7-Nov-21,Marathon,99,2:26:10,8770,Kellyn TAYLOR,22-Jul-86,USA,6,35.32054795,"New York, NY (USA)",1153,0.85,2021.85
2021,1-Jan,17-Oct-21,Marathon,100,2:26:11,8771,Tigist MEMUYE,26-Oct-94,ETH,1,26.99452055,Paris (FRA),1153,0.794444444,2021.794444
2020,1-Jan,6-Dec-20,Marathon,1,2:17:16,8236,Peres JEPCHIRCHIR,27-Sep-93,KEN,1,27.2109589,Valencia (ESP),1239,0.930555556,2020.930556
2020,1-Jan,1-Mar-20,Marathon,2,2:17:45,8265,Lonah Chemtai SALPETER,12-Dec-88,ISR,1,31.23835616,Tokyo (JPN),1234,0.166666667,2020.166667
2020,1-Jan,1-Mar-20,Marathon,3,2:18:35,8315,Birhane DIBABA,11-Sep-93,ETH,2,26.48767123,Tokyo (JPN),1226,0.166666667,2020.166667
2020,1-Jan,6-Dec-20,Marathon,4,2:18:40,8320,Joyciline JEPKOSGEI,28-Dec-93,KEN,2,26.95890411,Valencia (ESP),1225,0.930555556,2020.930556
2020,1-Jan,4-Oct-20,Marathon,5,2:18:58,8338,Brigid KOSGEI,20-Feb-94,KEN,1,26.63835616,London (GBR),1222,0.758333333,2020.758333
2020,1-Jan,24-Jan-20,Marathon,6,2:19:38,8378,Worknesh DEGEFA,28-Oct-90,ETH,1,29.26027397,Dubai (UAE),1216,0.063888889,2020.063889
2020,1-Jan,6-Dec-20,Marathon,7,2:19:52,8392,Helalia JOHANNES,13-Aug-80,NAM,3,40.34246575,Valencia (ESP),1214,0.930555556,2020.930556
2020,1-Jan,6-Dec-20,Marathon,8,2:19:54,8394,Zeineba YIMER,17-Jun-98,ETH,4,22.48767123,Valencia (ESP),1213,0.930555556,2020.930556
2020,1-Jan,6-Dec-20,Marathon,9,2:19:56,8396,Degitu AZIMERAW,24-Jan-99,ETH,5,21.88219178,Valencia (ESP),1213,0.930555556,2020.930556
2020,1-Jan,6-Dec-20,Marathon,9,2:19:56,8396,Tigist GIRMA,12-Jul-93,ETH,6,27.42191781,Valencia (ESP),1213,0.930555556,2020.930556
2020,1-Jan,6-Dec-20,Marathon,11,2:20:05,8405,Ruti AGA,16-Jan-94,ETH,7,26.90684932,Valencia (ESP),1211,0.930555556,2020.930556
2020,1-Jan,24-Jan-20,Marathon,12,2:20:11,8411,Gutemi Shone IMANA,17-Nov-91,ETH,2,28.20547945,Dubai (UAE),1210,0.063888889,2020.063889
2020,1-Jan,8-Mar-20,Marathon,13,2:20:29,8429,Mao ICHIYAMA,29-May-97,JPN,1,22.79178082,Nagoya (JPN),1208,0.186111111,2020.186111
2020,1-Jan,1-Mar-20,Marathon,14,2:20:30,8430,Sutume Asefa KEBEDE,11-Dec-94,ETH,3,25.23835616,Tokyo (JPN),1207,0.166666667,2020.166667
2020,1-Jan,20-Dec-20,Marathon,15,2:20:32,8432,Sara HALL,15-Apr-83,USA,1,37.70958904,"Chandler, AZ (USA)",1207,0.969444444,2020.969444
2020,1-Jan,6-Dec-20,Marathon,16,2:20:57,8457,Joan Chelimo MELLY,10-Nov-90,KEN,8,30.09315068,Valencia (ESP),1203,0.930555556,2020.930556
2020,1-Jan,1-Mar-20,Marathon,17,2:21:42,8502,Selly Chepyego KAPTICH,3-Oct-85,KEN,4,34.43287671,Tokyo (JPN),1196,0.166666667,2020.166667
2020,1-Jan,26-Jan-20,Marathon,18,2:21:47,8507,Mizuki MATSUDA,31-May-95,JPN,1,24.6739726,Osaka (JPN),1195,0.069444444,2020.069444
2020,1-Jan,24-Jan-20,Marathon,19,2:21:55,8515,Bedatu HIRPA,28-Apr-99,ETH,3,20.75616438,Dubai (UAE),1194,0.063888889,2020.063889
2020,1-Jan,1-Mar-20,Marathon,20,2:21:56,8516,Tigist GIRMA,12-Jul-93,ETH,5,26.65479452,Tokyo (JPN),1194,0.166666667,2020.166667
2020,1-Jan,4-Oct-20,Marathon,21,2:22:01,8521,Sara HALL,15-Apr-83,USA,2,37.49863014,London (GBR),1193,0.758333333,2020.758333
2020,1-Jan,4-Oct-20,Marathon,22,2:22:05,8525,Ruth CHEPNGETICH,8-Aug-94,KEN,3,26.17534247,London (GBR),1192,0.758333333,2020.758333
2020,1-Jan,8-Nov-20,Marathon,23,2:22:06,8526,Diana Chemtai KIPYOKEI,5-May-94,KEN,1,26.53150685,Istanbul (TUR),1192,0.852777778,2020.852778
2020,1-Jan,26-Jan-20,Marathon,24,2:22:40,8560,Mimi BELETE,9-Jun-88,BRN,2,31.65205479,Osaka (JPN),1187,0.069444444,2020.069444
2020,1-Jan,8-Mar-20,Marathon,25,2:22:41,8561,Yuka ANDO,16-Mar-94,JPN,2,25.99726027,Nagoya (JPN),1186,0.186111111,2020.186111
2020,1-Jan,24-Jan-20,Marathon,26,2:22:45,8565,Tigist ABAYECHEW,22-Feb-94,ETH,4,25.9369863,Dubai (UAE),1186,0.063888889,2020.063889
2020,1-Jan,4-Oct-20,Marathon,27,2:22:51,8571,Ashete BEKERE,17-Apr-88,ETH,4,32.48767123,London (GBR),1185,0.758333333,2020.758333
2020,1-Jan,24-Jan-20,Marathon,28,2:22:52,8572,Dera DIDA,26-Oct-96,ETH,5,23.26027397,Dubai (UAE),1185,0.063888889,2020.063889
2020,1-Jan,8-Mar-20,Marathon,29,2:22:56,8576,Purity Cherotich RIONORIPO,10-Jun-93,KEN,3,26.76164384,Nagoya (JPN),1184,0.186111111,2020.186111
2020,1-Jan,20-Dec-20,Marathon,29,2:22:56,8576,Keira D'AMATO,21-Oct-84,USA,2,36.1890411,"Chandler, AZ (USA)",1184,0.969444444,2020.969444
2020,1-Jan,1-Mar-20,Marathon,31,2:22:58,8578,Azmera GEBRU,31-Oct-95,ETH,6,24.35068493,Tokyo (JPN),1184,0.166666667,2020.166667
2020,1-Jan,26-Jan-20,Marathon,32,2:23:03,8583,Sentayehu LEWETEGN,9-May-96,ETH,3,23.73150685,Osaka (JPN),1183,0.069444444,2020.069444
2020,1-Jan,6-Dec-20,Marathon,33,2:23:07,8587,Birhane DIBABA,11-Sep-93,ETH,9,27.25479452,Valencia (ESP),1182,0.930555556,2020.930556
2020,1-Jan,23-Feb-20,Marathon,34,2:23:13,8593,Juliet CHEKWEL,25-May-90,UGA,1,29.76986301,Sevilla (ESP),1181,0.144444444,2020.144444
2020,1-Jan,8-Mar-20,Marathon,35,2:23:17,8597,Hirut TIBEBU,13-Dec-94,ETH,4,25.25205479,Nagoya (JPN),1181,0.186111111,2020.186111
2020,1-Jan,8-Mar-20,Marathon,36,2:23:27,8607,Sayaka SATO,27-May-94,JPN,5,25.8,Nagoya (JPN),1179,0.186111111,2020.186111
2020,1-Jan,19-Jan-20,Marathon,37,2:23:29,8609,Askale MERACHI,4-Jan-87,ETH,1,33.0630137,"Houston, TX (USA)",1179,0.05,2020.05
2020,1-Jan,26-Jan-20,Marathon,38,2:23:31,8611,Meskerem ASSEFA,3-Oct-91,ETH,4,28.33424658,Osaka (JPN),1178,0.069444444,2020.069444
2020,1-Jan,24-Jan-20,Marathon,39,2:23:36,8616,Hawi FEYSA,1-Feb-99,ETH,6,20.99178082,Dubai (UAE),1178,0.063888889,2020.063889
2020,1-Jan,23-Feb-20,Marathon,40,2:23:39,8619,Bontu BEKELE,11-Sep-89,ETH,2,30.47123288,Sevilla (ESP),1177,0.144444444,2020.144444
2020,1-Jan,23-Feb-20,Marathon,41,2:23:49,8629,Sifan MELAKU,5-Feb-00,ETH,3,20.0630137,Sevilla (ESP),1176,0.144444444,2020.144444
2020,1-Jan,8-Mar-20,Marathon,42,2:23:52,8632,Helen BEKELE,21-Nov-94,ETH,6,25.31232877,Nagoya (JPN),1175,0.186111111,2020.186111
2020,1-Jan,23-Feb-20,Marathon,43,2:24:14,8654,Josephine CHEPKOECH,21-Apr-89,KEN,4,30.8630137,Sevilla (ESP),1172,0.144444444,2020.144444
2020,1-Jan,4-Oct-20,Marathon,44,2:24:23,8663,Megertu ALEMU,12-Oct-97,ETH,5,22.99452055,London (GBR),1170,0.758333333,2020.758333
2020,1-Jan,6-Dec-20,Marathon,45,2:24:27,8667,Fancy CHEMUTAI,20-Mar-95,KEN,10,25.73424658,Valencia (ESP),1169,0.930555556,2020.930556
2020,1-Jan,23-Feb-20,Marathon,46,2:24:30,8670,Purity CHANGWONY,1990,KEN,5,114.7780822,Sevilla (ESP),1169,0.144444444,2020.144444
2020,1-Jan,8-Nov-20,Marathon,46,2:24:30,8670,Hiwot GEBREKIDAN,11-May-95,ETH,2,25.51506849,Istanbul (TUR),1169,0.852777778,2020.852778
2020,1-Jan,19-Jan-20,Marathon,48,2:24:47,8687,Bruktayit ESHETU,29-Sep-90,ETH,2,29.3260274,"Houston, TX (USA)",1166,0.05,2020.05
2020,1-Jan,19-Jan-20,Marathon,49,2:24:50,8690,Malindi ELMORE,13-Mar-80,CAN,3,39.87945205,"Houston, TX (USA)",1166,0.05,2020.05
2020,1-Jan,19-Jan-20,Marathon,50,2:24:51,8691,Amane Beriso SHANKULE,13-Oct-91,ETH,1,28.28767123,Mumbai (IND),1166,0.05,2020.05
2020,1-Jan,19-Jan-20,Marathon,51,2:24:54,8694,Meseret BELETE,16-Sep-99,ETH,4,20.35616438,"Houston, TX (USA)",1165,0.05,2020.05
2020,1-Jan,8-Mar-20,Marathon,52,2:25:08,8708,Birke DEBELE,12-Sep-95,ETH,7,24.50410959,Nagoya (JPN),1163,0.186111111,2020.186111
2020,1-Jan,4-Oct-20,Marathon,53,2:25:13,8713,Molly SEIDEL,12-Jul-94,USA,6,26.24931507,London (GBR),1162,0.758333333,2020.758333
2020,1-Jan,1-Mar-20,Marathon,54,2:25:22,8722,Senbere TEFERI,3-May-95,ETH,7,24.84657534,Tokyo (JPN),1161,0.166666667,2020.166667
2020,1-Jan,20-Dec-20,Marathon,54,2:25:22,8722,Kellyn TAYLOR,22-Jul-86,USA,3,34.43835616,"Chandler, AZ (USA)",1161,0.969444444,2020.969444
2020,1-Jan,20-Dec-20,Marathon,56,2:25:40,8740,Emma BATES,8-Jul-92,USA,4,28.47123288,"Chandler, AZ (USA)",1158,0.969444444,2020.969444
2020,1-Jan,26-Jan-20,Marathon,57,2:26:02,8762,Lisa WEIGHTMAN,16-Jan-79,AUS,5,41.05479452,Osaka (JPN),1154,0.069444444,2020.069444
2020,1-Jan,5-Jan-20,Marathon,58,2:26:12,8772,Medina Deme ARMINO,22-Oct-97,ETH,1,22.21917808,Xiamen (CHN),1153,0.011111111,2020.011111
2020,1-Jan,20-Dec-20,Marathon,59,2:26:19,8779,Natasha WODAK,17-Dec-81,CAN,5,39.03561644,"Chandler, AZ (USA)",1152,0.969444444,2020.969444
2020,1-Jan,26-Jan-20,Marathon,60,2:26:24,8784,Bornes CHEPKIRUI,23-Nov-86,KEN,6,33.19726027,Osaka (JPN),1151,0.069444444,2020.069444
2020,1-Jan,5-Jan-20,Marathon,61,2:26:28,8788,Mesera HUSSEN,4-Apr-00,ETH,2,19.76712329,Xiamen (CHN),1150,0.011111111,2020.011111
2020,1-Jan,8-Mar-20,Marathon,62,2:26:34,8794,Ai HOSODA,27-Nov-95,JPN,8,24.29589041,Nagoya (JPN),1149,0.186111111,2020.186111
2020,1-Jan,20-Dec-20,Marathon,62,2:26:34,8794,Andrea Soraya RAMÍREZ LIMON,5-Nov-92,MEX,6,28.14246575,"Chandler, AZ (USA)",1149,0.969444444,2020.969444
2020,1-Jan,26-Jan-20,Marathon,64,2:26:35,8795,Haruka YAMAGUCHI,7-Jul-87,JPN,7,32.57808219,Osaka (JPN),1149,0.069444444,2020.069444
2020,1-Jan,29-Nov-20,Marathon,65,2:26:39,8799,Zhixuan LI,23-Mar-94,CHN,1,26.70684932,Shanghai (CHN),1149,0.911111111,2020.911111
2020,1-Jan,5-Jan-20,Marathon,66,2:26:42,8802,Afera GODFAY,25-Sep-91,ETH,3,28.29863014,Xiamen (CHN),1148,0.011111111,2020.011111
2020,1-Jan,6-Dec-20,Marathon,66,2:26:42,8802,Carolina WIKSTRÖM,4-Sep-93,SWE,11,27.2739726,Valencia (ESP),1148,0.930555556,2020.930556
2020,1-Jan,4-Oct-20,Marathon,68,2:26:51,8811,Gerda STEYN,3-Mar-90,RSA,7,30.6109589,London (GBR),1147,0.758333333,2020.758333
2020,1-Jan,5-Jan-20,Marathon,69,2:26:54,8814,Hiwot AYALEW,6-Mar-90,ETH,4,29.85479452,Xiamen (CHN),1146,0.011111111,2020.011111
2020,1-Jan,6-Dec-20,Marathon,70,2:26:55,8815,Deborah SCHÖNEBORN,13-Mar-94,GER,12,26.75342466,Valencia (ESP),1146,0.930555556,2020.930556
2020,1-Jan,24-Jan-20,Marathon,71,2:26:59,8819,Bizunesh DEBA,8-Sep-87,ETH,7,32.4,Dubai (UAE),1145,0.063888889,2020.063889
2020,1-Jan,29-Nov-20,Marathon,71,2:26:59,8819,Dan LI,1-May-95,CHN,1,25.6,Nanjing (CHN),1145,0.911111111,2020.911111
2020,1-Jan,5-Jan-20,Marathon,73,2:27:03,8823,Yebrgual MELESE,18-Apr-90,ETH,5,29.7369863,Xiamen (CHN),1145,0.011111111,2020.011111
2020,1-Jan,23-Feb-20,Marathon,74,2:27:07,8827,Gladys TEJEDA,30-Sep-85,PER,6,34.42191781,Sevilla (ESP),1144,0.144444444,2020.144444
2020,1-Jan,4-Oct-20,Marathon,74,2:27:07,8827,Sinead DIVER,17-Feb-77,AUS,8,43.65753425,London (GBR),1144,0.758333333,2020.758333
2020,1-Jan,6-Dec-20,Marathon,76,2:27:08,8828,Marta GALIMANY,5-Oct-85,ESP,13,35.19452055,Valencia (ESP),1144,0.930555556,2020.930556
2020,1-Jan,6-Dec-20,Marathon,76,2:27:08,8828,Sardana TROFIMOVA,28-Mar-88,RUS,1,32.71506849,Sochi (RUS),1144,0.930555556,2020.930556
2020,1-Jan,19-Jan-20,Marathon,78,2:27:14,8834,Rodah JEPKORIR,25-Apr-91,KEN,2,28.75616438,Mumbai (IND),1143,0.05,2020.05
2020,1-Jan,26-Jan-20,Marathon,79,2:27:18,8838,Fatuma SADO,11-Oct-91,ETH,8,28.31232877,Osaka (JPN),1142,0.069444444,2020.069444
2020,1-Jan,5-Jan-20,Marathon,80,2:27:20,8840,Birhan MHRETU,13-Mar-99,ETH,6,20.83013699,Xiamen (CHN),1142,0.011111111,2020.011111
2020,1-Jan,5-Jan-20,Marathon,81,2:27:22,8842,Tsehay Gebre GETISO,11-Sep-92,ETH,7,27.33424658,Xiamen (CHN),1142,0.011111111,2020.011111
2020,1-Jan,29-Feb-20,Marathon,82,2:27:23,8843,Aliphine Chepkerker TULIAMUK,5-Apr-89,USA,1,30.92328767,"Atlanta, GA (USA)",1142,0.161111111,2020.161111
2020,1-Jan,4-Oct-20,Marathon,83,2:27:29,8849,Darya MYKHAYLOVA,29-Apr-89,UKR,9,31.45479452,London (GBR),1141,0.758333333,2020.758333
2020,1-Jan,29-Feb-20,Marathon,84,2:27:31,8851,Molly SEIDEL,12-Jul-94,USA,2,25.65205479,"Atlanta, GA (USA)",1140,0.161111111,2020.161111
2020,1-Jan,1-Mar-20,Marathon,85,2:27:34,8854,Shitaye ESHETE,21-May-90,BRN,8,29.8,Tokyo (JPN),1140,0.166666667,2020.166667
2020,1-Jan,16-Feb-20,Marathon,86,2:27:39,8859,Webalem BAZANEW,15-Sep-89,ETH,1,30.44109589,Castellón (ESP),1139,0.125,2020.125
2020,1-Jan,5-Jan-20,Marathon,87,2:27:41,8861,Zinash DEBEBE,12-Oct-96,ETH,8,23.24657534,Xiamen (CHN),1139,0.011111111,2020.011111
2020,1-Jan,1-Mar-20,Marathon,88,2:27:42,8862,Shure DEMISE,21-Jan-96,ETH,9,24.1260274,Tokyo (JPN),1139,0.166666667,2020.166667
2020,1-Jan,26-Jan-20,Marathon,89,2:27:50,8870,Haftamnesh TESFAYE,28-Apr-94,ETH,9,25.76438356,Osaka (JPN),1137,0.069444444,2020.069444
2020,1-Jan,23-Feb-20,Marathon,89,2:27:50,8870,Beji BEKELU,21-Aug-99,ETH,7,20.52328767,Sevilla (ESP),1137,0.144444444,2020.144444
2020,1-Jan,26-Jan-20,Marathon,91,2:27:51,8871,Hanae TANAKA,12-Feb-90,JPN,10,29.97260274,Osaka (JPN),1137,0.069444444,2020.069444
2020,1-Jan,26-Jan-20,Marathon,92,2:27:54,8874,Ayaka INOUE,19-Jun-91,JPN,11,28.62465753,Osaka (JPN),1137,0.069444444,2020.069444
2020,1-Jan,26-Jan-20,Marathon,93,2:27:56,8876,Hawi Alemu NEGARI,24-Jan-98,ETH,1,22.01917808,Marrakech (MAR),1137,0.069444444,2020.069444
2020,1-Jan,16-Feb-20,Marathon,94,2:27:57,8877,Naom JEBET,5-Apr-94,KEN,2,25.88493151,Castellón (ESP),1136,0.125,2020.125
2020,1-Jan,20-Sep-20,Marathon,95,2:28:02,8882,Sardana TROFIMOVA,28-Mar-88,RUS,1,32.50410959,Moskva (RUS),1136,0.719444444,2020.719444
2020,1-Jan,26-Jan-20,Marathon,96,2:28:03,8883,Munkhzaya BAYARTSOGT,10-Oct-93,MGL,12,26.31232877,Osaka (JPN),1135,0.069444444,2020.069444
2020,1-Jan,13-Dec-20,Marathon,96,2:28:03,8883,Giovanna EPIS,11-Oct-88,ITA,1,32.19452055,Reggio Emilia (ITA),1135,0.95,2020.95
2020,1-Jan,23-Feb-20,Marathon,98,2:28:05,8885,Melkam GIZAW,17-Sep-90,ETH,8,29.45479452,Sevilla (ESP),1135,0.144444444,2020.144444
2020,1-Jan,26-Jan-20,Marathon,99,2:28:07,8887,Souad KABOUCHIA,12-Aug-82,MAR,2,37.48219178,Marrakech (MAR),1135,0.069444444,2020.069444
2020,1-Jan,26-Jan-20,Marathon,100,2:28:12,8892,Rei OHARA,10-Aug-90,JPN,13,29.48219178,Osaka (JPN),1134,0.069444444,2020.069444
2019,1-Jan,13-Oct-19,Marathon,1,2:14:04,8044,Brigid KOSGEI,20-Feb-94,KEN,1,25.66027397,"Chicago, IL (USA)",1270,0.783333333,2019.783333
2019,1-Jan,25-Jan-19,Marathon,2,2:17:08,8228,Ruth CHEPNGETICH,8-Aug-94,KEN,1,24.48219178,Dubai (UAE),1240,0.066666667,2019.066667
2019,1-Jan,25-Jan-19,Marathon,3,2:17:41,8261,Worknesh DEGEFA,28-Oct-90,ETH,2,28.2630137,Dubai (UAE),1235,0.066666667,2019.066667
2019,1-Jan,28-Apr-19,Marathon,4,2:18:20,8300,Brigid KOSGEI,20-Feb-94,KEN,1,25.2,London (GBR),1228,0.325,2019.325
2019,1-Jan,1-Dec-19,Marathon,5,2:18:30,8310,Roza DEREJE,9-May-97,ETH,1,22.57808219,Valencia (ESP),1227,0.916666667,2019.916667
2019,1-Jan,1-Dec-19,Marathon,6,2:18:33,8313,Azmera ABREHA,31-Jan-98,ETH,2,21.84657534,Valencia (ESP),1226,0.916666667,2019.916667
2019,1-Jan,1-Dec-19,Marathon,7,2:18:46,8326,Birhane DIBABA,11-Sep-93,ETH,3,26.23835616,Valencia (ESP),1224,0.916666667,2019.916667
2019,1-Jan,1-Dec-19,Marathon,8,2:18:52,8332,Vivian Jepkemei CHERUIYOT,11-Sep-83,KEN,4,36.24657534,Valencia (ESP),1223,0.916666667,2019.916667
2019,1-Jan,27-Oct-19,Marathon,9,2:19:10,8350,Valary JEMELI,8-Jun-91,KEN,1,28.40547945,Frankfurt (GER),1220,0.822222222,2019.822222
2019,1-Jan,20-Oct-19,Marathon,10,2:19:26,8366,Degitu AZIMERAW,24-Jan-99,ETH,1,20.75068493,Amsterdam (NED),1218,0.802777778,2019.802778
2019,1-Jan,1-Dec-19,Marathon,11,2:19:28,8368,Zeineba YIMER,17-Jun-98,ETH,5,21.47123288,Valencia (ESP),1217,0.916666667,2019.916667
2019,1-Jan,5-May-19,Marathon,12,2:19:46,8386,Lonah Chemtai SALPETER,12-Dec-88,ISR,1,30.41369863,Praha (CZE),1215,0.344444444,2019.344444
2019,1-Jan,20-Oct-19,Marathon,13,2:19:52,8392,Tigist GIRMA,12-Jul-93,ETH,2,26.29041096,Amsterdam (NED),1214,0.802777778,2019.802778
2019,1-Jan,28-Apr-19,Marathon,14,2:20:14,8414,Vivian Jepkemei CHERUIYOT,11-Sep-83,KEN,2,35.65205479,London (GBR),1210,0.325,2019.325
2019,1-Jan,29-Sep-19,Marathon,14,2:20:14,8414,Ashete BEKERE,17-Apr-88,ETH,1,31.47123288,Berlin (GER),1210,0.744444444,2019.744444
2019,1-Jan,29-Sep-19,Marathon,16,2:20:21,8421,Mare DIBABA,20-Oct-89,ETH,2,29.96164384,Berlin (GER),1209,0.744444444,2019.744444
2019,1-Jan,1-Dec-19,Marathon,17,2:20:24,8424,Workenesh EDESA,11-Sep-92,ETH,6,27.23835616,Valencia (ESP),1208,0.916666667,2019.916667
2019,1-Jan,1-Dec-19,Marathon,18,2:20:39,8439,Purity Cherotich RIONORIPO,10-Jun-93,KEN,7,26.49315068,Valencia (ESP),1206,0.916666667,2019.916667
2019,1-Jan,3-Mar-19,Marathon,19,2:20:40,8440,Ruti AGA,16-Jan-94,ETH,1,25.14246575,Tokyo (JPN),1206,0.172222222,2019.172222
2019,1-Jan,20-Oct-19,Marathon,20,2:20:48,8448,Azmera GEBRU,31-Oct-95,ETH,3,23.98630137,Amsterdam (NED),1205,0.802777778,2019.802778
2019,1-Jan,28-Apr-19,Marathon,21,2:20:51,8451,Roza DEREJE,9-May-97,ETH,3,21.98356164,London (GBR),1204,0.325,2019.325
2019,1-Jan,13-Oct-19,Marathon,21,2:20:51,8451,Ababel YESHANEH,22-Jul-91,ETH,2,28.24657534,"Chicago, IL (USA)",1204,0.783333333,2019.783333
2019,1-Jan,28-Apr-19,Marathon,23,2:20:52,8452,Gladys CHERONO,12-May-83,KEN,4,35.98630137,London (GBR),1204,0.325,2019.325
2019,1-Jan,13-Oct-19,Marathon,24,2:20:55,8455,Gelete BURKA,23-Jan-86,ETH,3,33.74246575,"Chicago, IL (USA)",1203,0.783333333,2019.783333
2019,1-Jan,28-Apr-19,Marathon,25,2:20:58,8458,Mary Jepkosgei KEITANY,18-Jan-82,KEN,5,37.29863014,London (GBR),1203,0.325,2019.325
2019,1-Jan,3-Mar-19,Marathon,26,2:21:01,8461,Helen BEKELE,21-Nov-94,ETH,2,24.29589041,Tokyo (JPN),1202,0.172222222,2019.172222
2019,1-Jan,20-Oct-19,Marathon,27,2:21:03,8463,Besu SADO,12-Jan-96,ETH,4,23.78630137,Amsterdam (NED),1202,0.802777778,2019.802778
2019,1-Jan,25-Jan-19,Marathon,28,2:21:05,8465,Workenesh EDESA,11-Sep-92,ETH,3,26.3890411,Dubai (UAE),1202,0.066666667,2019.066667
2019,1-Jan,3-Mar-19,Marathon,28,2:21:05,8465,Shure DEMISE,21-Jan-96,ETH,3,23.12876712,Tokyo (JPN),1202,0.172222222,2019.172222
2019,1-Jan,29-Sep-19,Marathon,30,2:21:06,8466,Selly Chepyego KAPTICH,3-Oct-85,KEN,3,34.0109589,Berlin (GER),1202,0.744444444,2019.744444
2019,1-Jan,27-Oct-19,Marathon,31,2:21:10,8470,Megertu ALEMU,12-Oct-97,ETH,2,22.05479452,Frankfurt (GER),1201,0.822222222,2019.822222
2019,1-Jan,6-Dec-19,Marathon,32,2:21:11,8471,Vivian KIPLAGAT,9-Nov-91,KEN,1,28.09315068,Abu Dhabi (UAE),1201,0.930555556,2019.930556
2019,1-Jan,20-Oct-19,Marathon,33,2:21:22,8482,Mimi BELETE,9-Jun-88,BRN,5,31.38356164,Amsterdam (NED),1199,0.802777778,2019.802778
2019,1-Jan,27-Oct-19,Marathon,34,2:21:26,8486,Bornes CHEPKIRUI,23-Nov-86,KEN,1,32.94794521,Ljubljana (SLO),1198,0.822222222,2019.822222
2019,1-Jan,27-Oct-19,Marathon,35,2:21:33,8493,Shitaye ESHETE,21-May-90,BRN,2,29.45479452,Ljubljana (SLO),1197,0.822222222,2019.822222
2019,1-Jan,29-Sep-19,Marathon,36,2:21:36,8496,Helen BEKELE,21-Nov-94,ETH,4,24.87123288,Berlin (GER),1197,0.744444444,2019.744444
2019,1-Jan,3-Mar-19,Marathon,37,2:21:50,8510,Florence KIPLAGAT,27-Feb-87,KEN,4,32.03287671,Tokyo (JPN),1195,0.172222222,2019.172222
2019,1-Jan,27-Oct-19,Marathon,38,2:22:07,8527,Diana Chemtai KIPYOKEI,5-May-94,KEN,3,25.49589041,Ljubljana (SLO),1192,0.822222222,2019.822222
2019,1-Jan,27-Oct-19,Marathon,39,2:22:11,8531,Meskerem ASSEFA,3-Oct-91,ETH,3,28.08493151,Frankfurt (GER),1191,0.822222222,2019.822222
2019,1-Jan,7-Apr-19,Marathon,40,2:22:12,8532,Nancy Jepkosgei KIPROP,7-Jul-79,KEN,1,39.77808219,Wien (AUT),1191,0.266666667,2019.266667
2019,1-Jan,29-Sep-19,Marathon,41,2:22:16,8536,Sara HALL,15-Apr-83,USA,5,36.48219178,Berlin (GER),1190,0.744444444,2019.744444
2019,1-Jan,20-Oct-19,Marathon,41,2:22:16,8536,Magdalyne MASAI,21-Nov-93,KEN,1,25.92876712,Toronto (CAN),1190,0.802777778,2019.802778
2019,1-Jan,10-Mar-19,Marathon,43,2:22:25,8545,Helalia JOHANNES,13-Aug-80,NAM,1,38.59726027,Nagoya (JPN),1189,0.191666667,2019.191667
2019,1-Jan,7-Apr-19,Marathon,43,2:22:25,8545,Vivian KIPLAGAT,9-Nov-91,KEN,1,27.42739726,Milano (ITA),1189,0.266666667,2019.266667
2019,1-Jan,3-Nov-19,Marathon,45,2:22:38,8558,Joyciline JEPKOSGEI,28-Dec-93,KEN,1,25.86575342,"New York, NY (USA)",1187,0.838888889,2019.838889
2019,1-Jan,5-May-19,Marathon,46,2:22:39,8559,Shitaye ESHETE,21-May-90,BRN,2,28.97534247,Praha (CZE),1187,0.344444444,2019.344444
2019,1-Jan,20-Oct-19,Marathon,47,2:22:40,8560,Bruktayit ESHETU,29-Sep-90,ETH,2,29.07671233,Toronto (CAN),1187,0.802777778,2019.802778
2019,1-Jan,20-Apr-19,Marathon,48,2:22:41,8561,Afera GODFAY,25-Sep-91,ETH,1,27.58630137,Dongying (CHN),1186,0.302777778,2019.302778
2019,1-Jan,20-Oct-19,Marathon,49,2:22:43,8563,Betsy SAINA,30-Jun-88,KEN,3,31.3260274,Toronto (CAN),1186,0.802777778,2019.802778
2019,1-Jan,25-Jan-19,Marathon,50,2:22:45,8565,Waganesh MEKASHA,16-Jan-92,ETH,4,27.04383562,Dubai (UAE),1186,0.066666667,2019.066667
2019,1-Jan,14-Apr-19,Marathon,51,2:22:47,8567,Gelete BURKA,23-Jan-86,ETH,1,33.24383562,Paris (FRA),1185,0.286111111,2019.286111
2019,1-Jan,7-Apr-19,Marathon,52,2:22:52,8572,Megertu ALEMU,12-Oct-97,ETH,1,21.49863014,Roma (ITA),1185,0.266666667,2019.266667
2019,1-Jan,14-Apr-19,Marathon,52,2:22:52,8572,Azmera GEBRU,31-Oct-95,ETH,2,23.46849315,Paris (FRA),1185,0.286111111,2019.286111
2019,1-Jan,1-Dec-19,Marathon,54,2:22:53,8573,Tadelech BEKELE,11-Apr-91,ETH,8,28.66027397,Valencia (ESP),1184,0.916666667,2019.916667
2019,1-Jan,7-Apr-19,Marathon,55,2:22:55,8575,Ashete BEKERE,17-Apr-88,ETH,1,30.99178082,Rotterdam (NED),1184,0.266666667,2019.266667
2019,1-Jan,10-Mar-19,Marathon,56,2:22:58,8578,Visiline JEPKESHO,30-Dec-89,KEN,2,29.2109589,Nagoya (JPN),1184,0.191666667,2019.191667
2019,1-Jan,10-Mar-19,Marathon,57,2:23:01,8581,Valary JEMELI,8-Jun-91,KEN,3,27.77260274,Nagoya (JPN),1183,0.191666667,2019.191667
2019,1-Jan,28-Apr-19,Marathon,58,2:23:08,8588,Emily SISSON,12-Oct-91,USA,6,27.56164384,London (GBR),1182,0.325,2019.325
2019,1-Jan,27-Oct-19,Marathon,59,2:23:11,8591,Lonah Chemtai SALPETER,12-Dec-88,ISR,4,30.89315068,Frankfurt (GER),1182,0.822222222,2019.822222
2019,1-Jan,27-Oct-19,Marathon,60,2:23:14,8594,Kuftu TAHIR,13-Oct-95,ETH,4,24.05479452,Ljubljana (SLO),1181,0.822222222,2019.822222
2019,1-Jan,20-Apr-19,Marathon,61,2:23:19,8599,Waganesh MEKASHA,16-Jan-92,ETH,2,27.27671233,Dongying (CHN),1180,0.302777778,2019.302778
2019,1-Jan,20-Oct-19,Marathon,61,2:23:19,8599,Birke DEBELE,12-Sep-95,ETH,4,24.12054795,Toronto (CAN),1180,0.802777778,2019.802778
2019,1-Jan,17-Nov-19,Marathon,61,2:23:19,8599,Yebrgual MELESE,18-Apr-90,ETH,1,29.60273973,Shanghai (CHN),1180,0.877777778,2019.877778
2019,1-Jan,20-Jan-19,Marathon,64,2:23:28,8608,Bruktayit ESHETU,29-Sep-90,ETH,1,28.32876712,"Houston, TX (USA)",1179,0.052777778,2019.052778
2019,1-Jan,20-Oct-19,Marathon,65,2:23:30,8610,Racheal MUTGAA,12-Dec-88,KEN,5,30.8739726,Toronto (CAN),1179,0.802777778,2019.802778
2019,1-Jan,3-Nov-19,Marathon,66,2:23:31,8611,Sutume Asefa KEBEDE,11-Dec-94,ETH,1,24.91232877,Beijing (CHN),1178,0.838888889,2019.838889
2019,1-Jan,3-Nov-19,Marathon,67,2:23:32,8612,Mary Jepkosgei KEITANY,18-Jan-82,KEN,2,37.81643836,"New York, NY (USA)",1178,0.838888889,2019.838889
2019,1-Jan,10-Mar-19,Marathon,68,2:23:33,8613,Meseret DEFAR,19-Nov-83,ETH,4,35.32876712,Nagoya (JPN),1178,0.191666667,2019.191667
2019,1-Jan,14-Apr-19,Marathon,69,2:23:35,8615,Azmera ABREHA,31-Jan-98,ETH,3,21.21369863,Paris (FRA),1178,0.286111111,2019.286111
2019,1-Jan,7-Apr-19,Marathon,70,2:23:36,8616,Stellah Jepngetich BARSOSIO,12-Mar-93,KEN,2,26.08767123,Rotterdam (NED),1178,0.266666667,2019.266667
2019,1-Jan,3-Nov-19,Marathon,71,2:23:40,8620,Hirut TIBEBU,13-Dec-94,ETH,1,24.90684932,Istanbul (TUR),1177,0.838888889,2019.838889
2019,1-Jan,3-Mar-19,Marathon,72,2:23:43,8623,Bedatu HIRPA,28-Apr-99,ETH,5,19.86027397,Tokyo (JPN),1176,0.172222222,2019.172222
2019,1-Jan,17-Mar-19,Marathon,73,2:23:44,8624,Desi Jisa MOKONIN,12-Jul-97,BRN,1,21.69315068,Seoul (KOR),1176,0.211111111,2019.211111
2019,1-Jan,8-Dec-19,Marathon,74,2:23:50,8630,Hiwot GEBREKIDAN,11-May-95,ETH,1,24.59452055,Guangzhou (CHN),1175,0.936111111,2019.936111
2019,1-Jan,8-Dec-19,Marathon,74,2:23:50,8630,Peres JEPCHIRCHIR,27-Sep-93,KEN,1,26.21369863,Saitama (JPN),1175,0.936111111,2019.936111
2019,1-Jan,10-Mar-19,Marathon,76,2:23:52,8632,Reia IWADE,8-Dec-94,JPN,5,24.26849315,Nagoya (JPN),1175,0.191666667,2019.191667
2019,1-Jan,14-Apr-19,Marathon,77,2:23:53,8633,Selly Chepyego KAPTICH,3-Oct-85,KEN,4,33.55068493,Paris (FRA),1175,0.286111111,2019.286111
2019,1-Jan,29-Sep-19,Marathon,78,2:23:57,8637,Melat Yisak KEJETA,27-Sep-92,GER,6,27.02191781,Berlin (GER),1174,0.744444444,2019.744444
2019,1-Jan,10-Mar-19,Marathon,79,2:23:59,8639,Monica JEPKOECH,1-Jan-83,KEN,6,36.2109589,Nagoya (JPN),1174,0.191666667,2019.191667
2019,1-Jan,10-Mar-19,Marathon,80,2:24:00,8640,Sara DOSSENA,22-Nov-84,ITA,7,34.31780822,Nagoya (JPN),1174,0.191666667,2019.191667
2019,1-Jan,3-Mar-19,Marathon,81,2:24:02,8642,Ababel YESHANEH,22-Jul-91,ETH,6,27.63287671,Tokyo (JPN),1173,0.172222222,2019.172222
2019,1-Jan,6-Dec-19,Marathon,82,2:24:03,8643,Wude AYALEW,4-Jul-87,ETH,2,32.44657534,Abu Dhabi (UAE),1173,0.930555556,2019.930556
2019,1-Jan,17-Mar-19,Marathon,83,2:24:05,8645,Hirut TIBEBU,13-Dec-94,ETH,2,24.2739726,Seoul (KOR),1173,0.211111111,2019.211111
2019,1-Jan,10-Mar-19,Marathon,84,2:24:09,8649,Kayoko FUKUSHI,25-Mar-82,JPN,8,36.98356164,Nagoya (JPN),1172,0.191666667,2019.191667
2019,1-Jan,28-Apr-19,Marathon,85,2:24:11,8651,Sinead DIVER,17-Feb-77,AUS,7,42.21917808,London (GBR),1172,0.325,2019.325
2019,1-Jan,20-Oct-19,Marathon,86,2:24:13,8653,Ruth CHEBITOK,26-Dec-90,KEN,6,28.83561644,Toronto (CAN),1172,0.802777778,2019.802778
2019,1-Jan,3-Nov-19,Marathon,87,2:24:15,8655,Tigist ABAYECHEW,22-Feb-94,ETH,2,25.71232877,Istanbul (TUR),1171,0.838888889,2019.838889
2019,1-Jan,3-Nov-19,Marathon,88,2:24:16,8656,Maurine CHEPKEMOI,24-May-98,KEN,3,21.46027397,Istanbul (TUR),1171,0.838888889,2019.838889
2019,1-Jan,1-Dec-19,Marathon,88,2:24:16,8656,Prisca JEPTOO,24-Jun-84,KEN,9,35.46027397,Valencia (ESP),1171,0.916666667,2019.916667
2019,1-Jan,10-Mar-19,Marathon,90,2:24:19,8659,Miyuki UEHARA,22-Nov-95,JPN,9,23.31232877,Nagoya (JPN),1171,0.191666667,2019.191667
2019,1-Jan,29-Sep-19,Marathon,91,2:24:21,8661,Marta MEGRA,30-Dec-90,ETH,1,28.76712329,Hengshui (CHN),1170,0.744444444,2019.744444
2019,1-Jan,17-Feb-19,Marathon,92,2:24:28,8668,Gutemi Shone IMANA,17-Nov-91,ETH,1,27.27123288,Sevilla (ESP),1169,0.127777778,2019.127778
2019,1-Jan,20-Oct-19,Marathon,92,2:24:28,8668,Shuko GENEMO,13-Sep-95,ETH,7,24.11780822,Toronto (CAN),1169,0.802777778,2019.802778
2019,1-Jan,6-Dec-19,Marathon,92,2:24:28,8668,Yeshi Kalayu CHEKOLE,12-Jul-97,ETH,3,22.41643836,Abu Dhabi (UAE),1169,0.930555556,2019.930556
2019,1-Jan,31-Mar-19,Marathon,95,2:24:30,8670,Aberu Mekuria ZENNEBE,24-Dec-83,ETH,1,35.29041096,Chongqing (CHN),1169,0.25,2019.25
2019,1-Jan,3-Mar-19,Marathon,96,2:24:33,8673,Mao ICHIYAMA,29-May-97,JPN,7,21.77534247,Tokyo (JPN),1169,0.172222222,2019.172222
2019,1-Jan,15-Sep-19,Marathon,96,2:24:33,8673,Stellah Jepngetich BARSOSIO,12-Mar-93,KEN,1,26.52876712,Sydney (AUS),1169,0.705555556,2019.705556
2019,1-Jan,5-May-19,Marathon,98,2:24:34,8674,Genet YALEW,31-Dec-92,ETH,3,26.35890411,Praha (CZE),1168,0.344444444,2019.344444
2019,1-Jan,28-Apr-19,Marathon,99,2:24:41,8681,Dibabe KUMA,14-Sep-96,ETH,1,22.63287671,Hamburg (GER),1167,0.325,2019.325
2019,1-Jan,20-Oct-19,Marathon,100,2:24:42,8682,Worknesh ALEMU,19-Mar-90,ETH,6,29.60821918,Amsterdam (NED),1167,0.802777778,2019.802778
2018,1-Jan,16-Sep-18,Marathon,1,2:18:11,8291,Gladys CHERONO,12-May-83,KEN,1,35.37260274,Berlin (GER),1230,0.708333333,2018.708333
2018,1-Jan,22-Apr-18,Marathon,2,2:18:31,8311,Vivian Jepkemei CHERUIYOT,11-Sep-83,KEN,1,34.63561644,London (GBR),1227,0.308333333,2018.308333
2018,1-Jan,16-Sep-18,Marathon,3,2:18:34,8314,Ruti AGA,16-Jan-94,ETH,2,24.68219178,Berlin (GER),1226,0.708333333,2018.708333
2018,1-Jan,7-Oct-18,Marathon,4,2:18:35,8315,Brigid KOSGEI,20-Feb-94,KEN,1,24.64383562,"Chicago, IL (USA)",1226,0.766666667,2018.766667
2018,1-Jan,11-Nov-18,Marathon,4,2:18:35,8315,Ruth CHEPNGETICH,8-Aug-94,KEN,1,24.27671233,Istanbul (TUR),1226,0.861111111,2018.861111
2018,1-Jan,16-Sep-18,Marathon,6,2:18:55,8335,Tirunesh DIBABA,1-Jun-85,ETH,3,33.31506849,Berlin (GER),1223,0.708333333,2018.708333
2018,1-Jan,26-Jan-18,Marathon,7,2:19:17,8357,Roza DEREJE,9-May-97,ETH,1,20.73150685,Dubai (UAE),1219,0.069444444,2018.069444
2018,1-Jan,26-Jan-18,Marathon,8,2:19:30,8370,Boru Feyse TADESE,19-Nov-88,ETH,2,29.20547945,Dubai (UAE),1217,0.069444444,2018.069444
2018,1-Jan,26-Jan-18,Marathon,9,2:19:36,8376,Yebrgual MELESE,18-Apr-90,ETH,3,27.79452055,Dubai (UAE),1216,0.069444444,2018.069444
2018,1-Jan,25-Feb-18,Marathon,10,2:19:51,8391,Birhane DIBABA,11-Sep-93,ETH,1,24.4739726,Tokyo (JPN),1214,0.15,2018.15
2018,1-Jan,26-Jan-18,Marathon,11,2:19:53,8393,Worknesh DEGEFA,28-Oct-90,ETH,4,27.26575342,Dubai (UAE),1213,0.069444444,2018.069444
2018,1-Jan,26-Jan-18,Marathon,12,2:20:13,8413,Haftamnesh TESFAYE,28-Apr-94,ETH,5,23.76438356,Dubai (UAE),1210,0.069444444,2018.069444
2018,1-Jan,22-Apr-18,Marathon,12,2:20:13,8413,Brigid KOSGEI,20-Feb-94,KEN,2,24.18356164,London (GBR),1210,0.308333333,2018.308333
2018,1-Jan,28-Oct-18,Marathon,14,2:20:36,8436,Meskerem ASSEFA,3-Oct-91,ETH,1,27.08767123,Frankfurt (GER),1206,0.825,2018.825
2018,1-Jan,18-Nov-18,Marathon,14,2:20:36,8436,Yebrgual MELESE,18-Apr-90,ETH,1,28.60547945,Shanghai (CHN),1206,0.880555556,2018.880556
2018,1-Jan,26-Jan-18,Marathon,16,2:20:45,8445,Gelete BURKA,23-Jan-86,ETH,6,32.03013699,Dubai (UAE),1205,0.069444444,2018.069444
2018,1-Jan,28-Oct-18,Marathon,17,2:20:47,8447,Haftamnesh TESFAYE,28-Apr-94,ETH,2,24.51780822,Frankfurt (GER),1205,0.825,2018.825
2018,1-Jan,2-Dec-18,Marathon,18,2:21:14,8474,Ashete BEKERE,17-Apr-88,ETH,1,30.64657534,Valencia (ESP),1200,0.919444444,2018.919444
2018,1-Jan,16-Sep-18,Marathon,19,2:21:18,8478,Edna Ngeringwony KIPLAGAT,15-Nov-79,KEN,4,38.8630137,Berlin (GER),1200,0.708333333,2018.708333
2018,1-Jan,7-Oct-18,Marathon,19,2:21:18,8478,Roza DEREJE,9-May-97,ETH,2,21.42739726,"Chicago, IL (USA)",1200,0.766666667,2018.766667
2018,1-Jan,25-Feb-18,Marathon,21,2:21:19,8479,Ruti AGA,16-Jan-94,ETH,2,24.1260274,Tokyo (JPN),1200,0.15,2018.15
2018,1-Jan,28-Oct-18,Marathon,22,2:21:32,8492,Bedatu HIRPA,28-Apr-99,ETH,3,19.51506849,Frankfurt (GER),1197,0.825,2018.825
2018,1-Jan,16-Sep-18,Marathon,23,2:21:38,8498,Valary JEMELI,8-Jun-91,KEN,1,27.29315068,Beijing (CHN),1196,0.708333333,2018.708333
2018,1-Jan,22-Apr-18,Marathon,24,2:21:40,8500,Tadelech BEKELE,11-Apr-91,ETH,3,27.04931507,London (GBR),1196,0.308333333,2018.308333
2018,1-Jan,25-Feb-18,Marathon,25,2:21:42,8502,Amy CRAGG,21-Jan-84,USA,3,34.12054795,Tokyo (JPN),1196,0.15,2018.15
2018,1-Jan,26-Jan-18,Marathon,26,2:21:45,8505,Dera DIDA,26-Oct-96,ETH,7,21.26575342,Dubai (UAE),1195,0.069444444,2018.069444
2018,1-Jan,11-Mar-18,Marathon,26,2:21:45,8505,Meskerem ASSEFA,3-Oct-91,ETH,1,26.45479452,Nagoya (JPN),1195,0.194444444,2018.194444
2018,1-Jan,18-Nov-18,Marathon,28,2:21:51,8511,Azmera ABREHA,31-Jan-98,ETH,2,20.8109589,Shanghai (CHN),1194,0.880555556,2018.880556
2018,1-Jan,28-Oct-18,Marathon,29,2:21:53,8513,Belaynesh OLJIRA,26-Jun-90,ETH,4,28.35890411,Frankfurt (GER),1194,0.825,2018.825
2018,1-Jan,25-Feb-18,Marathon,30,2:22:07,8527,Shure DEMISE,21-Jan-96,ETH,4,22.11232877,Tokyo (JPN),1192,0.15,2018.15
2018,1-Jan,2-Dec-18,Marathon,31,2:22:11,8531,Lydia CHEROMEI,11-May-77,KEN,2,41.5890411,Valencia (ESP),1191,0.919444444,2018.919444
2018,1-Jan,7-Oct-18,Marathon,32,2:22:15,8535,Shure DEMISE,21-Jan-96,ETH,3,22.7260274,"Chicago, IL (USA)",1191,0.766666667,2018.766667
2018,1-Jan,27-May-18,Marathon,33,2:22:17,8537,Gelete BURKA,23-Jan-86,ETH,1,32.36164384,Ottawa (CAN),1190,0.405555556,2018.405556
2018,1-Jan,16-Sep-18,Marathon,34,2:22:23,8543,Mizuki MATSUDA,31-May-95,JPN,5,23.31232877,Berlin (GER),1189,0.708333333,2018.708333
2018,1-Jan,21-Oct-18,Marathon,35,2:22:29,8549,Mimi BELETE,9-Jun-88,BRN,1,30.38630137,Toronto (CAN),1188,0.805555556,2018.805556
2018,1-Jan,21-Oct-18,Marathon,36,2:22:35,8555,Marta MEGRA,30-Dec-90,ETH,2,27.82739726,Toronto (CAN),1187,0.805555556,2018.805556
2018,1-Jan,28-Oct-18,Marathon,37,2:22:39,8559,Dera DIDA,26-Oct-96,ETH,5,22.01917808,Frankfurt (GER),1187,0.825,2018.825
2018,1-Jan,28-Jan-18,Marathon,38,2:22:44,8564,Mizuki MATSUDA,31-May-95,JPN,1,22.67945205,Osaka (JPN),1186,0.075,2018.075
2018,1-Jan,28-Oct-18,Marathon,39,2:22:45,8565,Sentayehu LEWETEGN,9-May-96,ETH,6,22.48493151,Frankfurt (GER),1186,0.825,2018.825
2018,1-Jan,28-Oct-18,Marathon,40,2:22:46,8566,Nancy Jepkosgei KIPROP,7-Jul-79,KEN,7,39.3369863,Frankfurt (GER),1186,0.825,2018.825
2018,1-Jan,11-Mar-18,Marathon,41,2:22:48,8568,Valary JEMELI,8-Jun-91,KEN,2,26.77534247,Nagoya (JPN),1185,0.194444444,2018.194444
2018,1-Jan,16-Sep-18,Marathon,41,2:22:48,8568,Helen BEKELE,21-Nov-94,ETH,6,23.83561644,Berlin (GER),1185,0.708333333,2018.708333
2018,1-Jan,4-Nov-18,Marathon,41,2:22:48,8568,Mary Jepkosgei KEITANY,18-Jan-82,KEN,1,36.81917808,"New York, NY (USA)",1185,0.841666667,2018.841667
2018,1-Jan,8-Apr-18,Marathon,44,2:22:56,8576,Betsy SAINA,30-Jun-88,KEN,1,29.79178082,Paris (FRA),1184,0.269444444,2018.269444
2018,1-Jan,28-Oct-18,Marathon,45,2:22:58,8578,Visiline JEPKESHO,30-Dec-89,KEN,1,28.84657534,Ljubljana (SLO),1184,0.825,2018.825
2018,1-Jan,8-Apr-18,Marathon,46,2:22:59,8579,Ruth CHEPNGETICH,8-Aug-94,KEN,2,23.68219178,Paris (FRA),1183,0.269444444,2018.269444
2018,1-Jan,8-Apr-18,Marathon,47,2:23:06,8586,Gulume CHALA,11-Sep-92,ETH,3,25.5890411,Paris (FRA),1182,0.269444444,2018.269444
2018,1-Jan,11-Mar-18,Marathon,48,2:23:07,8587,Hanami SEKINE,26-Feb-96,JPN,3,22.05205479,Nagoya (JPN),1182,0.194444444,2018.194444
2018,1-Jan,21-Oct-18,Marathon,49,2:23:14,8594,Tadelech BEKELE,11-Apr-91,ETH,1,27.54794521,Amsterdam (NED),1181,0.805555556,2018.805556
2018,1-Jan,28-Oct-18,Marathon,50,2:23:15,8595,Selly Chepyego KAPTICH,3-Oct-85,KEN,2,33.09041096,Ljubljana (SLO),1181,0.825,2018.825
2018,1-Jan,8-Apr-18,Marathon,51,2:23:27,8607,Ashete BEKERE,17-Apr-88,ETH,4,29.99452055,Paris (FRA),1179,0.269444444,2018.269444
2018,1-Jan,21-Oct-18,Marathon,52,2:23:28,8608,Shasho INSERMU,16-Sep-93,ETH,2,25.11232877,Amsterdam (NED),1179,0.805555556,2018.805556
2018,1-Jan,21-Oct-18,Marathon,53,2:23:29,8609,Ruth CHEBITOK,26-Dec-90,KEN,3,27.83835616,Toronto (CAN),1179,0.805555556,2018.805556
2018,1-Jan,21-Oct-18,Marathon,54,2:23:31,8611,Azmera GEBRU,31-Oct-95,ETH,3,22.9890411,Amsterdam (NED),1178,0.805555556,2018.805556
2018,1-Jan,28-Oct-18,Marathon,55,2:23:34,8614,Dibabe KUMA,14-Sep-96,ETH,3,22.13424658,Ljubljana (SLO),1178,0.825,2018.825
2018,1-Jan,2-Dec-18,Marathon,56,2:23:37,8617,Tinbit GIDEY,17-Sep-89,ETH,3,29.22739726,Valencia (ESP),1177,0.919444444,2018.919444
2018,1-Jan,21-Oct-18,Marathon,57,2:23:39,8619,Desi Jisa MOKONIN,12-Jul-97,BRN,4,21.29041096,Amsterdam (NED),1177,0.805555556,2018.805556
2018,1-Jan,18-Nov-18,Marathon,58,2:23:40,8620,Betty Wilson LEMPUS,9-Jul-91,KEN,3,27.38082192,Shanghai (CHN),1177,0.880555556,2018.880556
2018,1-Jan,8-Apr-18,Marathon,59,2:23:43,8623,Stellah Jepngetich BARSOSIO,12-Mar-93,KEN,5,25.09041096,Paris (FRA),1176,0.269444444,2018.269444
2018,1-Jan,8-Apr-18,Marathon,60,2:23:46,8626,Rahma TUSA,14-Sep-93,ETH,1,24.58082192,Roma (ITA),1176,0.269444444,2018.269444
2018,1-Jan,21-Oct-18,Marathon,60,2:23:46,8626,Linet Chepkwemoi MASAI,5-Dec-89,KEN,5,28.89589041,Amsterdam (NED),1176,0.805555556,2018.805556
2018,1-Jan,8-Apr-18,Marathon,62,2:23:47,8627,Visiline JEPKESHO,30-Dec-89,KEN,1,28.29041096,Rotterdam (NED),1176,0.269444444,2018.269444
2018,1-Jan,28-Jan-18,Marathon,63,2:23:48,8628,Honami MAEDA,17-Jul-96,JPN,2,21.54794521,Osaka (JPN),1176,0.075,2018.075
2018,1-Jan,18-Nov-18,Marathon,64,2:23:54,8634,Afera GODFAY,25-Sep-91,ETH,4,27.16712329,Shanghai (CHN),1175,0.880555556,2018.880556
2018,1-Jan,26-Jan-18,Marathon,65,2:24:05,8645,Desi Jisa MOKONIN,12-Jul-97,BRN,8,20.55616438,Dubai (UAE),1173,0.069444444,2018.069444
2018,1-Jan,18-Mar-18,Marathon,66,2:24:08,8648,Hirut TIBEBU,13-Dec-94,ETH,1,23.27671233,Seoul (KOR),1172,0.213888889,2018.213889
2018,1-Jan,8-Apr-18,Marathon,66,2:24:08,8648,Marta MEGRA,30-Dec-90,ETH,6,27.29041096,Paris (FRA),1172,0.269444444,2018.269444
2018,1-Jan,22-Apr-18,Marathon,68,2:24:10,8650,Gladys CHERONO,12-May-83,KEN,4,34.96986301,London (GBR),1172,0.308333333,2018.308333
2018,1-Jan,26-Jan-18,Marathon,69,2:24:11,8651,Senbere TEFERI,3-May-95,ETH,9,22.75068493,Dubai (UAE),1172,0.069444444,2018.069444
2018,1-Jan,25-Nov-18,Marathon,70,2:24:17,8657,Lonah Chemtai SALPETER,12-Dec-88,ISR,1,29.97260274,Firenze (ITA),1171,0.9,2018.9
2018,1-Jan,22-Apr-18,Marathon,71,2:24:18,8658,Nancy Jepkosgei KIPROP,7-Jul-79,KEN,1,38.81917808,Wien (AUT),1171,0.308333333,2018.308333
2018,1-Jan,6-May-18,Marathon,72,2:24:19,8659,Bornes CHEPKIRUI,23-Nov-86,KEN,1,31.47123288,Praha (CZE),1171,0.347222222,2018.347222
2018,1-Jan,22-Apr-18,Marathon,73,2:24:27,8667,Mary Jepkosgei KEITANY,18-Jan-82,KEN,5,36.28219178,London (GBR),1169,0.308333333,2018.308333
2018,1-Jan,16-Jun-18,Marathon,74,2:24:29,8669,Kellyn TAYLOR,22-Jul-86,USA,1,31.92328767,"Duluth, MN (USA)",1169,0.458333333,2018.458333
2018,1-Jan,18-Mar-18,Marathon,75,2:24:30,8670,Margaret AGAI,10-Jun-88,KEN,2,29.7890411,Seoul (KOR),1169,0.213888889,2018.213889
2018,1-Jan,18-Mar-18,Marathon,76,2:24:31,8671,Monica JEPKOECH,1-Jan-83,KEN,3,35.23287671,Seoul (KOR),1169,0.213888889,2018.213889
2018,1-Jan,28-Oct-18,Marathon,77,2:24:35,8675,Betsy SAINA,30-Jun-88,KEN,8,30.34794521,Frankfurt (GER),1168,0.825,2018.825
2018,1-Jan,2-Dec-18,Marathon,77,2:24:35,8675,Aberu Mekuria ZENNEBE,24-Dec-83,ETH,4,34.96438356,Valencia (ESP),1168,0.919444444,2018.919444
2018,1-Jan,21-Oct-18,Marathon,79,2:24:38,8678,Jackline CHEPNGENO,16-Jan-93,KEN,6,25.77808219,Amsterdam (NED),1168,0.805555556,2018.805556
2018,1-Jan,5-May-18,Marathon,80,2:24:47,8687,Letebrhan Haylay GEBRESLASEA,29-Nov-90,ETH,1,27.44931507,Dongying (CHN),1166,0.344444444,2018.344444
2018,1-Jan,1-Jul-18,Marathon,81,2:24:49,8689,Ruth CHEBITOK,26-Dec-90,KEN,1,27.53150685,Gold Coast (AUS),1166,0.5,2018.5
2018,1-Jan,14-Jan-18,Marathon,82,2:24:51,8691,Bruktayit ESHETU,29-Sep-90,ETH,1,27.31232877,"Houston, TX (USA)",1166,0.036111111,2018.036111
2018,1-Jan,29-Apr-18,Marathon,82,2:24:51,8691,Shitaye ESHETE,21-May-90,BRN,1,27.95890411,Hamburg (GER),1166,0.327777778,2018.327778
2018,1-Jan,14-Jan-18,Marathon,84,2:24:57,8697,Belaynesh OLJIRA,26-Jun-90,ETH,2,27.57260274,"Houston, TX (USA)",1165,0.036111111,2018.036111
2018,1-Jan,28-Oct-18,Marathon,85,2:25:00,8700,Stellah Jepngetich BARSOSIO,12-Mar-93,KEN,9,25.64657534,Frankfurt (GER),1164,0.825,2018.825
2018,1-Jan,18-Mar-18,Marathon,86,2:25:01,8701,Mulu SEBOKA,25-Sep-84,ETH,4,33.49863014,Seoul (KOR),1164,0.213888889,2018.213889
2018,1-Jan,8-Apr-18,Marathon,87,2:25:02,8702,Abebech AFEWORK,11-Dec-90,ETH,7,27.34246575,Paris (FRA),1164,0.269444444,2018.269444
2018,1-Jan,28-Oct-18,Marathon,87,2:25:02,8702,Sharon Jemutai CHEROP,16-Mar-84,KEN,4,34.64109589,Ljubljana (SLO),1164,0.825,2018.825
2018,1-Jan,11-Nov-18,Marathon,89,2:25:04,8704,Margaret AGAI,10-Jun-88,KEN,2,30.44109589,Istanbul (TUR),1164,0.861111111,2018.861111
2018,1-Jan,4-Nov-18,Marathon,90,2:25:10,8710,Hirut TIBEBU,13-Dec-94,ETH,1,23.90958904,Hangzhou (CHN),1163,0.841666667,2018.841667
2018,1-Jan,6-May-18,Marathon,91,2:25:13,8713,Belaynesh OLJIRA,26-Jun-90,ETH,2,27.87945205,Praha (CZE),1162,0.347222222,2018.347222
2018,1-Jan,28-Oct-18,Marathon,92,2:25:17,8717,Abebech AFEWORK,11-Dec-90,ETH,10,27.89863014,Frankfurt (GER),1162,0.825,2018.825
2018,1-Jan,14-Oct-18,Marathon,93,2:25:19,8719,Sinead DIVER,17-Feb-77,AUS,1,41.68219178,Melbourne (AUS),1161,0.786111111,2018.786111
2018,1-Jan,16-Sep-18,Marathon,94,2:25:23,8723,Honami MAEDA,17-Jul-96,JPN,7,22.18082192,Berlin (GER),1161,0.708333333,2018.708333
2018,1-Jan,28-Oct-18,Marathon,95,2:25:24,8724,Mare DIBABA,20-Oct-89,ETH,11,29.04109589,Frankfurt (GER),1160,0.825,2018.825
2018,1-Jan,2-Dec-18,Marathon,95,2:25:24,8724,Dulce FÉLIX,23-Oct-82,POR,5,36.13424658,Valencia (ESP),1160,0.919444444,2018.919444
2018,1-Jan,29-Apr-18,Marathon,97,2:25:25,8725,Volha MAZURONAK,14-Apr-89,BLR,1,29.06027397,Düsseldorf (GER),1160,0.327777778,2018.327778
2018,1-Jan,16-Sep-18,Marathon,98,2:25:27,8727,Salomé ROCHA,25-Apr-90,POR,8,28.41369863,Berlin (GER),1160,0.708333333,2018.708333
2018,1-Jan,29-Apr-18,Marathon,99,2:25:28,8728,Birke DEBELE,12-Sep-95,ETH,2,22.64383562,Hamburg (GER),1160,0.327777778,2018.327778
2018,1-Jan,25-Feb-18,Marathon,100,2:25:35,8735,Kaoutar BOULAID,10-Oct-89,MAR,1,28.39726027,Sevilla (ESP),1159,0.15,2018.15
2017,1-Jan,23-Apr-17,Marathon,1,2:17:01,8221,Mary Jepkosgei KEITANY,18-Jan-82,KEN,1,35.28493151,London (GBR),1241,0.311111111,2017.311111
2017,1-Jan,23-Apr-17,Marathon,2,2:17:56,8276,Tirunesh DIBABA,1-Jun-85,ETH,2,31.91506849,London (GBR),1232,0.311111111,2017.311111
2017,1-Jan,8-Oct-17,Marathon,3,2:18:31,8311,Tirunesh DIBABA,1-Jun-85,ETH,1,32.37534247,"Chicago, IL (USA)",1227,0.769444444,2017.769444
2017,1-Jan,26-Feb-17,Marathon,4,2:19:47,8387,Sarah CHEPCHIRCHIR,27-Jul-84,KEN,1,32.60821918,Tokyo (JPN),1214,0.152777778,2017.152778
2017,1-Jan,8-Oct-17,Marathon,5,2:20:22,8422,Brigid KOSGEI,20-Feb-94,KEN,2,23.64657534,"Chicago, IL (USA)",1209,0.769444444,2017.769444
2017,1-Jan,24-Sep-17,Marathon,6,2:20:23,8423,Gladys CHERONO,12-May-83,KEN,1,34.39452055,Berlin (GER),1209,0.730555556,2017.730556
2017,1-Jan,24-Sep-17,Marathon,7,2:20:41,8441,Ruti AGA,16-Jan-94,ETH,2,23.70410959,Berlin (GER),1206,0.730555556,2017.730556
2017,1-Jan,24-Sep-17,Marathon,8,2:20:53,8453,Valary JEMELI,8-Jun-91,KEN,3,26.31506849,Berlin (GER),1204,0.730555556,2017.730556
2017,1-Jan,9-Apr-17,Marathon,9,2:20:55,8455,Purity Cherotich RIONORIPO,10-Jun-93,KEN,1,23.84657534,Paris (FRA),1203,0.272222222,2017.272222
2017,1-Jan,8-Oct-17,Marathon,10,2:20:57,8457,Jordan HASAY,21-Sep-91,USA,3,26.06575342,"Chicago, IL (USA)",1203,0.769444444,2017.769444
2017,1-Jan,9-Apr-17,Marathon,11,2:20:59,8459,Agnes Jeruto BARSOSIO,5-Aug-82,KEN,2,34.70136986,Paris (FRA),1203,0.272222222,2017.272222
2017,1-Jan,12-Mar-17,Marathon,12,2:21:17,8477,Eunice Jepkirui KIRWA,20-May-84,BRN,1,32.83287671,Nagoya (JPN),1200,0.197222222,2017.197222
2017,1-Jan,26-Feb-17,Marathon,13,2:21:19,8479,Birhane DIBABA,11-Sep-93,ETH,2,23.47671233,Tokyo (JPN),1200,0.152777778,2017.152778
2017,1-Jan,9-Apr-17,Marathon,14,2:21:22,8482,Philomena CHEYECH,5-Jul-82,KEN,3,34.78630137,Paris (FRA),1199,0.272222222,2017.272222
2017,1-Jan,12-Mar-17,Marathon,15,2:21:36,8496,Yuka ANDO,16-Mar-94,JPN,2,23.00547945,Nagoya (JPN),1197,0.197222222,2017.197222
2017,1-Jan,9-Apr-17,Marathon,16,2:21:37,8497,Visiline JEPKESHO,30-Dec-89,KEN,4,27.29315068,Paris (FRA),1197,0.272222222,2017.272222
2017,1-Jan,15-Oct-17,Marathon,17,2:21:54,8514,Tadelech BEKELE,11-Apr-91,ETH,1,26.53150685,Amsterdam (NED),1194,0.788888889,2017.788889
2017,1-Jan,7-May-17,Marathon,18,2:21:57,8517,Valary JEMELI,8-Jun-91,KEN,1,25.93150685,Praha (CZE),1193,0.35,2017.35
2017,1-Jan,7-May-17,Marathon,19,2:22:15,8535,Amane Beriso SHANKULE,13-Oct-91,ETH,2,25.58356164,Praha (CZE),1191,0.35,2017.35
2017,1-Jan,7-May-17,Marathon,20,2:22:23,8543,Tadelech BEKELE,11-Apr-91,ETH,3,26.09041096,Praha (CZE),1189,0.35,2017.35
2017,1-Jan,20-Jan-17,Marathon,21,2:22:36,8556,Worknesh DEGEFA,28-Oct-90,ETH,1,26.24931507,Dubai (UAE),1187,0.052777778,2017.052778
2017,1-Jan,12-Nov-17,Marathon,21,2:22:36,8556,Ruth CHEPNGETICH,8-Aug-94,KEN,1,23.27945205,Istanbul (TUR),1187,0.863888889,2017.863889
2017,1-Jan,12-Nov-17,Marathon,23,2:22:40,8560,Visiline JEPKESHO,30-Dec-89,KEN,2,27.88767123,Istanbul (TUR),1187,0.863888889,2017.863889
2017,1-Jan,12-Nov-17,Marathon,24,2:22:43,8563,Roza DEREJE,9-May-97,ETH,1,20.5260274,Shanghai (CHN),1186,0.863888889,2017.863889
2017,1-Jan,9-Apr-17,Marathon,25,2:22:51,8571,Yebrgual MELESE,18-Apr-90,ETH,5,26.99452055,Paris (FRA),1185,0.272222222,2017.272222
2017,1-Jan,24-Sep-17,Marathon,25,2:22:51,8571,Helen BEKELE,21-Nov-94,ETH,4,22.85753425,Berlin (GER),1185,0.730555556,2017.730556
2017,1-Jan,20-Jan-17,Marathon,27,2:22:57,8577,Shure DEMISE,21-Jan-96,ETH,2,21.01369863,Dubai (UAE),1184,0.052777778,2017.052778
2017,1-Jan,23-Apr-17,Marathon,28,2:23:08,8588,Asselefech MEDESSA MERGIA,23-Jan-85,ETH,3,32.26849315,London (GBR),1182,0.311111111,2017.311111
2017,1-Jan,26-Feb-17,Marathon,29,2:23:09,8589,Amane GOBENA,11-Sep-86,ETH,3,30.48219178,Tokyo (JPN),1182,0.152777778,2017.152778
2017,1-Jan,20-Jan-17,Marathon,30,2:23:13,8593,Yebrgual MELESE,18-Apr-90,ETH,3,26.77808219,Dubai (UAE),1181,0.052777778,2017.052778
2017,1-Jan,12-Nov-17,Marathon,31,2:23:31,8611,Lydia CHEROMEI,11-May-77,KEN,2,40.53424658,Shanghai (CHN),1178,0.863888889,2017.863889
2017,1-Jan,29-Oct-17,Marathon,32,2:23:35,8615,Vivian Jepkemei CHERUIYOT,11-Sep-83,KEN,1,34.15616438,Frankfurt (GER),1178,0.827777778,2017.827778
2017,1-Jan,12-Nov-17,Marathon,32,2:23:35,8615,Hirut TIBEBU,13-Dec-94,ETH,3,22.93150685,Shanghai (CHN),1178,0.863888889,2017.863889
2017,1-Jan,12-Mar-17,Marathon,34,2:23:47,8627,Mao KIYOTA,12-Sep-93,JPN,3,23.51232877,Nagoya (JPN),1176,0.197222222,2017.197222
2017,1-Jan,23-Apr-17,Marathon,35,2:23:50,8630,Vivian Jepkemei CHERUIYOT,11-Sep-83,KEN,4,33.63835616,London (GBR),1175,0.311111111,2017.311111
2017,1-Jan,12-Nov-17,Marathon,36,2:23:59,8639,Gulume CHALA,11-Sep-92,ETH,4,25.18630137,Shanghai (CHN),1174,0.863888889,2017.863889
2017,1-Jan,20-Jan-17,Marathon,37,2:24:04,8644,Tadelech BEKELE,11-Apr-91,ETH,4,25.79726027,Dubai (UAE),1173,0.052777778,2017.052778
2017,1-Jan,7-May-17,Marathon,37,2:24:04,8644,Hirut TIBEBU,13-Dec-94,ETH,4,22.41369863,Praha (CZE),1173,0.35,2017.35
2017,1-Jan,9-Apr-17,Marathon,39,2:24:18,8658,Meskerem ASSEFA,3-Oct-91,ETH,1,25.53424658,Rotterdam (NED),1171,0.272222222,2017.272222
2017,1-Jan,23-Apr-17,Marathon,40,2:24:20,8660,Nancy Jepkosgei KIPROP,7-Jul-79,KEN,1,37.82191781,Wien (AUT),1171,0.311111111,2017.311111
2017,1-Jan,29-Jan-17,Marathon,41,2:24:22,8662,Risa SHIGETOMO,29-Aug-87,JPN,1,29.44109589,Osaka (JPN),1170,0.077777778,2017.077778
2017,1-Jan,23-Apr-17,Marathon,42,2:24:25,8665,Rebeca Kangogo CHESIR,4-Dec-92,KEN,2,24.4,Wien (AUT),1170,0.311111111,2017.311111
2017,1-Jan,9-Apr-17,Marathon,43,2:24:27,8667,Eunice Chebichii CHUMBA,23-May-93,BRN,2,23.89589041,Rotterdam (NED),1169,0.272222222,2017.272222
2017,1-Jan,29-Oct-17,Marathon,44,2:24:30,8670,Yebrgual MELESE,18-Apr-90,ETH,2,27.55068493,Frankfurt (GER),1169,0.827777778,2017.827778
2017,1-Jan,29-Oct-17,Marathon,45,2:24:38,8678,Meskerem ASSEFA,3-Oct-91,ETH,3,26.09041096,Frankfurt (GER),1168,0.827777778,2017.827778
2017,1-Jan,8-Oct-17,Marathon,46,2:24:44,8684,Madaí PÉREZ,2-Feb-80,MEX,4,37.70684932,"Chicago, IL (USA)",1167,0.769444444,2017.769444
2017,1-Jan,15-Oct-17,Marathon,47,2:24:51,8691,Gladys CHESIR,20-Feb-93,KEN,2,24.66575342,Amsterdam (NED),1166,0.788888889,2017.788889
2017,1-Jan,7-May-17,Marathon,48,2:25:01,8701,Letebrhan Haylay GEBRESLASEA,29-Nov-90,ETH,1,26.45479452,Dongying (CHN),1164,0.35,2017.35
2017,1-Jan,12-Mar-17,Marathon,49,2:25:04,8704,Helen BEKELE,21-Nov-94,ETH,1,22.32054795,Barcelona (ESP),1164,0.197222222,2017.197222
2017,1-Jan,20-Jan-17,Marathon,50,2:25:12,8712,Hirut TIBEBU,13-Dec-94,ETH,5,22.12054795,Dubai (UAE),1162,0.052777778,2017.052778
2017,1-Jan,10-Dec-17,Marathon,50,2:25:12,8712,Rahma TUSA,14-Sep-93,ETH,1,24.25479452,Guangzhou (CHN),1162,0.941666667,2017.941667
2017,1-Jan,12-Nov-17,Marathon,52,2:25:14,8714,Letebrhan Haylay GEBRESLASEA,29-Nov-90,ETH,3,26.97260274,Istanbul (TUR),1162,0.863888889,2017.863889
2017,1-Jan,23-Apr-17,Marathon,53,2:25:15,8715,Lisa WEIGHTMAN,16-Jan-79,AUS,5,38.29315068,London (GBR),1162,0.311111111,2017.311111
2017,1-Jan,9-Apr-17,Marathon,54,2:25:17,8717,Lucy KARIMI,6-Oct-86,KEN,3,30.52876712,Rotterdam (NED),1162,0.272222222,2017.272222
2017,1-Jan,23-Apr-17,Marathon,54,2:25:17,8717,Roza DEREJE,9-May-97,ETH,3,19.96986301,Wien (AUT),1162,0.311111111,2017.311111
2017,1-Jan,15-Oct-17,Marathon,56,2:25:23,8723,Azmera ABREHA,31-Jan-98,ETH,3,19.71780822,Amsterdam (NED),1161,0.788888889,2017.788889
2017,1-Jan,12-Nov-17,Marathon,57,2:25:29,8729,Margaret AGAI,10-Jun-88,KEN,5,29.44383562,Shanghai (CHN),1160,0.863888889,2017.863889
2017,1-Jan,23-Apr-17,Marathon,58,2:25:30,8730,Jessica AUGUSTO,8-Nov-81,POR,1,35.47945205,Hamburg (GER),1159,0.311111111,2017.311111
2017,1-Jan,15-Oct-17,Marathon,59,2:25:32,8732,Viola Jelagat KIBIWOT,22-Dec-83,KEN,4,33.83835616,Amsterdam (NED),1159,0.788888889,2017.788889
2017,1-Jan,2-Jul-17,Marathon,60,2:25:34,8734,Abebech AFEWORK,11-Dec-90,ETH,1,26.57534247,Gold Coast (AUS),1159,0.502777778,2017.502778
2017,1-Jan,23-Apr-17,Marathon,61,2:25:38,8738,Laura THWEATT,17-Dec-88,USA,6,28.36712329,London (GBR),1158,0.311111111,2017.311111
2017,1-Jan,23-Apr-17,Marathon,62,2:25:39,8739,Helah Jelagat KIPROP,7-Apr-85,KEN,7,32.06575342,London (GBR),1158,0.311111111,2017.311111
2017,1-Jan,29-Jan-17,Marathon,63,2:25:44,8744,Misato HORIE,10-Mar-87,JPN,2,29.91232877,Osaka (JPN),1157,0.077777778,2017.077778
2017,1-Jan,6-Jan-17,Marathon,64,2:25:45,8745,Hiwot GEBREKIDAN,11-May-95,ETH,1,21.6739726,See Genezareth (ISR),1157,0.013888889,2017.013889
2017,1-Jan,19-Mar-17,Marathon,65,2:25:52,8752,Margaret AGAI,10-Jun-88,KEN,1,28.79178082,Seoul (KOR),1156,0.216666667,2017.216667
2017,1-Jan,23-Apr-17,Marathon,65,2:25:52,8752,Tigist TUFA,26-Jan-87,ETH,8,30.26027397,London (GBR),1156,0.311111111,2017.311111
2017,1-Jan,19-Mar-17,Marathon,67,2:25:57,8757,Ashete BEKERE,17-Apr-88,ETH,2,28.93972603,Seoul (KOR),1155,0.216666667,2017.216667
2017,1-Jan,2-Jan-17,Marathon,68,2:25:58,8758,Meseret MENGISTU,6-Mar-90,ETH,1,26.84657534,Xiamen (CHN),1155,0.002777778,2017.002778
2017,1-Jan,23-Apr-17,Marathon,69,2:26:06,8766,Shuko GENEMO,13-Sep-95,ETH,4,21.62465753,Wien (AUT),1154,0.311111111,2017.311111
2017,1-Jan,12-Mar-17,Marathon,70,2:26:09,8769,Sayaka KUWAHARA,8-Mar-93,JPN,4,24.02739726,Nagoya (JPN),1153,0.197222222,2017.197222
2017,1-Jan,8-Oct-17,Marathon,71,2:26:13,8773,Eunice JEPTOO,24-Jun-83,KEN,1,34.31506849,Eindhoven (NED),1153,0.769444444,2017.769444
2017,1-Jan,19-Nov-17,Marathon,72,2:26:17,8777,Aberu Mekuria ZENNEBE,24-Dec-83,ETH,1,33.92876712,Valencia (ESP),1152,0.883333333,2017.883333
2017,1-Jan,29-Jan-17,Marathon,73,2:26:19,8779,Hanae TANAKA,12-Feb-90,JPN,3,26.98082192,Osaka (JPN),1152,0.077777778,2017.077778
2017,1-Jan,19-Mar-17,Marathon,74,2:26:22,8782,Rael Nguriatukei KINYARA,4-Apr-84,KEN,1,32.97808219,Chongqing (CHN),1151,0.216666667,2017.216667
2017,1-Jan,23-Apr-17,Marathon,75,2:26:25,8785,Florence KIPLAGAT,27-Feb-87,KEN,9,30.17260274,London (GBR),1151,0.311111111,2017.311111
2017,1-Jan,15-Oct-17,Marathon,76,2:26:26,8786,Caroline ROTICH,13-May-84,KEN,5,33.44657534,Amsterdam (NED),1151,0.788888889,2017.788889
2017,1-Jan,2-Jan-17,Marathon,77,2:26:27,8787,Workenesh EDESA,11-Sep-92,ETH,2,24.3260274,Xiamen (CHN),1150,0.002777778,2017.002778
2017,1-Jan,9-Apr-17,Marathon,78,2:26:29,8789,Jane Jelagat SEUREY,2-Mar-86,KEN,4,31.1260274,Rotterdam (NED),1150,0.272222222,2017.272222
2017,1-Jan,7-May-17,Marathon,79,2:26:30,8790,Chemutai RIONOTUKEI,4-Sep-86,KEN,2,30.69315068,Dongying (CHN),1150,0.35,2017.35
2017,1-Jan,23-Apr-17,Marathon,80,2:26:31,8791,Angela TANUI,27-Jul-92,KEN,5,24.75616438,Wien (AUT),1150,0.311111111,2017.311111
2017,1-Jan,12-Mar-17,Marathon,81,2:26:44,8804,Tsegaye MELESECH,1994,ETH,2,111.8136986,Barcelona (ESP),1148,0.197222222,2017.197222
2017,1-Jan,29-Oct-17,Marathon,82,2:26:45,8805,Abebech AFEWORK,11-Dec-90,ETH,4,26.90136986,Frankfurt (GER),1148,0.827777778,2017.827778
2017,1-Jan,7-May-17,Marathon,83,2:26:46,8806,Boru Feyse TADESE,19-Nov-88,ETH,5,28.48219178,Praha (CZE),1147,0.35,2017.35
2017,1-Jan,2-Jan-17,Marathon,84,2:26:47,8807,Melkam GIZAW,17-Sep-90,ETH,3,26.31232877,Xiamen (CHN),1147,0.002777778,2017.002778
2017,1-Jan,19-Mar-17,Marathon,85,2:26:52,8812,Mercy KIBARUS,25-Feb-84,KEN,3,33.08493151,Seoul (KOR),1147,0.216666667,2017.216667
2017,1-Jan,29-Jan-17,Marathon,86,2:26:53,8813,Serena BURLA,29-Jul-82,USA,4,34.52876712,Osaka (JPN),1146,0.077777778,2017.077778
2017,1-Jan,5-Nov-17,Marathon,86,2:26:53,8813,Shalane FLANAGAN,8-Jul-81,USA,1,36.35342466,"New York, NY (USA)",1146,0.844444444,2017.844444
2017,1-Jan,19-Mar-17,Marathon,88,2:26:55,8815,Aberu Mekuria ZENNEBE,24-Dec-83,ETH,4,33.25753425,Seoul (KOR),1146,0.216666667,2017.216667
2017,1-Jan,20-Jan-17,Marathon,89,2:26:58,8818,Roza DEREJE,9-May-97,ETH,6,19.71506849,Dubai (UAE),1146,0.052777778,2017.052778
2017,1-Jan,5-Nov-17,Marathon,89,2:26:58,8818,Monica JEPKOECH,1-Jan-83,KEN,1,34.86849315,Porto (POR),1146,0.844444444,2017.844444
2017,1-Jan,23-Apr-17,Marathon,91,2:27:01,8821,Jessica TRENGOVE,15-Aug-87,AUS,10,29.70958904,London (GBR),1145,0.311111111,2017.311111
2017,1-Jan,29-Oct-17,Marathon,92,2:27:02,8822,Shuko GENEMO,13-Sep-95,ETH,1,22.14246575,Ljubljana (SLO),1145,0.827777778,2017.827778
2017,1-Jan,12-Mar-17,Marathon,93,2:27:04,8824,Aberash FAYESA,1995,ETH,3,111.8109589,Barcelona (ESP),1145,0.197222222,2017.197222
2017,1-Jan,26-Feb-17,Marathon,94,2:27:08,8828,Ayaka FUJIMOTO,8-Jul-97,JPN,4,19.65205479,Tokyo (JPN),1144,0.152777778,2017.152778
2017,1-Jan,7-May-17,Marathon,94,2:27:08,8828,Salomé ROCHA,25-Apr-90,POR,6,27.05205479,Praha (CZE),1144,0.35,2017.35
2017,1-Jan,6-Aug-17,Marathon,96,2:27:11,8831,Rose CHELIMO,12-Jul-89,BRN,1,28.08767123,"Olympic Stadium, London (GBR)",1144,0.597222222,2017.597222
2017,1-Jan,19-Nov-17,Marathon,97,2:27:14,8834,Volha MAZURONAK,14-Apr-89,BLR,2,28.61917808,Valencia (ESP),1143,0.883333333,2017.883333
2017,1-Jan,19-Mar-17,Marathon,98,2:27:18,8838,Anne BERERWE,4-Nov-82,KEN,2,34.39452055,Chongqing (CHN),1142,0.216666667,2017.216667
2017,1-Jan,6-Aug-17,Marathon,98,2:27:18,8838,Edna Ngeringwony KIPLAGAT,15-Nov-79,KEN,2,37.75068493,"Olympic Stadium, London (GBR)",1142,0.597222222,2017.597222
2017,1-Jan,6-Aug-17,Marathon,98,2:27:18,8838,Amy CRAGG,21-Jan-84,USA,3,33.56438356,"Olympic Stadium, London (GBR)",1142,0.597222222,2017.597222
2016,1-Jan,22-Jan-16,Marathon,1,2:19:41,8381,Tirfi TSEGAYE,25-Nov-84,ETH,1,31.17808219,Dubai (UAE),1215,0.058333333,2016.058333
2016,1-Jan,25-Sep-16,Marathon,2,2:20:45,8445,Aberu KEBEDE,12-Sep-86,ETH,1,30.05753425,Berlin (GER),1205,0.733333333,2016.733333
2016,1-Jan,22-Jan-16,Marathon,3,2:20:48,8448,Amane Beriso SHANKULE,13-Oct-91,ETH,2,24.29315068,Dubai (UAE),1205,0.058333333,2016.058333
2016,1-Jan,28-Feb-16,Marathon,4,2:21:27,8487,Helah Jelagat KIPROP,7-Apr-85,KEN,1,30.91506849,Tokyo (JPN),1198,0.158333333,2016.158333
2016,1-Jan,9-Oct-16,Marathon,5,2:21:32,8492,Florence KIPLAGAT,27-Feb-87,KEN,1,29.63561644,"Chicago, IL (USA)",1197,0.772222222,2016.772222
2016,1-Jan,28-Feb-16,Marathon,6,2:21:51,8511,Amane GOBENA,11-Sep-86,ETH,2,29.48493151,Tokyo (JPN),1194,0.158333333,2016.158333
2016,1-Jan,17-Apr-16,Marathon,7,2:21:54,8514,Meselech MELKAMU,19-Apr-85,ETH,1,31.01643836,Hamburg (GER),1194,0.294444444,2016.294444
2016,1-Jan,31-Jan-16,Marathon,8,2:22:17,8537,Kayoko FUKUSHI,25-Mar-82,JPN,1,33.87671233,Osaka (JPN),1190,0.083333333,2016.083333
2016,1-Jan,22-Jan-16,Marathon,9,2:22:29,8549,Meselech MELKAMU,19-Apr-85,ETH,3,30.78082192,Dubai (UAE),1188,0.058333333,2016.058333
2016,1-Jan,28-Feb-16,Marathon,10,2:22:36,8556,Edna Ngeringwony KIPLAGAT,15-Nov-79,KEN,3,36.31232877,Tokyo (JPN),1187,0.158333333,2016.158333
2016,1-Jan,13-Mar-16,Marathon,11,2:22:40,8560,Eunice Jepkirui KIRWA,20-May-84,BRN,1,31.83561644,Nagoya (JPN),1187,0.2,2016.2
2016,1-Jan,24-Apr-16,Marathon,12,2:22:58,8578,Jemima Jelagat SUMGONG,21-Dec-84,KEN,1,31.36164384,London (GBR),1184,0.313888889,2016.313889
2016,1-Jan,28-Feb-16,Marathon,13,2:23:01,8581,Aberu KEBEDE,12-Sep-86,ETH,4,29.48219178,Tokyo (JPN),1183,0.158333333,2016.158333
2016,1-Jan,24-Apr-16,Marathon,14,2:23:03,8583,Tigist TUFA,26-Jan-87,ETH,2,29.2630137,London (GBR),1183,0.313888889,2016.313889
2016,1-Jan,28-Feb-16,Marathon,15,2:23:16,8596,Birhane DIBABA,11-Sep-93,ETH,5,22.47945205,Tokyo (JPN),1181,0.158333333,2016.158333
2016,1-Jan,13-Nov-16,Marathon,16,2:23:18,8598,Philomena CHEYECH,5-Jul-82,KEN,1,34.38356164,Saitama (JPN),1180,0.866666667,2016.866667
2016,1-Jan,13-Mar-16,Marathon,17,2:23:19,8599,Tomomi TANAKA,25-Sep-88,JPN,2,27.48219178,Nagoya (JPN),1180,0.2,2016.2
2016,1-Jan,13-Mar-16,Marathon,18,2:23:20,8600,Rei OHARA,10-Aug-90,JPN,3,25.60821918,Nagoya (JPN),1180,0.2,2016.2
2016,1-Jan,16-Oct-16,Marathon,19,2:23:21,8601,Meselech MELKAMU,19-Apr-85,ETH,1,31.51506849,Amsterdam (NED),1180,0.791666667,2016.791667
2016,1-Jan,9-Oct-16,Marathon,20,2:23:28,8608,Edna Ngeringwony KIPLAGAT,15-Nov-79,KEN,2,36.9260274,"Chicago, IL (USA)",1179,0.772222222,2016.772222
2016,1-Jan,24-Apr-16,Marathon,21,2:23:39,8619,Florence KIPLAGAT,27-Feb-87,KEN,3,29.17534247,London (GBR),1177,0.313888889,2016.313889
2016,1-Jan,9-Oct-16,Marathon,22,2:23:41,8621,Valentine KIPKETER,5-Jan-93,KEN,3,23.77534247,"Chicago, IL (USA)",1177,0.772222222,2016.772222
2016,1-Jan,24-Apr-16,Marathon,23,2:23:54,8634,Volha MAZURONAK,14-Apr-89,BLR,4,27.04657534,London (GBR),1175,0.313888889,2016.313889
2016,1-Jan,24-Apr-16,Marathon,24,2:23:57,8637,Asselefech MEDESSA MERGIA,23-Jan-85,ETH,5,31.27123288,London (GBR),1174,0.313888889,2016.313889
2016,1-Jan,25-Sep-16,Marathon,25,2:23:58,8638,Birhane DIBABA,11-Sep-93,ETH,2,23.05479452,Berlin (GER),1174,0.733333333,2016.733333
2016,1-Jan,22-Jan-16,Marathon,26,2:24:00,8640,Sutume Asefa KEBEDE,11-Dec-94,ETH,4,21.12876712,Dubai (UAE),1174,0.058333333,2016.058333
2016,1-Jan,2-Jan-16,Marathon,27,2:24:04,8644,Workenesh EDESA,11-Sep-92,ETH,1,23.32328767,Xiamen (CHN),1173,0.002777778,2016.002778
2016,1-Jan,14-Aug-16,Marathon,27,2:24:04,8644,Jemima Jelagat SUMGONG,21-Dec-84,KEN,1,31.66849315,"Estádio Olímpico, Rio de Janeiro (BRA)",1173,0.619444444,2016.619444
2016,1-Jan,24-Apr-16,Marathon,29,2:24:09,8649,Mare DIBABA,20-Oct-89,ETH,6,26.52876712,London (GBR),1172,0.313888889,2016.313889
2016,1-Jan,14-Aug-16,Marathon,30,2:24:13,8653,Eunice Jepkirui KIRWA,20-May-84,BRN,2,32.25753425,"Estádio Olímpico, Rio de Janeiro (BRA)",1172,0.619444444,2016.619444
2016,1-Jan,2-Oct-16,Marathon,30,2:24:13,8653,Sarah CHEPCHIRCHIR,27-Jul-84,KEN,1,32.20547945,Lisboa (POR),1172,0.752777778,2016.752778
2016,1-Jan,20-Mar-16,Marathon,32,2:24:14,8654,Rose CHELIMO,12-Jul-89,BRN,1,26.70684932,Seoul (KOR),1172,0.219444444,2016.219444
2016,1-Jan,22-Jan-16,Marathon,33,2:24:24,8664,Mulu SEBOKA,25-Sep-84,ETH,5,31.34520548,Dubai (UAE),1170,0.058333333,2016.058333
2016,1-Jan,6-Nov-16,Marathon,34,2:24:26,8666,Mary Jepkosgei KEITANY,18-Jan-82,KEN,1,34.82465753,"New York, NY (USA)",1170,0.847222222,2016.847222
2016,1-Jan,16-Oct-16,Marathon,35,2:24:27,8667,Abebech AFEWORK,11-Dec-90,ETH,2,25.86575342,Amsterdam (NED),1169,0.791666667,2016.791667
2016,1-Jan,20-Mar-16,Marathon,36,2:24:28,8668,Melkam GIZAW,17-Sep-90,ETH,2,25.52328767,Seoul (KOR),1169,0.219444444,2016.219444
2016,1-Jan,14-Aug-16,Marathon,37,2:24:30,8670,Mare DIBABA,20-Oct-89,ETH,3,26.83561644,"Estádio Olímpico, Rio de Janeiro (BRA)",1169,0.619444444,2016.619444
2016,1-Jan,10-Apr-16,Marathon,38,2:24:31,8671,Shuko GENEMO,13-Sep-95,ETH,1,20.5890411,Wien (AUT),1169,0.275,2016.275
2016,1-Jan,2-Jan-16,Marathon,39,2:24:32,8672,Marta MEGRA,30-Dec-90,ETH,2,25.02465753,Xiamen (CHN),1169,0.002777778,2016.002778
2016,1-Jan,13-Mar-16,Marathon,39,2:24:32,8672,Mao KIYOTA,12-Sep-93,JPN,4,22.51506849,Nagoya (JPN),1169,0.2,2016.2
2016,1-Jan,13-Mar-16,Marathon,41,2:24:38,8678,Reia IWADE,8-Dec-94,JPN,5,21.27671233,Nagoya (JPN),1168,0.2,2016.2
2016,1-Jan,25-Sep-16,Marathon,42,2:24:41,8681,Ruti AGA,16-Jan-94,ETH,3,22.70684932,Berlin (GER),1167,0.733333333,2016.733333
2016,1-Jan,2-Oct-16,Marathon,43,2:24:45,8685,Brigid KOSGEI,20-Feb-94,KEN,2,22.63013699,Lisboa (POR),1167,0.752777778,2016.752778
2016,1-Jan,8-May-16,Marathon,44,2:24:46,8686,Lucy KARIMI,6-Oct-86,KEN,1,29.60821918,Praha (CZE),1166,0.352777778,2016.352778
2016,1-Jan,14-Aug-16,Marathon,45,2:24:47,8687,Tirfi TSEGAYE,25-Nov-84,ETH,4,31.73972603,"Estádio Olímpico, Rio de Janeiro (BRA)",1166,0.619444444,2016.619444
2016,1-Jan,9-Oct-16,Marathon,45,2:24:47,8687,Purity Cherotich RIONORIPO,10-Jun-93,KEN,4,23.34794521,"Chicago, IL (USA)",1166,0.772222222,2016.772222
2016,1-Jan,14-Aug-16,Marathon,47,2:24:48,8688,Volha MAZURONAK,14-Apr-89,BLR,5,27.35342466,"Estádio Olímpico, Rio de Janeiro (BRA)",1166,0.619444444,2016.619444
2016,1-Jan,20-Nov-16,Marathon,47,2:24:48,8688,Valary JEMELI,8-Jun-91,KEN,1,25.47123288,Valencia (ESP),1166,0.886111111,2016.886111
2016,1-Jan,9-Oct-16,Marathon,49,2:24:49,8689,Yebrgual MELESE,18-Apr-90,ETH,5,26.49589041,"Chicago, IL (USA)",1166,0.772222222,2016.772222
2016,1-Jan,20-Mar-16,Marathon,50,2:24:59,8699,Agnes Jeruto BARSOSIO,5-Aug-82,KEN,3,33.64657534,Seoul (KOR),1164,0.219444444,2016.219444
2016,1-Jan,8-May-16,Marathon,51,2:25:00,8700,Purity Cherotich RIONORIPO,10-Jun-93,KEN,2,22.9260274,Praha (CZE),1164,0.352777778,2016.352778
2016,1-Jan,16-Oct-16,Marathon,51,2:25:00,8700,Eunice Chebichii CHUMBA,23-May-93,BRN,3,23.41643836,Amsterdam (NED),1164,0.791666667,2016.791667
2016,1-Jan,24-Apr-16,Marathon,53,2:25:03,8703,Boru Feyse TADESE,19-Nov-88,ETH,7,27.44657534,London (GBR),1164,0.313888889,2016.313889
2016,1-Jan,28-Feb-16,Marathon,54,2:25:04,8704,Shure DEMISE,21-Jan-96,ETH,6,20.11780822,Tokyo (JPN),1164,0.158333333,2016.158333
2016,1-Jan,13-Mar-16,Marathon,55,2:25:09,8709,Sayaka KUWAHARA,8-Mar-93,JPN,6,23.03013699,Nagoya (JPN),1163,0.2,2016.2
2016,1-Jan,20-Nov-16,Marathon,56,2:25:13,8713,Nancy Jepkosgei KIPROP,7-Jul-79,KEN,2,37.4,Valencia (ESP),1162,0.886111111,2016.886111
2016,1-Jan,16-Oct-16,Marathon,57,2:25:16,8716,Shure DEMISE,21-Jan-96,ETH,1,20.75068493,Toronto (CAN),1162,0.791666667,2016.791667
2016,1-Jan,13-Mar-16,Marathon,58,2:25:26,8726,Valary JEMELI,8-Jun-91,KEN,1,24.78082192,Barcelona (ESP),1160,0.2,2016.2
2016,1-Jan,14-Aug-16,Marathon,58,2:25:26,8726,Shalane FLANAGAN,8-Jul-81,USA,6,35.1260274,"Estádio Olímpico, Rio de Janeiro (BRA)",1160,0.619444444,2016.619444
2016,1-Jan,10-Apr-16,Marathon,60,2:25:27,8727,Ruti AGA,16-Jan-94,ETH,2,22.24657534,Wien (AUT),1160,0.275,2016.275
2016,1-Jan,30-Oct-16,Marathon,60,2:25:27,8727,Mamitu DASKA,16-Oct-83,ETH,1,33.0630137,Frankfurt (GER),1160,0.830555556,2016.830556
2016,1-Jan,13-Mar-16,Marathon,62,2:25:29,8729,Shiho TAKECHI,18-Aug-90,JPN,7,25.58630137,Nagoya (JPN),1160,0.2,2016.2
2016,1-Jan,22-Jan-16,Marathon,63,2:25:36,8736,Shitaye ESHETE,21-May-90,BRN,6,25.69041096,Dubai (UAE),1159,0.058333333,2016.058333
2016,1-Jan,30-Oct-16,Marathon,64,2:25:42,8742,Fate TOLA,22-Oct-87,GER,2,29.04383562,Frankfurt (GER),1158,0.830555556,2016.830556
2016,1-Jan,10-Apr-16,Marathon,65,2:25:43,8743,Meseret LEGESE,26-Aug-87,ETH,1,28.64383562,Wuhan (CHN),1157,0.275,2016.275
2016,1-Jan,28-Feb-16,Marathon,66,2:25:50,8750,Ashete BEKERE,17-Apr-88,ETH,7,27.88493151,Tokyo (JPN),1156,0.158333333,2016.158333
2016,1-Jan,3-Apr-16,Marathon,67,2:25:53,8753,Visiline JEPKESHO,30-Dec-89,KEN,1,26.27671233,Paris (FRA),1156,0.255555556,2016.255556
2016,1-Jan,17-Sep-16,Marathon,68,2:25:56,8756,Meseret MENGISTU,6-Mar-90,ETH,1,26.55342466,Beijing (CHN),1155,0.711111111,2016.711111
2016,1-Jan,16-Oct-16,Marathon,69,2:25:57,8757,Prisca JEPTOO,24-Jun-84,KEN,4,32.33424658,Amsterdam (NED),1155,0.791666667,2016.791667
2016,1-Jan,13-Nov-16,Marathon,70,2:25:58,8758,Amane GOBENA,11-Sep-86,ETH,2,30.19452055,Saitama (JPN),1155,0.866666667,2016.866667
2016,1-Jan,17-Jan-16,Marathon,71,2:26:07,8767,Bruktayit ESHETU,29-Sep-90,ETH,1,25.31780822,"Houston, TX (USA)",1154,0.044444444,2016.044444
2016,1-Jan,14-Aug-16,Marathon,72,2:26:08,8768,Desiree LINDEN,26-Jul-83,USA,7,33.07671233,"Estádio Olímpico, Rio de Janeiro (BRA)",1153,0.619444444,2016.619444
2016,1-Jan,17-Sep-16,Marathon,73,2:26:10,8770,Melkam GIZAW,17-Sep-90,ETH,2,26.01917808,Beijing (CHN),1153,0.711111111,2016.711111
2016,1-Jan,20-Nov-16,Marathon,74,2:26:11,8771,Bethelhem MOGES,3-May-91,ETH,3,25.56986301,Valencia (ESP),1153,0.886111111,2016.886111
2016,1-Jan,20-Mar-16,Marathon,75,2:26:13,8773,Ruihuan LIU,29-Jun-92,CHN,1,23.73972603,Chongqing (CHN),1153,0.219444444,2016.219444
2016,1-Jan,3-Apr-16,Marathon,76,2:26:14,8774,Gulume CHALA,11-Sep-92,ETH,2,23.57534247,Paris (FRA),1153,0.255555556,2016.255556
2016,1-Jan,10-Apr-16,Marathon,77,2:26:15,8775,Letebrhan Haylay GEBRESLASEA,29-Nov-90,ETH,1,25.38082192,Rotterdam (NED),1152,0.275,2016.275
2016,1-Jan,30-Oct-16,Marathon,78,2:26:18,8778,Roza DEREJE,9-May-97,ETH,1,19.49041096,Shanghai (CHN),1152,0.830555556,2016.830556
2016,1-Jan,30-Oct-16,Marathon,79,2:26:20,8780,Margaret AGAI,10-Jun-88,KEN,2,28.40821918,Shanghai (CHN),1152,0.830555556,2016.830556
2016,1-Jan,17-Apr-16,Marathon,80,2:26:26,8786,Meseret Hailu DEBELE,12-Sep-90,ETH,2,25.61369863,Hamburg (GER),1151,0.294444444,2016.294444
2016,1-Jan,16-Oct-16,Marathon,81,2:26:29,8789,Tadelech BEKELE,11-Apr-91,ETH,2,25.53424658,Toronto (CAN),1150,0.791666667,2016.791667
2016,1-Jan,22-Jan-16,Marathon,82,2:26:34,8794,Mestawat TUFA,14-Sep-83,ETH,7,32.37808219,Dubai (UAE),1149,0.058333333,2016.058333
2016,1-Jan,13-Mar-16,Marathon,83,2:26:36,8796,Bethelhem MOGES,3-May-91,ETH,8,24.87945205,Nagoya (JPN),1149,0.2,2016.2
2016,1-Jan,3-Jul-16,Marathon,84,2:26:40,8800,Misato HORIE,10-Mar-87,JPN,1,29.3369863,Gold Coast (AUS),1148,0.505555556,2016.505556
2016,1-Jan,2-Jan-16,Marathon,85,2:26:53,8813,Fantu JIMMA,11-Sep-87,ETH,3,28.32876712,Xiamen (CHN),1146,0.002777778,2016.002778
2016,1-Jan,29-May-16,Marathon,86,2:27:06,8826,Koren Jelila YAL,18-Jan-87,ETH,1,29.38082192,Ottawa (CAN),1144,0.411111111,2016.411111
2016,1-Jan,2-Jan-16,Marathon,87,2:27:07,8827,Meseret LEGESE,26-Aug-87,ETH,4,28.37260274,Xiamen (CHN),1144,0.002777778,2016.002778
2016,1-Jan,30-Oct-16,Marathon,87,2:27:07,8827,Sarah CHEBET,14-Jul-88,KEN,3,28.31506849,Frankfurt (GER),1144,0.830555556,2016.830556
2016,1-Jan,30-Oct-16,Marathon,89,2:27:08,8828,Wude AYALEW,4-Jul-87,ETH,3,29.34520548,Shanghai (CHN),1144,0.830555556,2016.830556
2016,1-Jan,20-Mar-16,Marathon,90,2:27:23,8843,Janet Jelagat RONO,8-Dec-88,KEN,4,27.29863014,Seoul (KOR),1142,0.219444444,2016.219444
2016,1-Jan,8-May-16,Marathon,90,2:27:23,8843,Risper CHEBET,6-Jun-92,KEN,3,23.9369863,Praha (CZE),1142,0.352777778,2016.352778
2016,1-Jan,13-Mar-16,Marathon,92,2:27:27,8847,Michi NUMATA,6-May-89,JPN,9,26.87123288,Nagoya (JPN),1141,0.2,2016.2
2016,1-Jan,24-Apr-16,Marathon,92,2:27:27,8847,Prisca JEPTOO,24-Jun-84,KEN,8,31.85479452,London (GBR),1141,0.313888889,2016.313889
2016,1-Jan,17-Jan-16,Marathon,94,2:27:35,8855,Lisa WEIGHTMAN,16-Jan-79,AUS,2,37.02739726,"Houston, TX (USA)",1140,0.044444444,2016.044444
2016,1-Jan,28-Feb-16,Marathon,95,2:27:36,8856,Maja NEUENSCHWANDER,13-Feb-80,SUI,8,36.06575342,Tokyo (JPN),1140,0.158333333,2016.158333
2016,1-Jan,14-Aug-16,Marathon,95,2:27:36,8856,Rose CHELIMO,12-Jul-89,BRN,8,27.10958904,"Estádio Olímpico, Rio de Janeiro (BRA)",1140,0.619444444,2016.619444
2016,1-Jan,3-Apr-16,Marathon,97,2:27:39,8859,Caroline Cheptanui KILEL,21-Mar-81,KEN,1,35.06027397,Daegu (KOR),1139,0.255555556,2016.255556
2016,1-Jan,27-Mar-16,Marathon,98,2:27:40,8860,Leah KIPRONO,15-Apr-80,KEN,1,35.97260274,Zhengzhou (CHN),1139,0.238888889,2016.238889
2016,1-Jan,3-Apr-16,Marathon,98,2:27:40,8860,Inés MELCHOR,30-Aug-86,PER,2,29.61369863,Daegu (KOR),1139,0.255555556,2016.255556
2016,1-Jan,23-Oct-16,Marathon,100,2:27:41,8861,Priscah Jepleting CHERONO,27-Jun-80,KEN,1,36.34794521,Venezia (ITA),1139,0.811111111,2016.811111
2015,1-Jan,27-Sep-15,Marathon,1,2:19:25,8365,Gladys CHERONO,12-May-83,KEN,1,32.4,Berlin (GER),1218,0.738888889,2015.738889
2015,1-Jan,3-Jan-15,Marathon,2,2:19:52,8392,Mare DIBABA,20-Oct-89,ETH,1,25.22191781,Xiamen (CHN),1214,0.005555556,2015.005556
2015,1-Jan,23-Jan-15,Marathon,3,2:20:02,8402,Asselefech MEDESSA MERGIA,23-Jan-85,ETH,1,30.01917808,Dubai (UAE),1212,0.061111111,2015.061111
2015,1-Jan,23-Jan-15,Marathon,4,2:20:03,8403,Gladys CHERONO,12-May-83,KEN,2,31.72328767,Dubai (UAE),1212,0.061111111,2015.061111
2015,1-Jan,23-Jan-15,Marathon,5,2:20:21,8421,Lucy Kabuu WANGUI,24-Mar-84,KEN,3,30.85479452,Dubai (UAE),1209,0.061111111,2015.061111
2015,1-Jan,27-Sep-15,Marathon,6,2:20:48,8448,Aberu KEBEDE,12-Sep-86,ETH,2,29.06027397,Berlin (GER),1205,0.738888889,2015.738889
2015,1-Jan,23-Jan-15,Marathon,7,2:20:59,8459,Shure DEMISE,21-Jan-96,ETH,4,19.01917808,Dubai (UAE),1203,0.061111111,2015.061111
2015,1-Jan,23-Jan-15,Marathon,8,2:21:17,8477,Aberu KEBEDE,12-Sep-86,ETH,5,28.38356164,Dubai (UAE),1200,0.061111111,2015.061111
2015,1-Jan,23-Jan-15,Marathon,9,2:21:56,8516,Mulu SEBOKA,25-Sep-84,ETH,6,30.34794521,Dubai (UAE),1194,0.061111111,2015.061111
2015,1-Jan,8-Mar-15,Marathon,10,2:22:08,8528,Eunice Jepkirui KIRWA,20-May-84,BRN,1,30.81917808,Nagoya (JPN),1192,0.186111111,2015.186111
2015,1-Jan,8-Mar-15,Marathon,11,2:22:48,8568,Sairi MAEDA,7-Nov-91,JPN,2,23.34794521,Nagoya (JPN),1185,0.186111111,2015.186111
2015,1-Jan,23-Jan-15,Marathon,12,2:22:51,8571,Tadelech BEKELE,11-Apr-91,ETH,7,23.80273973,Dubai (UAE),1185,0.061111111,2015.061111
2015,1-Jan,25-Oct-15,Marathon,13,2:23:12,8592,Gulume CHALA,11-Sep-92,ETH,1,23.13424658,Frankfurt (GER),1181,0.816666667,2015.816667
2015,1-Jan,25-Oct-15,Marathon,13,2:23:12,8592,Dinknesh Mekash TEFERA,11-Sep-85,ETH,2,30.13972603,Frankfurt (GER),1181,0.816666667,2015.816667
2015,1-Jan,22-Feb-15,Marathon,15,2:23:15,8595,Birhane DIBABA,11-Sep-93,ETH,1,21.4630137,Tokyo (JPN),1181,0.141666667,2015.141667
2015,1-Jan,26-Apr-15,Marathon,16,2:23:22,8602,Tigist TUFA,26-Jan-87,ETH,1,28.26575342,London (GBR),1180,0.319444444,2015.319444
2015,1-Jan,18-Jan-15,Marathon,17,2:23:23,8603,Yebrgual MELESE,18-Apr-90,ETH,1,24.76986301,"Houston, TX (USA)",1180,0.047222222,2015.047222
2015,1-Jan,12-Apr-15,Marathon,18,2:23:26,8606,Meseret MENGISTU,6-Mar-90,ETH,1,25.11780822,Paris (FRA),1179,0.280555556,2015.280556
2015,1-Jan,12-Apr-15,Marathon,19,2:23:30,8610,Amane GOBENA,11-Sep-86,ETH,2,28.60273973,Paris (FRA),1179,0.280555556,2015.280556
2015,1-Jan,18-Jan-15,Marathon,20,2:23:32,8612,Gutemi Shone IMANA,17-Nov-91,ETH,2,23.18630137,"Houston, TX (USA)",1178,0.047222222,2015.047222
2015,1-Jan,23-Jan-15,Marathon,21,2:23:33,8613,Abebech AFEWORK,11-Dec-90,ETH,8,24.13424658,Dubai (UAE),1178,0.061111111,2015.061111
2015,1-Jan,11-Oct-15,Marathon,21,2:23:33,8613,Florence KIPLAGAT,27-Feb-87,KEN,1,28.63835616,"Chicago, IL (USA)",1178,0.777777778,2015.777778
2015,1-Jan,18-Oct-15,Marathon,23,2:23:37,8617,Shure DEMISE,21-Jan-96,ETH,1,19.75342466,Toronto (CAN),1177,0.797222222,2015.797222
2015,1-Jan,26-Apr-15,Marathon,24,2:23:40,8620,Mary Jepkosgei KEITANY,18-Jan-82,KEN,2,33.29041096,London (GBR),1177,0.319444444,2015.319444
2015,1-Jan,26-Apr-15,Marathon,25,2:23:41,8621,Tirfi TSEGAYE,25-Nov-84,ETH,3,30.43561644,London (GBR),1177,0.319444444,2015.319444
2015,1-Jan,23-Jan-15,Marathon,26,2:23:43,8623,Ashete BEKERE,17-Apr-88,ETH,9,26.78630137,Dubai (UAE),1176,0.061111111,2015.061111
2015,1-Jan,11-Oct-15,Marathon,26,2:23:43,8623,Yebrgual MELESE,18-Apr-90,ETH,2,25.49863014,"Chicago, IL (USA)",1176,0.777777778,2015.777778
2015,1-Jan,3-May-15,Marathon,28,2:23:49,8629,Yebrgual MELESE,18-Apr-90,ETH,1,25.05753425,Praha (CZE),1176,0.338888889,2015.338889
2015,1-Jan,18-Jan-15,Marathon,29,2:23:51,8631,Bruktayit ESHETU,29-Sep-90,ETH,3,24.32054795,"Houston, TX (USA)",1175,0.047222222,2015.047222
2015,1-Jan,25-Oct-15,Marathon,30,2:23:52,8632,Koren Jelila YAL,18-Jan-87,ETH,3,28.78630137,Frankfurt (GER),1175,0.816666667,2015.816667
2015,1-Jan,26-Apr-15,Marathon,31,2:23:53,8633,Asselefech MEDESSA MERGIA,23-Jan-85,ETH,4,30.2739726,London (GBR),1175,0.319444444,2015.319444
2015,1-Jan,22-Feb-15,Marathon,32,2:24:03,8643,Helah Jelagat KIPROP,7-Apr-85,KEN,2,29.89863014,Tokyo (JPN),1173,0.141666667,2015.141667
2015,1-Jan,25-Jan-15,Marathon,33,2:24:07,8647,Jeļena PROKOPČUKA,21-Sep-76,LAT,1,38.36986301,Osaka (JPN),1173,0.066666667,2015.066667
2015,1-Jan,18-Oct-15,Marathon,34,2:24:11,8651,Joyce CHEPKIRUI,20-Aug-88,KEN,1,27.17808219,Amsterdam (NED),1172,0.797222222,2015.797222
2015,1-Jan,26-Apr-15,Marathon,35,2:24:15,8655,Florence KIPLAGAT,27-Feb-87,KEN,5,28.17808219,London (GBR),1171,0.319444444,2015.319444
2015,1-Jan,18-Oct-15,Marathon,36,2:24:16,8656,Sharon Jemutai CHEROP,16-Mar-84,KEN,2,31.6109589,Toronto (CAN),1171,0.797222222,2015.797222
2015,1-Jan,18-Oct-15,Marathon,36,2:24:16,8656,Fatuma SADO,11-Oct-91,ETH,3,24.03561644,Toronto (CAN),1171,0.797222222,2015.797222
2015,1-Jan,26-Apr-15,Marathon,38,2:24:23,8663,Jemima Jelagat SUMGONG,21-Dec-84,KEN,6,30.36438356,London (GBR),1170,0.319444444,2015.319444
2015,1-Jan,11-Oct-15,Marathon,39,2:24:24,8664,Birhane DIBABA,11-Sep-93,ETH,3,22.09589041,"Chicago, IL (USA)",1170,0.777777778,2015.777778
2015,1-Jan,11-Oct-15,Marathon,40,2:24:25,8665,Kayoko FUKUSHI,25-Mar-82,JPN,4,33.56986301,"Chicago, IL (USA)",1170,0.777777778,2015.777778
2015,1-Jan,1-Nov-15,Marathon,40,2:24:25,8665,Mary Jepkosgei KEITANY,18-Jan-82,KEN,1,33.80821918,"New York, NY (USA)",1170,0.833333333,2015.833333
2015,1-Jan,22-Feb-15,Marathon,42,2:24:26,8666,Tiki GELANA,22-Oct-87,ETH,3,27.35616438,Tokyo (JPN),1170,0.141666667,2015.141667
2015,1-Jan,23-Jan-15,Marathon,43,2:24:29,8669,Bethelhem MOGES,3-May-91,ETH,10,23.74246575,Dubai (UAE),1169,0.061111111,2015.061111
2015,1-Jan,27-Sep-15,Marathon,44,2:24:33,8673,Meseret Hailu DEBELE,12-Sep-90,ETH,3,25.05753425,Berlin (GER),1169,0.738888889,2015.738889
2015,1-Jan,18-Oct-15,Marathon,45,2:24:38,8678,Philomena CHEYECH,5-Jul-82,KEN,2,33.30958904,Amsterdam (NED),1168,0.797222222,2015.797222
2015,1-Jan,25-Oct-15,Marathon,45,2:24:38,8678,Sardana TROFIMOVA,28-Mar-88,RUS,4,27.59452055,Frankfurt (GER),1168,0.816666667,2015.816667
2015,1-Jan,11-Oct-15,Marathon,47,2:24:40,8680,Mulu SEBOKA,25-Sep-84,ETH,5,31.0630137,"Chicago, IL (USA)",1167,0.777777778,2015.777778
2015,1-Jan,8-Mar-15,Marathon,48,2:24:42,8682,Mai ITO,23-May-84,JPN,3,30.8109589,Nagoya (JPN),1167,0.186111111,2015.186111
2015,1-Jan,23-Jan-15,Marathon,49,2:24:44,8684,Sultan HAYDAR,23-Jun-87,TUR,11,27.60547945,Dubai (UAE),1167,0.061111111,2015.061111
2015,1-Jan,12-Apr-15,Marathon,49,2:24:44,8684,Visiline JEPKESHO,30-Dec-89,KEN,3,25.29863014,Paris (FRA),1167,0.280555556,2015.280556
2015,1-Jan,3-May-15,Marathon,51,2:24:49,8689,Sara MOREIRA,17-Oct-85,POR,2,29.56164384,Praha (CZE),1166,0.338888889,2015.338889
2015,1-Jan,26-Apr-15,Marathon,52,2:25:01,8701,Prisca JEPTOO,24-Jun-84,KEN,7,30.85753425,London (GBR),1164,0.319444444,2015.319444
2015,1-Jan,27-Sep-15,Marathon,52,2:25:01,8701,Tadelech BEKELE,11-Apr-91,ETH,4,24.47945205,Berlin (GER),1164,0.738888889,2015.738889
2015,1-Jan,18-Oct-15,Marathon,54,2:25:09,8709,Purity Cherotich RIONORIPO,10-Jun-93,KEN,1,22.36986301,Lisboa (POR),1163,0.797222222,2015.797222
2015,1-Jan,11-Oct-15,Marathon,55,2:25:11,8711,Meskerem ASSEFA,3-Oct-91,ETH,6,24.03835616,"Chicago, IL (USA)",1162,0.777777778,2015.777778
2015,1-Jan,26-Apr-15,Marathon,56,2:25:15,8715,Dulce FÉLIX,23-Oct-82,POR,8,32.52876712,London (GBR),1162,0.319444444,2015.319444
2015,1-Jan,23-Jan-15,Marathon,57,2:25:22,8722,Rebeca Kangogo CHESIR,4-Dec-92,KEN,12,22.15068493,Dubai (UAE),1161,0.061111111,2015.061111
2015,1-Jan,3-May-15,Marathon,58,2:25:24,8724,Letebrhan Haylay GEBRESLASEA,29-Nov-90,ETH,3,24.44109589,Praha (CZE),1160,0.338888889,2015.338889
2015,1-Jan,24-May-15,Marathon,59,2:25:30,8730,Aberu Mekuria ZENNEBE,24-Dec-83,ETH,1,31.43561644,Ottawa (CAN),1159,0.397222222,2015.397222
2015,1-Jan,1-Nov-15,Marathon,60,2:25:32,8732,Asselefech MEDESSA MERGIA,23-Jan-85,ETH,2,30.79178082,"New York, NY (USA)",1159,0.833333333,2015.833333
2015,1-Jan,26-Apr-15,Marathon,61,2:25:36,8736,Volha MAZURONAK,14-Apr-89,BLR,9,26.04931507,London (GBR),1159,0.319444444,2015.319444
2015,1-Jan,26-Apr-15,Marathon,62,2:25:41,8741,Meseret Hailu DEBELE,12-Sep-90,ETH,1,24.63561644,Hamburg (GER),1158,0.319444444,2015.319444
2015,1-Jan,24-May-15,Marathon,62,2:25:41,8741,Rebeca Kangogo CHESIR,4-Dec-92,KEN,2,22.48219178,Ottawa (CAN),1158,0.397222222,2015.397222
2015,1-Jan,25-Oct-15,Marathon,64,2:25:42,8742,Melkam GIZAW,17-Sep-90,ETH,1,25.12054795,Ljubljana (SLO),1158,0.816666667,2015.816667
2015,1-Jan,15-Nov-15,Marathon,65,2:25:44,8744,Atsede BAYISA,16-Apr-87,ETH,1,28.60273973,Saitama (JPN),1157,0.872222222,2015.872222
2015,1-Jan,26-Sep-15,Marathon,66,2:25:46,8746,Agnes KIPROP,14-Jan-80,KEN,1,35.72328767,Hengshui (CHN),1157,0.736111111,2015.736111
2015,1-Jan,1-Nov-15,Marathon,67,2:25:50,8750,Tigist TUFA,26-Jan-87,ETH,3,28.78356164,"New York, NY (USA)",1156,0.833333333,2015.833333
2015,1-Jan,24-May-15,Marathon,68,2:25:53,8753,Abebech AFEWORK,11-Dec-90,ETH,3,24.46575342,Ottawa (CAN),1156,0.397222222,2015.397222
2015,1-Jan,1-Nov-15,Marathon,68,2:25:53,8753,Sara MOREIRA,17-Oct-85,POR,4,30.06027397,"New York, NY (USA)",1156,0.833333333,2015.833333
2015,1-Jan,23-Jan-15,Marathon,70,2:25:58,8758,Aberu Mekuria ZENNEBE,24-Dec-83,ETH,13,31.10410959,Dubai (UAE),1155,0.061111111,2015.061111
2015,1-Jan,12-Apr-15,Marathon,70,2:25:58,8758,Meskerem ASSEFA,3-Oct-91,ETH,4,23.53972603,Paris (FRA),1155,0.280555556,2015.280556
2015,1-Jan,26-Sep-15,Marathon,72,2:25:59,8759,Marta MEGRA,30-Dec-90,ETH,2,24.75616438,Hengshui (CHN),1155,0.736111111,2015.736111
2015,1-Jan,24-May-15,Marathon,73,2:26:12,8772,Agnes KIPROP,14-Jan-80,KEN,4,35.38082192,Ottawa (CAN),1153,0.397222222,2015.397222
2015,1-Jan,23-Jan-15,Marathon,74,2:26:14,8774,Fantu JIMMA,11-Sep-87,ETH,14,27.38630137,Dubai (UAE),1153,0.061111111,2015.061111
2015,1-Jan,26-Apr-15,Marathon,75,2:26:16,8776,Sylvia Jebiwot KIBET,28-Mar-84,KEN,2,31.09863014,Hamburg (GER),1152,0.319444444,2015.319444
2015,1-Jan,12-Apr-15,Marathon,76,2:26:20,8780,Marta MEGRA,30-Dec-90,ETH,5,24.29863014,Paris (FRA),1152,0.280555556,2015.280556
2015,1-Jan,15-Mar-15,Marathon,77,2:26:22,8782,Gutemi Shone IMANA,17-Nov-91,ETH,1,23.33972603,Seoul (KOR),1151,0.205555556,2015.205556
2015,1-Jan,8-Nov-15,Marathon,78,2:26:23,8783,Rael Nguriatukei KINYARA,4-Apr-84,KEN,1,31.61643836,Shanghai (CHN),1151,0.852777778,2015.852778
2015,1-Jan,26-Apr-15,Marathon,79,2:26:25,8785,Fatuma SADO,11-Oct-91,ETH,1,23.55616438,Warszawa (POL),1151,0.319444444,2015.319444
2015,1-Jan,12-Apr-15,Marathon,80,2:26:30,8790,Asami KATO,12-Oct-90,JPN,1,24.51506849,Rotterdam (NED),1150,0.280555556,2015.280556
2015,1-Jan,3-May-15,Marathon,81,2:26:31,8791,Janet Jelagat RONO,8-Dec-88,KEN,4,26.41643836,Praha (CZE),1150,0.338888889,2015.338889
2015,1-Jan,25-Jan-15,Marathon,82,2:26:39,8799,Risa SHIGETOMO,29-Aug-87,JPN,2,27.42739726,Osaka (JPN),1149,0.066666667,2015.066667
2015,1-Jan,22-Feb-15,Marathon,83,2:26:43,8803,Selly Chepyego KAPTICH,3-Oct-85,KEN,4,29.40821918,Tokyo (JPN),1148,0.141666667,2015.141667
2015,1-Jan,24-May-15,Marathon,84,2:26:45,8805,Meselech MELKAMU,19-Apr-85,ETH,5,30.11506849,Ottawa (CAN),1148,0.397222222,2015.397222
2015,1-Jan,27-Sep-15,Marathon,85,2:26:46,8806,Andrea DEELTSTRA,6-Mar-85,NED,5,30.58082192,Berlin (GER),1147,0.738888889,2015.738889
2015,1-Jan,12-Apr-15,Marathon,86,2:26:48,8808,Bruktayit ESHETU,29-Sep-90,ETH,6,24.55068493,Paris (FRA),1147,0.280555556,2015.280556
2015,1-Jan,27-Sep-15,Marathon,87,2:26:49,8809,Maja NEUENSCHWANDER,13-Feb-80,SUI,6,35.64383562,Berlin (GER),1147,0.738888889,2015.738889
2015,1-Jan,22-Feb-15,Marathon,88,2:26:54,8814,Philomena CHEYECH,5-Jul-82,KEN,5,32.65753425,Tokyo (JPN),1146,0.141666667,2015.141667
2015,1-Jan,22-Mar-15,Marathon,88,2:26:54,8814,Changqin DING,27-Nov-91,CHN,1,23.33150685,Chongqing (CHN),1146,0.225,2015.225
2015,1-Jan,3-May-15,Marathon,90,2:26:55,8815,Ashete BEKERE,17-Apr-88,ETH,5,27.06027397,Praha (CZE),1146,0.338888889,2015.338889
2015,1-Jan,1-Nov-15,Marathon,91,2:26:57,8817,Christelle DAUNAY,5-Dec-74,FRA,5,40.93424658,"New York, NY (USA)",1146,0.833333333,2015.833333
2015,1-Jan,15-Nov-15,Marathon,91,2:26:57,8817,Beata NAIGAMBO,11-Mar-80,NAM,1,35.70410959,Valencia (ESP),1146,0.872222222,2015.872222
2015,1-Jan,1-Nov-15,Marathon,93,2:27:03,8823,Prisca JEPTOO,24-Jun-84,KEN,6,31.37534247,"New York, NY (USA)",1145,0.833333333,2015.833333
2015,1-Jan,26-Apr-15,Marathon,94,2:27:06,8826,Mercy KIBARUS,25-Feb-84,KEN,2,31.18630137,Warszawa (POL),1144,0.319444444,2015.319444
2015,1-Jan,23-Jan-15,Marathon,95,2:27:08,8828,Lucy KARIMI,6-Oct-86,KEN,15,28.31780822,Dubai (UAE),1144,0.061111111,2015.061111
2015,1-Jan,18-Jan-15,Marathon,96,2:27:12,8832,Sechale DALASA,20-Sep-91,ETH,4,23.34520548,"Houston, TX (USA)",1143,0.047222222,2015.047222
2015,1-Jan,24-May-15,Marathon,97,2:27:14,8834,Yeshi ESAYIAS,28-Dec-85,ETH,6,29.42191781,Ottawa (CAN),1143,0.397222222,2015.397222
2015,1-Jan,26-Apr-15,Marathon,98,2:27:16,8836,Edna Ngeringwony KIPLAGAT,15-Nov-79,KEN,10,35.46849315,London (GBR),1143,0.319444444,2015.319444
2015,1-Jan,25-Oct-15,Marathon,99,2:27:17,8837,Meseret TOLWAK,8-Nov-93,ETH,5,21.97534247,Frankfurt (GER),1143,0.816666667,2015.816667
2015,1-Jan,3-May-15,Marathon,100,2:27:20,8840,Bethelhem MOGES,3-May-91,ETH,6,24.01643836,Praha (CZE),1142,0.338888889,2015.338889
2014,1-Jan,28-Sep-14,Marathon,1,2:20:18,8418,Tirfi TSEGAYE,25-Nov-84,ETH,1,29.86027397,Berlin (GER),1209,0.741666667,2014.741667
2014,1-Jan,13-Apr-14,Marathon,2,2:20:21,8421,Edna Ngeringwony KIPLAGAT,15-Nov-79,KEN,1,34.43287671,London (GBR),1209,0.283333333,2014.283333
2014,1-Jan,13-Apr-14,Marathon,3,2:20:24,8424,Florence KIPLAGAT,27-Feb-87,KEN,2,27.14246575,London (GBR),1208,0.283333333,2014.283333
2014,1-Jan,28-Sep-14,Marathon,4,2:20:27,8427,Boru Feyse TADESE,19-Nov-88,ETH,2,25.8739726,Berlin (GER),1208,0.741666667,2014.741667
2014,1-Jan,13-Apr-14,Marathon,5,2:20:35,8435,Tirunesh DIBABA,1-Jun-85,ETH,3,28.88493151,London (GBR),1207,0.283333333,2014.283333
2014,1-Jan,28-Sep-14,Marathon,6,2:21:14,8474,Shalane FLANAGAN,8-Jul-81,USA,3,33.24657534,Berlin (GER),1200,0.741666667,2014.741667
2014,1-Jan,2-Jan-14,Marathon,7,2:21:36,8496,Mare DIBABA,20-Oct-89,ETH,1,24.21917808,Xiamen (CHN),1197,0.002777778,2014.002778
2014,1-Jan,13-Apr-14,Marathon,8,2:21:42,8502,Boru Feyse TADESE,19-Nov-88,ETH,4,25.41369863,London (GBR),1196,0.283333333,2014.283333
2014,1-Jan,2-Nov-14,Marathon,9,2:21:52,8512,Tigist TUFA,26-Jan-87,ETH,1,27.78630137,Shanghai (CHN),1194,0.836111111,2014.836111
2014,1-Jan,26-Oct-14,Marathon,10,2:22:21,8541,Aberu KEBEDE,12-Sep-86,ETH,1,28.13972603,Frankfurt (GER),1190,0.819444444,2014.819444
2014,1-Jan,23-Feb-14,Marathon,11,2:22:23,8543,Tirfi TSEGAYE,25-Nov-84,ETH,1,29.26575342,Tokyo (JPN),1189,0.144444444,2014.144444
2014,1-Jan,23-Feb-14,Marathon,12,2:22:30,8550,Birhane DIBABA,11-Sep-93,ETH,2,20.46575342,Tokyo (JPN),1188,0.144444444,2014.144444
2014,1-Jan,6-Apr-14,Marathon,13,2:22:44,8564,Philomena CHEYECH,5-Jul-82,KEN,1,31.77534247,Paris (FRA),1186,0.263888889,2014.263889
2014,1-Jan,28-Sep-14,Marathon,14,2:23:02,8582,Tadelech BEKELE,11-Apr-91,ETH,4,23.48219178,Berlin (GER),1183,0.741666667,2014.741667
2014,1-Jan,19-Oct-14,Marathon,15,2:23:15,8595,Mulu SEBOKA,25-Sep-84,ETH,1,30.08493151,Toronto (CAN),1181,0.8,2014.8
2014,1-Jan,13-Apr-14,Marathon,16,2:23:21,8601,Aberu KEBEDE,12-Sep-86,ETH,5,27.60273973,London (GBR),1180,0.283333333,2014.283333
2014,1-Jan,11-May-14,Marathon,17,2:23:34,8614,Firehiwot Tesfaye DADO,9-Jan-84,ETH,1,30.35616438,Praha (CZE),1178,0.361111111,2014.361111
2014,1-Jan,26-Oct-14,Marathon,18,2:23:44,8624,Sharon Jemutai CHEROP,16-Mar-84,KEN,2,30.63287671,Frankfurt (GER),1176,0.819444444,2014.819444
2014,1-Jan,9-Mar-14,Marathon,19,2:24:07,8647,Jeļena PROKOPČUKA,21-Sep-76,LAT,1,37.48767123,Nagoya (JPN),1173,0.188888889,2014.188889
2014,1-Jan,23-Feb-14,Marathon,20,2:24:16,8656,Lucy Kabuu WANGUI,24-Mar-84,KEN,3,29.93972603,Tokyo (JPN),1171,0.144444444,2014.144444
2014,1-Jan,13-Apr-14,Marathon,21,2:24:25,8665,Jessica AUGUSTO,8-Nov-81,POR,6,32.44931507,London (GBR),1170,0.283333333,2014.283333
2014,1-Jan,25-May-14,Marathon,22,2:24:31,8671,Tigist TUFA,26-Jan-87,ETH,1,27.34520548,Ottawa (CAN),1169,0.4,2014.4
2014,1-Jan,23-Feb-14,Marathon,23,2:24:35,8675,Caroline ROTICH,13-May-84,KEN,4,29.80273973,Tokyo (JPN),1168,0.144444444,2014.144444
2014,1-Jan,26-Oct-14,Marathon,24,2:24:59,8699,Ashete BEKERE,17-Apr-88,ETH,3,26.54246575,Frankfurt (GER),1164,0.819444444,2014.819444
2014,1-Jan,24-Jan-14,Marathon,25,2:25:01,8701,Mulu SEBOKA,25-Sep-84,ETH,1,29.35068493,Dubai (UAE),1164,0.063888889,2014.063889
2014,1-Jan,28-Sep-14,Marathon,26,2:25:02,8702,Abebech AFEWORK,11-Dec-90,ETH,5,23.81369863,Berlin (GER),1164,0.741666667,2014.741667
2014,1-Jan,2-Nov-14,Marathon,27,2:25:07,8707,Mary Jepkosgei KEITANY,18-Jan-82,KEN,1,32.8109589,"New York, NY (USA)",1163,0.836111111,2014.836111
2014,1-Jan,2-Nov-14,Marathon,28,2:25:10,8710,Jemima Jelagat SUMGONG,21-Dec-84,KEN,2,29.88493151,"New York, NY (USA)",1163,0.836111111,2014.836111
2014,1-Jan,16-Aug-14,Marathon,29,2:25:14,8714,Christelle DAUNAY,5-Dec-74,FRA,1,39.72328767,"Letzigrund, Zürich (SUI)",1162,0.625,2014.625
2014,1-Jan,26-Oct-14,Marathon,29,2:25:14,8714,Emily Chemutai NGETICH,27-Sep-84,KEN,4,30.09863014,Frankfurt (GER),1162,0.819444444,2014.819444
2014,1-Jan,2-Nov-14,Marathon,31,2:25:22,8722,Caroline Cheptanui KILEL,21-Mar-81,KEN,2,33.64109589,Shanghai (CHN),1161,0.836111111,2014.836111
2014,1-Jan,24-Jan-14,Marathon,32,2:25:23,8723,Meselech MELKAMU,19-Apr-85,ETH,2,28.78630137,Dubai (UAE),1161,0.063888889,2014.063889
2014,1-Jan,6-Apr-14,Marathon,32,2:25:23,8723,Mulu SEBOKA,25-Sep-84,ETH,1,29.54794521,Daegu (KOR),1161,0.263888889,2014.263889
2014,1-Jan,9-Mar-14,Marathon,34,2:25:26,8726,Ryoko KIZAKI,21-Jun-85,JPN,2,28.73424658,Nagoya (JPN),1160,0.188888889,2014.188889
2014,1-Jan,16-Aug-14,Marathon,35,2:25:27,8727,Valeria STRANEO,5-Apr-76,ITA,2,38.3890411,"Letzigrund, Zürich (SUI)",1160,0.625,2014.625
2014,1-Jan,9-Mar-14,Marathon,36,2:25:31,8731,Eri HAYAKAWA,15-Nov-81,JPN,3,32.33424658,Nagoya (JPN),1159,0.188888889,2014.188889
2014,1-Jan,2-Oct-14,Marathon,37,2:25:37,8737,Eunice Jepkirui KIRWA,20-May-84,BRN,1,30.3890411,Incheon (KOR),1158,0.752777778,2014.752778
2014,1-Jan,12-Oct-14,Marathon,37,2:25:37,8737,Mare DIBABA,20-Oct-89,ETH,1,24.99452055,"Chicago, IL (USA)",1158,0.780555556,2014.780556
2014,1-Jan,16-Aug-14,Marathon,39,2:25:41,8741,Jessica AUGUSTO,8-Nov-81,POR,3,32.79178082,"Letzigrund, Zürich (SUI)",1158,0.625,2014.625
2014,1-Jan,2-Oct-14,Marathon,40,2:25:50,8750,Ryoko KIZAKI,21-Jun-85,JPN,2,29.30136986,Incheon (KOR),1156,0.752777778,2014.752778
2014,1-Jan,19-Jan-14,Marathon,41,2:25:52,8752,Abebech AFEWORK,11-Dec-90,ETH,1,23.12328767,"Houston, TX (USA)",1156,0.05,2014.05
2014,1-Jan,24-Jan-14,Marathon,42,2:25:53,8753,Firehiwot Tesfaye DADO,9-Jan-84,ETH,3,30.0630137,Dubai (UAE),1156,0.063888889,2014.063889
2014,1-Jan,12-Oct-14,Marathon,43,2:25:57,8757,Florence KIPLAGAT,27-Feb-87,KEN,2,27.64109589,"Chicago, IL (USA)",1155,0.780555556,2014.780556
2014,1-Jan,19-Jan-14,Marathon,44,2:25:59,8759,Meskerem ASSEFA,3-Oct-91,ETH,2,22.31232877,"Houston, TX (USA)",1155,0.05,2014.05
2014,1-Jan,26-Jan-14,Marathon,45,2:26:00,8760,Yukiko AKABA,18-Oct-79,JPN,1,34.29863014,Osaka (JPN),1155,0.069444444,2014.069444
2014,1-Jan,2-Nov-14,Marathon,45,2:26:00,8760,Sara MOREIRA,17-Oct-85,POR,3,29.0630137,"New York, NY (USA)",1155,0.836111111,2014.836111
2014,1-Jan,19-Jan-14,Marathon,47,2:26:03,8763,Gelete BURKA,23-Jan-86,ETH,3,28.00821918,"Houston, TX (USA)",1154,0.05,2014.05
2014,1-Jan,23-Feb-14,Marathon,47,2:26:03,8763,Janet Jelagat RONO,8-Dec-88,KEN,5,25.22739726,Tokyo (JPN),1154,0.144444444,2014.144444
2014,1-Jan,9-Mar-14,Marathon,49,2:26:05,8765,Tomomi TANAKA,25-Sep-88,JPN,4,25.46849315,Nagoya (JPN),1154,0.188888889,2014.188889
2014,1-Jan,20-Dec-14,Marathon,50,2:26:12,8772,Eunice Jepkirui KIRWA,20-May-84,BRN,1,30.60547945,Danzhou (CHN),1153,0.969444444,2014.969444
2014,1-Jan,2-Nov-14,Marathon,51,2:26:15,8775,Jeļena PROKOPČUKA,21-Sep-76,LAT,4,38.13972603,"New York, NY (USA)",1152,0.836111111,2014.836111
2014,1-Jan,24-Jan-14,Marathon,52,2:26:20,8780,Meseret Hailu DEBELE,12-Sep-90,ETH,4,23.38356164,Dubai (UAE),1152,0.063888889,2014.063889
2014,1-Jan,6-Apr-14,Marathon,53,2:26:21,8781,Yebrgual MELESE,18-Apr-90,ETH,2,23.98356164,Paris (FRA),1151,0.263888889,2014.263889
2014,1-Jan,19-Jan-14,Marathon,54,2:26:22,8782,Bruktayit ESHETU,29-Sep-90,ETH,4,23.32328767,"Houston, TX (USA)",1151,0.05,2014.05
2014,1-Jan,28-Sep-14,Marathon,55,2:26:25,8785,Kayoko FUKUSHI,25-Mar-82,JPN,6,32.53424658,Berlin (GER),1151,0.741666667,2014.741667
2014,1-Jan,26-Jan-14,Marathon,56,2:26:31,8791,Karolina NADOLSKA,6-Sep-81,POL,2,32.4109589,Osaka (JPN),1150,0.069444444,2014.069444
2014,1-Jan,2-Jan-14,Marathon,57,2:26:36,8796,Meseret LEGESE,26-Aug-87,ETH,2,26.37260274,Xiamen (CHN),1149,0.002777778,2014.002778
2014,1-Jan,24-Jan-14,Marathon,58,2:26:42,8802,Bethelhem MOGES,3-May-91,ETH,5,22.74520548,Dubai (UAE),1148,0.063888889,2014.063889
2014,1-Jan,28-Sep-14,Marathon,59,2:26:44,8804,Anna HAHNER,20-Nov-89,GER,7,24.87123288,Berlin (GER),1148,0.741666667,2014.741667
2014,1-Jan,27-Jul-14,Marathon,60,2:26:45,8805,Philomena CHEYECH,5-Jul-82,KEN,1,32.08219178,"Hampden Park, Glasgow (GBR)",1148,0.572222222,2014.572222
2014,1-Jan,26-Jan-14,Marathon,61,2:26:46,8806,Sairi MAEDA,7-Nov-91,JPN,3,22.23561644,Osaka (JPN),1147,0.069444444,2014.069444
2014,1-Jan,13-Apr-14,Marathon,61,2:26:46,8806,Dulce FÉLIX,23-Oct-82,POR,7,31.49315068,London (GBR),1147,0.283333333,2014.283333
2014,1-Jan,4-May-14,Marathon,63,2:26:47,8807,Georgina RONO,19-May-80,KEN,1,33.98082192,Hamburg (GER),1147,0.341666667,2014.341667
2014,1-Jan,5-Oct-14,Marathon,63,2:26:47,8807,Visiline JEPKESHO,30-Dec-89,KEN,1,24.78082192,Lisboa (POR),1147,0.761111111,2014.761111
2014,1-Jan,28-Sep-14,Marathon,65,2:26:48,8808,Inés MELCHOR,30-Aug-86,PER,8,28.09863014,Berlin (GER),1147,0.741666667,2014.741667
2014,1-Jan,16-Nov-14,Marathon,66,2:26:57,8817,Tomomi TANAKA,25-Sep-88,JPN,1,26.15890411,Yokohama (JPN),1146,0.875,2014.875
2014,1-Jan,13-Apr-14,Marathon,67,2:26:58,8818,Tiki GELANA,22-Oct-87,ETH,8,26.49315068,London (GBR),1146,0.283333333,2014.283333
2014,1-Jan,16-Nov-14,Marathon,68,2:26:59,8819,Philes ONGORI,19-Jul-86,KEN,2,28.34794521,Yokohama (JPN),1145,0.875,2014.875
2014,1-Jan,12-Oct-14,Marathon,69,2:27:02,8822,Birhane DIBABA,11-Sep-93,ETH,3,21.09863014,"Chicago, IL (USA)",1145,0.780555556,2014.780556
2014,1-Jan,12-Oct-14,Marathon,70,2:27:03,8823,Amy CRAGG,21-Jan-84,USA,4,30.74520548,"Chicago, IL (USA)",1145,0.780555556,2014.780556
2014,1-Jan,24-Jan-14,Marathon,71,2:27:05,8825,Amane GOBENA,11-Sep-86,ETH,6,27.3890411,Dubai (UAE),1145,0.063888889,2014.063889
2014,1-Jan,13-Apr-14,Marathon,71,2:27:05,8825,Hye Gyong KIM,9-Mar-93,PRK,1,21.10958904,Pyongyang (PRK),1145,0.283333333,2014.283333
2014,1-Jan,27-Jul-14,Marathon,73,2:27:10,8830,Caroline Cheptanui KILEL,21-Mar-81,KEN,2,33.37260274,"Hampden Park, Glasgow (GBR)",1144,0.572222222,2014.572222
2014,1-Jan,19-Oct-14,Marathon,73,2:27:10,8830,Rael Nguriatukei KINYARA,4-Apr-84,KEN,2,30.56164384,Toronto (CAN),1144,0.8,2014.8
2014,1-Jan,26-Oct-14,Marathon,75,2:27:14,8834,Helah Jelagat KIPROP,7-Apr-85,KEN,5,29.57260274,Frankfurt (GER),1143,0.819444444,2014.819444
2014,1-Jan,16-Nov-14,Marathon,76,2:27:21,8841,Reia IWADE,8-Dec-94,JPN,3,19.95342466,Yokohama (JPN),1142,0.875,2014.875
2014,1-Jan,25-May-14,Marathon,77,2:27:26,8846,Meseret TOLWAK,8-Nov-93,ETH,2,20.55616438,Ottawa (CAN),1141,0.4,2014.4
2014,1-Jan,16-Mar-14,Marathon,78,2:27:29,8849,Helah Jelagat KIPROP,7-Apr-85,KEN,1,28.95890411,Seoul (KOR),1141,0.208333333,2014.208333
2014,1-Jan,4-May-14,Marathon,78,2:27:29,8849,Dinknesh Mekash TEFERA,11-Sep-85,ETH,2,28.6630137,Hamburg (GER),1141,0.341666667,2014.341667
2014,1-Jan,11-May-14,Marathon,80,2:27:31,8851,Fantu JIMMA,11-Sep-87,ETH,2,26.68219178,Praha (CZE),1140,0.361111111,2014.361111
2014,1-Jan,16-Nov-14,Marathon,81,2:27:32,8852,Caroline ROTICH,13-May-84,KEN,4,30.53150685,Yokohama (JPN),1140,0.875,2014.875
2014,1-Jan,24-Jan-14,Marathon,82,2:27:36,8856,Fantu JIMMA,11-Sep-87,ETH,7,26.3890411,Dubai (UAE),1140,0.063888889,2014.063889
2014,1-Jan,19-Jan-14,Marathon,83,2:27:37,8857,Makeda HARONA,5-Sep-88,ETH,5,25.3890411,"Houston, TX (USA)",1139,0.05,2014.05
2014,1-Jan,24-Jan-14,Marathon,84,2:27:44,8864,Goitetom Haftu TESEMA,1987,ETH,8,108.7013699,Dubai (UAE),1138,0.063888889,2014.063889
2014,1-Jan,16-Mar-14,Marathon,85,2:27:45,8865,Ashu KASIM,20-Oct-84,ETH,2,29.42191781,Seoul (KOR),1138,0.208333333,2014.208333
2014,1-Jan,24-Jan-14,Marathon,86,2:27:47,8867,Sechale DALASA,20-Sep-91,ETH,9,22.36164384,Dubai (UAE),1138,0.063888889,2014.063889
2014,1-Jan,13-Apr-14,Marathon,87,2:27:50,8870,Abebech AFEWORK,11-Dec-90,ETH,1,23.35342466,Rotterdam (NED),1137,0.283333333,2014.283333
2014,1-Jan,9-Mar-14,Marathon,88,2:27:51,8871,Agnes KIPROP,14-Jan-80,KEN,5,34.17260274,Nagoya (JPN),1137,0.188888889,2014.188889
2014,1-Jan,24-Jan-14,Marathon,89,2:27:54,8874,Sultan HAYDAR,23-Jun-87,TUR,10,26.60821918,Dubai (UAE),1137,0.063888889,2014.063889
2014,1-Jan,9-Mar-14,Marathon,90,2:27:57,8877,Misato HORIE,10-Mar-87,JPN,6,27.01643836,Nagoya (JPN),1136,0.188888889,2014.188889
2014,1-Jan,4-May-14,Marathon,90,2:27:57,8877,Winny JEPKORIR,10-Jun-90,KEN,3,23.91506849,Hamburg (GER),1136,0.341666667,2014.341667
2014,1-Jan,13-Apr-14,Marathon,92,2:27:58,8878,Hye-Song KIM,9-Mar-93,PRK,2,21.10958904,Pyongyang (PRK),1136,0.283333333,2014.283333
2014,1-Jan,6-Apr-14,Marathon,93,2:28:03,8883,Meseret LEGESE,26-Aug-87,ETH,2,26.63013699,Daegu (KOR),1135,0.263888889,2014.263889
2014,1-Jan,11-May-14,Marathon,94,2:28:04,8884,Ashete BEKERE,17-Apr-88,ETH,3,26.08219178,Praha (CZE),1135,0.361111111,2014.361111
2014,1-Jan,25-May-14,Marathon,95,2:28:05,8885,Agnes KIPROP,14-Jan-80,KEN,3,34.38356164,Ottawa (CAN),1135,0.4,2014.4
2014,1-Jan,26-Jan-14,Marathon,96,2:28:06,8886,Marta MEGRA,30-Dec-90,ETH,4,23.09041096,Osaka (JPN),1135,0.069444444,2014.069444
2014,1-Jan,19-Jan-14,Marathon,97,2:28:08,8888,Dinknesh Mekash TEFERA,11-Sep-85,ETH,1,28.37534247,Mumbai (IND),1135,0.05,2014.05
2014,1-Jan,24-Jan-14,Marathon,98,2:28:11,8891,Konjit TILAHUN,22-Sep-87,ETH,11,26.35890411,Dubai (UAE),1134,0.063888889,2014.063889
2014,1-Jan,2-Nov-14,Marathon,98,2:28:11,8891,Desiree DAVILA,26-Jul-83,USA,5,31.29315068,"New York, NY (USA)",1134,0.836111111,2014.836111
2014,1-Jan,13-Apr-14,Marathon,100,2:28:12,8892,Karolina NADOLSKA,6-Sep-81,POL,1,32.62191781,Łódź (POL),1134,0.283333333,2014.283333
2013,1-Jan,13-Oct-13,Marathon,1,2:19:57,8397,Rita Jeptoo SITIENEI,15-Feb-81,KEN,1,32.67945205,"Chicago, IL (USA)",1213,0.783333333,2013.783333
2013,1-Jan,21-Apr-13,Marathon,2,2:20:15,8415,Prisca JEPTOO,24-Jun-84,KEN,1,28.84383562,London (GBR),1210,0.305555556,2013.305556
2013,1-Jan,13-Oct-13,Marathon,3,2:20:48,8448,Jemima Jelagat SUMGONG,21-Dec-84,KEN,2,28.83013699,"Chicago, IL (USA)",1205,0.783333333,2013.783333
2013,1-Jan,7-Apr-13,Marathon,4,2:21:06,8466,Boru Feyse TADESE,19-Nov-88,ETH,1,24.39726027,Paris (FRA),1202,0.266666667,2013.266667
2013,1-Jan,29-Sep-13,Marathon,5,2:21:13,8473,Florence KIPLAGAT,27-Feb-87,KEN,1,26.60547945,Berlin (GER),1200,0.744444444,2013.744444
2013,1-Jan,21-Apr-13,Marathon,6,2:21:32,8492,Edna Ngeringwony KIPLAGAT,15-Nov-79,KEN,2,33.45479452,London (GBR),1197,0.305555556,2013.305556
2013,1-Jan,29-Sep-13,Marathon,7,2:22:28,8548,Sharon Jemutai CHEROP,16-Mar-84,KEN,2,29.55890411,Berlin (GER),1188,0.744444444,2013.744444
2013,1-Jan,27-Oct-13,Marathon,8,2:22:34,8554,Caroline Cheptanui KILEL,21-Mar-81,KEN,1,32.62465753,Frankfurt (GER),1187,0.822222222,2013.822222
2013,1-Jan,27-Oct-13,Marathon,9,2:23:00,8580,Filomena CHEPCHIRCHIR,1-Dec-81,KEN,2,31.9260274,Frankfurt (GER),1183,0.822222222,2013.822222
2013,1-Jan,27-Oct-13,Marathon,10,2:23:01,8581,Birhane DIBABA,11-Sep-93,ETH,3,20.13972603,Frankfurt (GER),1183,0.822222222,2013.822222
2013,1-Jan,20-Oct-13,Marathon,11,2:23:02,8582,Valentine KIPKETER,5-Jan-93,KEN,1,20.80273973,Amsterdam (NED),1183,0.802777778,2013.802778
2013,1-Jan,7-Apr-13,Marathon,12,2:23:14,8594,Merima MOHAMMED,10-Jun-92,ETH,2,20.83835616,Paris (FRA),1181,0.266666667,2013.266667
2013,1-Jan,25-Jan-13,Marathon,13,2:23:23,8603,Tirfi TSEGAYE,25-Nov-84,ETH,1,28.18630137,Dubai (UAE),1180,0.066666667,2013.066667
2013,1-Jan,27-Oct-13,Marathon,13,2:23:23,8603,Mamitu DASKA,16-Oct-83,ETH,4,30.05205479,Frankfurt (GER),1180,0.822222222,2013.822222
2013,1-Jan,14-Apr-13,Marathon,15,2:23:27,8607,Jemima Jelagat SUMGONG,21-Dec-84,KEN,1,28.33150685,Rotterdam (NED),1179,0.286111111,2013.286111
2013,1-Jan,14-Apr-13,Marathon,16,2:23:28,8608,Margaret AGAI,10-Jun-88,KEN,1,24.86027397,Daegu (KOR),1179,0.286111111,2013.286111
2013,1-Jan,1-Dec-13,Marathon,16,2:23:28,8608,Aberu KEBEDE,12-Sep-86,ETH,1,27.23835616,Shanghai (CHN),1179,0.916666667,2013.916667
2013,1-Jan,10-Mar-13,Marathon,18,2:23:34,8614,Ryoko KIZAKI,21-Jun-85,JPN,1,27.7369863,Nagoya (JPN),1178,0.191666667,2013.191667
2013,1-Jan,7-Apr-13,Marathon,18,2:23:34,8614,Eunice Jepkirui KIRWA,20-May-84,KEN,3,28.90136986,Paris (FRA),1178,0.266666667,2013.266667
2013,1-Jan,13-Jan-13,Marathon,20,2:23:37,8617,Merima MOHAMMED,10-Jun-92,ETH,1,20.60821918,"Houston, TX (USA)",1177,0.033333333,2013.033333
2013,1-Jan,25-Jan-13,Marathon,21,2:23:39,8619,Kiros REDA,13-Jan-88,ETH,2,25.05205479,Dubai (UAE),1177,0.066666667,2013.066667
2013,1-Jan,14-Apr-13,Marathon,22,2:23:43,8623,Mulu SEBOKA,25-Sep-84,ETH,2,28.56986301,Daegu (KOR),1176,0.286111111,2013.286111
2013,1-Jan,27-Oct-13,Marathon,23,2:23:45,8625,Eunice Jepkirui KIRWA,20-May-84,KEN,5,29.45753425,Frankfurt (GER),1176,0.822222222,2013.822222
2013,1-Jan,25-Jan-13,Marathon,24,2:23:50,8630,Amane GOBENA,11-Sep-86,ETH,3,26.39178082,Dubai (UAE),1175,0.066666667,2013.066667
2013,1-Jan,10-Mar-13,Marathon,25,2:23:51,8631,Birhane DIBABA,11-Sep-93,ETH,2,19.50684932,Nagoya (JPN),1175,0.191666667,2013.191667
2013,1-Jan,14-Apr-13,Marathon,26,2:23:59,8639,Abebech AFEWORK,11-Dec-90,ETH,2,22.35616438,Rotterdam (NED),1174,0.286111111,2013.286111
2013,1-Jan,14-Apr-13,Marathon,27,2:24:03,8643,Agnes Jeruto BARSOSIO,5-Aug-82,KEN,3,30.71232877,Daegu (KOR),1173,0.286111111,2013.286111
2013,1-Jan,10-Mar-13,Marathon,28,2:24:05,8645,Mizuki NOGUCHI,3-Jul-78,JPN,3,34.70958904,Nagoya (JPN),1173,0.191666667,2013.191667
2013,1-Jan,27-Oct-13,Marathon,29,2:24:06,8646,Yeshi ESAYIAS,28-Dec-85,ETH,6,27.84931507,Frankfurt (GER),1173,0.822222222,2013.822222
2013,1-Jan,27-Jan-13,Marathon,30,2:24:21,8661,Kayoko FUKUSHI,25-Mar-82,JPN,1,30.86575342,Osaka (JPN),1170,0.072222222,2013.072222
2013,1-Jan,13-Jan-13,Marathon,31,2:24:26,8666,Bizunesh DEBA,8-Sep-87,ETH,2,25.36712329,"Houston, TX (USA)",1170,0.033333333,2013.033333
2013,1-Jan,25-Jan-13,Marathon,32,2:24:30,8670,Aheza KIROS,16-Oct-85,ETH,4,27.29589041,Dubai (UAE),1169,0.066666667,2013.066667
2013,1-Jan,20-Jan-13,Marathon,33,2:24:33,8673,Valentine KIPKETER,5-Jan-93,KEN,1,20.05479452,Mumbai (IND),1169,0.052777778,2013.052778
2013,1-Jan,14-Apr-13,Marathon,34,2:24:34,8674,Philomena CHEYECH,5-Jul-82,KEN,1,30.79726027,Wien (AUT),1168,0.286111111,2013.286111
2013,1-Jan,17-Mar-13,Marathon,35,2:24:40,8680,Helena Loshanyang KIROP,9-Sep-76,KEN,1,36.54246575,Roma (ITA),1167,0.211111111,2013.211111
2013,1-Jan,21-Apr-13,Marathon,36,2:24:43,8683,Yukiko AKABA,18-Oct-79,JPN,3,33.53150685,London (GBR),1167,0.305555556,2013.305556
2013,1-Jan,29-Sep-13,Marathon,37,2:24:54,8694,Irina MIKITENKO,23-Aug-72,GER,3,41.12876712,Berlin (GER),1165,0.744444444,2013.744444
2013,1-Jan,25-Jan-13,Marathon,38,2:25:01,8701,Belaynesh OLJIRA,26-Jun-90,ETH,5,22.6,Dubai (UAE),1164,0.066666667,2013.066667
2013,1-Jan,3-Nov-13,Marathon,39,2:25:07,8707,Prisca JEPTOO,24-Jun-84,KEN,1,29.38082192,"New York, NY (USA)",1163,0.838888889,2013.838889
2013,1-Jan,7-Apr-13,Marathon,40,2:25:09,8709,Dinknesh Mekash TEFERA,11-Sep-85,ETH,4,27.5890411,Paris (FRA),1163,0.266666667,2013.266667
2013,1-Jan,20-Oct-13,Marathon,41,2:25:13,8713,Philomena CHEYECH,5-Jul-82,KEN,1,31.31506849,Toronto (CAN),1162,0.802777778,2013.802778
2013,1-Jan,21-Apr-13,Marathon,42,2:25:14,8714,Atsede BAYISA,16-Apr-87,ETH,4,26.03287671,London (GBR),1162,0.305555556,2013.305556
2013,1-Jan,17-Mar-13,Marathon,43,2:25:15,8715,Salomie Kassa GETNET,10-Apr-86,ETH,2,26.95342466,Roma (ITA),1162,0.211111111,2013.211111
2013,1-Jan,13-Jan-13,Marathon,44,2:25:17,8717,Meskerem ASSEFA,3-Oct-91,ETH,3,21.29589041,"Houston, TX (USA)",1162,0.033333333,2013.033333
2013,1-Jan,7-Apr-13,Marathon,45,2:25:22,8722,Agnes KIPROP,14-Jan-80,KEN,5,33.25205479,Paris (FRA),1161,0.266666667,2013.266667
2013,1-Jan,26-May-13,Marathon,46,2:25:31,8731,Yeshi ESAYIAS,28-Dec-85,ETH,1,27.42739726,Ottawa (CAN),1159,0.402777778,2013.402778
2013,1-Jan,24-Feb-13,Marathon,47,2:25:34,8734,Aberu KEBEDE,12-Sep-86,ETH,1,26.47123288,Tokyo (JPN),1159,0.147222222,2013.147222
2013,1-Jan,17-Mar-13,Marathon,48,2:25:43,8743,Filomena CHEPCHIRCHIR,1-Dec-81,KEN,1,31.31232877,Seoul (KOR),1157,0.211111111,2013.211111
2013,1-Jan,7-Apr-13,Marathon,49,2:25:44,8744,Lisa Christina NEMEC,18-May-84,CRO,1,28.90684932,Zürich (SUI),1157,0.266666667,2013.266667
2013,1-Jan,10-Aug-13,Marathon,49,2:25:44,8744,Edna Ngeringwony KIPLAGAT,15-Nov-79,KEN,1,33.75890411,"Luzhniki Stadion, Moskva (RUS)",1157,0.608333333,2013.608333
2013,1-Jan,26-May-13,Marathon,51,2:25:45,8745,Misikir DEMISSE,23-Jul-86,ETH,2,26.86027397,Ottawa (CAN),1157,0.402777778,2013.402778
2013,1-Jan,10-Mar-13,Marathon,52,2:25:46,8746,Jeļena PROKOPČUKA,21-Sep-76,LAT,4,36.49041096,Nagoya (JPN),1157,0.191666667,2013.191667
2013,1-Jan,21-Apr-13,Marathon,52,2:25:46,8746,Meselech MELKAMU,19-Apr-85,ETH,5,28.02465753,London (GBR),1157,0.305555556,2013.305556
2013,1-Jan,25-Jan-13,Marathon,54,2:25:47,8747,Shitaye BEDASO,1988,ETH,6,107.7013699,Dubai (UAE),1157,0.066666667,2013.066667
2013,1-Jan,17-Mar-13,Marathon,55,2:25:53,8753,Emebet ETAA BEDADA,11-Jan-90,ETH,2,23.19452055,Seoul (KOR),1156,0.211111111,2013.211111
2013,1-Jan,17-Nov-13,Marathon,56,2:25:55,8755,Albina MAYOROVA,16-May-77,RUS,1,36.53150685,Yokohama (JPN),1156,0.877777778,2013.877778
2013,1-Jan,27-Jan-13,Marathon,57,2:25:56,8756,Yuko WATANABE,3-Nov-87,JPN,2,25.25205479,Osaka (JPN),1155,0.072222222,2013.072222
2013,1-Jan,3-Nov-13,Marathon,57,2:25:56,8756,Bizunesh DEBA,8-Sep-87,ETH,2,26.17260274,"New York, NY (USA)",1155,0.838888889,2013.838889
2013,1-Jan,10-Aug-13,Marathon,59,2:25:58,8758,Valeria STRANEO,5-Apr-76,ITA,2,37.37260274,"Luzhniki Stadion, Moskva (RUS)",1155,0.608333333,2013.608333
2013,1-Jan,24-Feb-13,Marathon,60,2:26:01,8761,Yeshi ESAYIAS,28-Dec-85,ETH,2,27.17808219,Tokyo (JPN),1155,0.147222222,2013.147222
2013,1-Jan,25-Jan-13,Marathon,61,2:26:05,8765,Isabellah ANDERSSON,12-Nov-80,SWE,7,32.22465753,Dubai (UAE),1154,0.066666667,2013.066667
2013,1-Jan,13-Oct-13,Marathon,61,2:26:05,8765,Lisa WEIGHTMAN,16-Jan-79,AUS,1,34.76438356,Melbourne (AUS),1154,0.783333333,2013.783333
2013,1-Jan,21-Sep-13,Marathon,63,2:26:07,8767,Aberu Mekuria ZENNEBE,24-Dec-83,ETH,1,29.76438356,Hengshui (CHN),1154,0.722222222,2013.722222
2013,1-Jan,21-Sep-13,Marathon,64,2:26:15,8775,Meseret LEGESE,26-Aug-87,ETH,2,26.09041096,Hengshui (CHN),1152,0.722222222,2013.722222
2013,1-Jan,10-Mar-13,Marathon,65,2:26:17,8777,Eri HAYAKAWA,15-Nov-81,JPN,5,31.3369863,Nagoya (JPN),1152,0.191666667,2013.191667
2013,1-Jan,17-Mar-13,Marathon,66,2:26:18,8778,Yeshimebet TADESSE BIFA,15-Oct-88,ETH,3,24.43561644,Seoul (KOR),1152,0.211111111,2013.211111
2013,1-Jan,10-Mar-13,Marathon,67,2:26:20,8780,Mestawat TUFA,14-Sep-83,ETH,6,29.50684932,Nagoya (JPN),1152,0.191666667,2013.191667
2013,1-Jan,28-Apr-13,Marathon,68,2:26:24,8784,Melkam GIZAW,17-Sep-90,ETH,1,22.62739726,Düsseldorf (GER),1151,0.325,2013.325
2013,1-Jan,1-Dec-13,Marathon,69,2:26:30,8790,Merima MOHAMMED,10-Jun-92,ETH,2,21.49041096,Shanghai (CHN),1150,0.916666667,2013.916667
2013,1-Jan,14-Apr-13,Marathon,70,2:26:32,8792,Mi Gyong KIM,17-Oct-91,PRK,1,21.50684932,Pyongyang (PRK),1150,0.286111111,2013.286111
2013,1-Jan,1-Dec-13,Marathon,71,2:26:34,8794,Ashu KASIM,20-Oct-84,ETH,3,29.13424658,Shanghai (CHN),1149,0.916666667,2013.916667
2013,1-Jan,27-Jan-13,Marathon,72,2:26:41,8801,Mari OZAKI,16-Jul-75,JPN,3,37.56164384,Osaka (JPN),1148,0.072222222,2013.072222
2013,1-Jan,24-Feb-13,Marathon,72,2:26:41,8801,Irina MIKITENKO,23-Aug-72,GER,3,40.53424658,Tokyo (JPN),1148,0.147222222,2013.147222
2013,1-Jan,14-Apr-13,Marathon,74,2:26:42,8802,Hilde KIBET,27-Mar-81,NED,3,32.07123288,Rotterdam (NED),1148,0.286111111,2013.286111
2013,1-Jan,13-Oct-13,Marathon,74,2:26:42,8802,Atsede BAYISA,16-Apr-87,ETH,3,26.51232877,"Chicago, IL (USA)",1148,0.783333333,2013.783333
2013,1-Jan,20-Oct-13,Marathon,76,2:26:43,8803,Sechale DALASA,20-Sep-91,ETH,2,22.09863014,Toronto (CAN),1148,0.802777778,2013.802778
2013,1-Jan,14-Apr-13,Marathon,77,2:26:45,8805,Karolina NADOLSKA,6-Sep-81,POL,1,31.62465753,Łódź (POL),1148,0.286111111,2013.286111
2013,1-Jan,24-Feb-13,Marathon,78,2:26:51,8811,Albina MAYOROVA,16-May-77,RUS,4,35.80273973,Tokyo (JPN),1147,0.147222222,2013.147222
2013,1-Jan,27-Oct-13,Marathon,79,2:26:57,8817,Tirfi TSEGAYE,25-Nov-84,ETH,7,28.93972603,Frankfurt (GER),1146,0.822222222,2013.822222
2013,1-Jan,12-May-13,Marathon,80,2:27:00,8820,Caroline ROTICH,13-May-84,KEN,1,29.01643836,Praha (CZE),1145,0.363888889,2013.363889
2013,1-Jan,17-Nov-13,Marathon,81,2:27:01,8821,Azalech MASRESHA,4-May-88,ETH,1,25.55616438,Valencia (ESP),1145,0.877777778,2013.877778
2013,1-Jan,14-Apr-13,Marathon,82,2:27:03,8823,Alessandra AGUILAR,1-Jul-78,ESP,4,34.8109589,Rotterdam (NED),1145,0.286111111,2013.286111
2013,1-Jan,21-Apr-13,Marathon,83,2:27:05,8825,Florence KIPLAGAT,27-Feb-87,KEN,6,26.16438356,London (GBR),1145,0.305555556,2013.305556
2013,1-Jan,5-May-13,Marathon,84,2:27:07,8827,Olena BURKOVSKA,9-Aug-81,UKR,1,31.75890411,Hannover (GER),1144,0.344444444,2013.344444
2013,1-Jan,25-Jan-13,Marathon,85,2:27:08,8828,Abebech AFEWORK,11-Dec-90,ETH,8,22.13972603,Dubai (UAE),1144,0.066666667,2013.066667
2013,1-Jan,17-Mar-13,Marathon,86,2:27:10,8830,Sultan HAYDAR,23-Jun-87,TUR,3,25.75068493,Roma (ITA),1144,0.211111111,2013.211111
2013,1-Jan,10-Mar-13,Marathon,87,2:27:17,8837,Yoko MIYAUCHI,19-Jun-83,JPN,7,29.74520548,Nagoya (JPN),1143,0.191666667,2013.191667
2013,1-Jan,7-Jul-13,Marathon,87,2:27:17,8837,Yukiko AKABA,18-Oct-79,JPN,1,33.74246575,Gold Coast (AUS),1143,0.516666667,2013.516667
2013,1-Jan,13-Oct-13,Marathon,89,2:27:19,8839,Eunice KALES,6-Dec-84,KEN,2,28.87123288,Melbourne (AUS),1142,0.783333333,2013.783333
2013,1-Jan,17-Mar-13,Marathon,90,2:27:20,8840,Sung-eun KIM,24-Feb-89,KOR,4,24.0739726,Seoul (KOR),1142,0.211111111,2013.211111
2013,1-Jan,27-Oct-13,Marathon,91,2:27:27,8847,Caroline CHEPKWONY,24-Jul-85,KEN,1,28.27945205,Ljubljana (SLO),1141,0.822222222,2013.822222
2013,1-Jan,26-May-13,Marathon,92,2:27:31,8851,Sechale DALASA,20-Sep-91,ETH,3,21.69589041,Ottawa (CAN),1140,0.402777778,2013.402778
2013,1-Jan,5-Jan-13,Marathon,93,2:27:35,8855,Fatuma SADO,11-Oct-91,ETH,1,21.25205479,Xiamen (CHN),1140,0.011111111,2013.011111
2013,1-Jan,13-Oct-13,Marathon,94,2:27:42,8862,Kiros REDA,13-Jan-88,ETH,4,25.76712329,"Chicago, IL (USA)",1139,0.783333333,2013.783333
2013,1-Jan,26-May-13,Marathon,95,2:27:44,8864,Netsanet ACHAMO,14-Dec-87,ETH,4,25.46575342,Ottawa (CAN),1138,0.402777778,2013.402778
2013,1-Jan,10-Aug-13,Marathon,96,2:27:45,8865,Kayoko FUKUSHI,25-Mar-82,JPN,3,31.4,"Luzhniki Stadion, Moskva (RUS)",1138,0.608333333,2013.608333
2013,1-Jan,6-Oct-13,Marathon,97,2:27:47,8867,Ashete BEKERE,17-Apr-88,ETH,1,25.48767123,Košice (SVK),1138,0.763888889,2013.763889
2013,1-Jan,3-Nov-13,Marathon,97,2:27:47,8867,Jeļena PROKOPČUKA,21-Sep-76,LAT,3,37.14246575,"New York, NY (USA)",1138,0.838888889,2013.838889
2013,1-Jan,13-Oct-13,Marathon,99,2:27:49,8869,Yukiko AKABA,18-Oct-79,JPN,5,34.0109589,"Chicago, IL (USA)",1138,0.783333333,2013.783333
2013,1-Jan,28-Apr-13,Marathon,100,2:27:52,8872,Rebeca Kangogo CHESIR,4-Dec-92,KEN,2,20.4109589,Düsseldorf (GER),1137,0.325,2013.325
2012,1-Jan,22-Apr-12,Marathon,1,2:18:37,8317,Mary Jepkosgei KEITANY,18-Jan-82,KEN,1,30.27945205,London (GBR),1226,0.308333333,2012.308333
2012,1-Jan,15-Apr-12,Marathon,2,2:18:58,8338,Tiki GELANA,22-Oct-87,ETH,1,24.49863014,Rotterdam (NED),1222,0.288888889,2012.288889
2012,1-Jan,27-Jan-12,Marathon,3,2:19:31,8371,Asselefech MEDESSA MERGIA,23-Jan-85,ETH,1,27.02739726,Dubai (UAE),1217,0.072222222,2012.072222
2012,1-Jan,27-Jan-12,Marathon,4,2:19:34,8374,Lucy Kabuu WANGUI,24-Mar-84,KEN,2,27.8630137,Dubai (UAE),1216,0.072222222,2012.072222
2012,1-Jan,22-Apr-12,Marathon,5,2:19:50,8390,Edna Ngeringwony KIPLAGAT,15-Nov-79,KEN,2,32.45753425,London (GBR),1214,0.308333333,2012.308333
2012,1-Jan,27-Jan-12,Marathon,6,2:19:52,8392,Mare DIBABA,20-Oct-89,ETH,3,22.28493151,Dubai (UAE),1214,0.072222222,2012.072222
2012,1-Jan,22-Apr-12,Marathon,7,2:20:14,8414,Prisca JEPTOO,24-Jun-84,KEN,3,27.84657534,London (GBR),1210,0.308333333,2012.308333
2012,1-Jan,27-Jan-12,Marathon,8,2:20:30,8430,Bezunesh BEKELE,29-Jan-83,ETH,4,29.01369863,Dubai (UAE),1207,0.072222222,2012.072222
2012,1-Jan,30-Sep-12,Marathon,8,2:20:30,8430,Aberu KEBEDE,12-Sep-86,ETH,1,26.06849315,Berlin (GER),1207,0.747222222,2012.747222
2012,1-Jan,27-Jan-12,Marathon,10,2:20:33,8433,Aberu KEBEDE,12-Sep-86,ETH,5,25.39178082,Dubai (UAE),1207,0.072222222,2012.072222
2012,1-Jan,22-Apr-12,Marathon,11,2:20:57,8457,Florence KIPLAGAT,27-Feb-87,KEN,4,25.16712329,London (GBR),1203,0.308333333,2012.308333
2012,1-Jan,28-Oct-12,Marathon,12,2:21:01,8461,Meselech MELKAMU,19-Apr-85,ETH,1,27.54520548,Frankfurt (GER),1202,0.825,2012.825
2012,1-Jan,21-Oct-12,Marathon,13,2:21:09,8469,Meseret Hailu DEBELE,12-Sep-90,ETH,1,22.12328767,Amsterdam (NED),1201,0.805555556,2012.805556
2012,1-Jan,30-Sep-12,Marathon,14,2:21:19,8479,Tirfi TSEGAYE,25-Nov-84,ETH,2,27.86575342,Berlin (GER),1200,0.747222222,2012.747222
2012,1-Jan,27-Jan-12,Marathon,15,2:21:30,8490,Lydia CHEROMEI,11-May-77,KEN,6,34.7369863,Dubai (UAE),1198,0.072222222,2012.072222
2012,1-Jan,28-Oct-12,Marathon,16,2:21:39,8499,Georgina RONO,19-May-80,KEN,2,32.46575342,Frankfurt (GER),1196,0.825,2012.825
2012,1-Jan,15-Apr-12,Marathon,17,2:21:40,8500,Tirfi TSEGAYE,25-Nov-84,ETH,1,27.40547945,Paris (FRA),1196,0.288888889,2012.288889
2012,1-Jan,21-Oct-12,Marathon,18,2:21:41,8501,Eunice Jepkirui KIRWA,20-May-84,KEN,2,28.44109589,Amsterdam (NED),1196,0.805555556,2012.805556
2012,1-Jan,7-Oct-12,Marathon,19,2:22:03,8523,Atsede BAYISA,16-Apr-87,ETH,1,25.49589041,"Chicago, IL (USA)",1192,0.766666667,2012.766667
2012,1-Jan,7-Oct-12,Marathon,20,2:22:04,8524,Rita Jeptoo SITIENEI,15-Feb-81,KEN,2,31.6630137,"Chicago, IL (USA)",1192,0.766666667,2012.766667
2012,1-Jan,27-Jan-12,Marathon,21,2:22:39,8559,Sharon Jemutai CHEROP,16-Mar-84,KEN,7,27.88493151,Dubai (UAE),1187,0.072222222,2012.072222
2012,1-Jan,18-Mar-12,Marathon,22,2:22:41,8561,Jiali WANG,1-Feb-86,CHN,1,26.14246575,Chongqing (CHN),1186,0.213888889,2012.213889
2012,1-Jan,7-Oct-12,Marathon,22,2:22:41,8561,Lucy Kabuu WANGUI,24-Mar-84,KEN,3,28.55890411,"Chicago, IL (USA)",1186,0.766666667,2012.766667
2012,1-Jan,5-Aug-12,Marathon,24,2:23:07,8587,Tiki GELANA,22-Oct-87,ETH,1,24.80547945,"Olympic Stadium, London (GBR)",1182,0.594444444,2012.594444
2012,1-Jan,18-Nov-12,Marathon,24,2:23:07,8587,Lydia CHEROMEI,11-May-77,KEN,1,35.54794521,Yokohama (JPN),1182,0.880555556,2012.880556
2012,1-Jan,2-Dec-12,Marathon,24,2:23:07,8587,Boru Feyse TADESE,19-Nov-88,ETH,1,24.05205479,Shanghai (CHN),1182,0.919444444,2012.919444
2012,1-Jan,7-Jan-12,Marathon,27,2:23:09,8589,Ashu KASIM,20-Oct-84,ETH,1,27.23287671,Xiamen (CHN),1182,0.016666667,2012.016667
2012,1-Jan,22-Apr-12,Marathon,28,2:23:12,8592,Lucy Kabuu WANGUI,24-Mar-84,KEN,5,28.09863014,London (GBR),1181,0.308333333,2012.308333
2012,1-Jan,5-Aug-12,Marathon,28,2:23:12,8592,Prisca JEPTOO,24-Jun-84,KEN,2,28.13424658,"Olympic Stadium, London (GBR)",1181,0.594444444,2012.594444
2012,1-Jan,27-Jan-12,Marathon,30,2:23:13,8593,Atsede BAYISA,16-Apr-87,ETH,8,24.8,Dubai (UAE),1181,0.072222222,2012.072222
2012,1-Jan,15-Jan-12,Marathon,31,2:23:14,8594,Alemitu Abera BEGNA,1986,ETH,1,106.6767123,"Houston, TX (USA)",1181,0.038888889,2012.038889
2012,1-Jan,7-Oct-12,Marathon,32,2:23:22,8602,Caroline ROTICH,13-May-84,KEN,4,28.42191781,"Chicago, IL (USA)",1180,0.766666667,2012.766667
2012,1-Jan,29-Jan-12,Marathon,33,2:23:23,8603,Risa SHIGETOMO,29-Aug-87,JPN,1,24.43561644,Osaka (JPN),1180,0.077777778,2012.077778
2012,1-Jan,18-Mar-12,Marathon,34,2:23:26,8606,Boru Feyse TADESE,19-Nov-88,ETH,1,23.34246575,Seoul (KOR),1179,0.213888889,2012.213889
2012,1-Jan,5-Aug-12,Marathon,35,2:23:29,8609,Tatyana PETROVA,8-Apr-83,RUS,3,29.34794521,"Olympic Stadium, London (GBR)",1179,0.594444444,2012.594444
2012,1-Jan,30-Sep-12,Marathon,36,2:23:32,8612,Olena SHURHNO,8-Jan-78,UKR,3,34.75068493,Berlin (GER),1178,0.747222222,2012.747222
2012,1-Jan,18-Mar-12,Marathon,37,2:23:42,8622,Chunxiu ZHOU,15-Nov-78,CHN,2,33.36164384,Chongqing (CHN),1177,0.213888889,2012.213889
2012,1-Jan,15-Apr-12,Marathon,38,2:23:44,8624,Valeria STRANEO,5-Apr-76,ITA,2,36.05205479,Rotterdam (NED),1176,0.288888889,2012.288889
2012,1-Jan,11-Mar-12,Marathon,39,2:23:52,8632,Albina MAYOROVA,16-May-77,RUS,1,34.84383562,Nagoya (JPN),1175,0.194444444,2012.194444
2012,1-Jan,28-Oct-12,Marathon,39,2:23:52,8632,Mamitu DASKA,16-Oct-83,ETH,3,29.05479452,Frankfurt (GER),1175,0.825,2012.825
2012,1-Jan,5-Aug-12,Marathon,41,2:23:56,8636,Mary Jepkosgei KEITANY,18-Jan-82,KEN,4,30.56712329,"Olympic Stadium, London (GBR)",1174,0.594444444,2012.594444
2012,1-Jan,18-Nov-12,Marathon,42,2:23:57,8637,Sharon Jemutai CHEROP,16-Mar-84,KEN,1,28.69589041,Torino (ITA),1174,0.880555556,2012.880556
2012,1-Jan,28-Oct-12,Marathon,43,2:23:58,8638,Bezunesh BEKELE,29-Jan-83,ETH,4,29.76712329,Frankfurt (GER),1174,0.825,2012.825
2012,1-Jan,22-Apr-12,Marathon,44,2:24:04,8644,Aberu KEBEDE,12-Sep-86,ETH,6,25.62739726,London (GBR),1173,0.308333333,2012.308333
2012,1-Jan,2-Dec-12,Marathon,45,2:24:09,8649,Ashu KASIM,20-Oct-84,ETH,2,28.1369863,Shanghai (CHN),1172,0.919444444,2012.919444
2012,1-Jan,29-Apr-12,Marathon,46,2:24:12,8652,Netsanet ACHAMO,14-Dec-87,ETH,1,24.39178082,Hamburg (GER),1172,0.327777778,2012.327778
2012,1-Jan,11-Mar-12,Marathon,47,2:24:14,8654,Yoshimi OZAKI,1-Jul-81,JPN,2,30.71506849,Nagoya (JPN),1172,0.194444444,2012.194444
2012,1-Jan,2-Dec-12,Marathon,48,2:24:17,8657,Margaret AGAI,10-Jun-88,KEN,3,24.49589041,Shanghai (CHN),1171,0.919444444,2012.919444
2012,1-Jan,18-Mar-12,Marathon,49,2:24:19,8659,Xiaolin ZHU,20-Feb-84,CHN,3,28.09315068,Chongqing (CHN),1171,0.213888889,2012.213889
2012,1-Jan,27-Jan-12,Marathon,50,2:24:24,8664,Mamitu DASKA,16-Oct-83,ETH,9,28.30136986,Dubai (UAE),1170,0.072222222,2012.072222
2012,1-Jan,28-Oct-12,Marathon,51,2:24:27,8667,Agnes Jeruto BARSOSIO,5-Aug-82,KEN,5,30.25205479,Frankfurt (GER),1169,0.825,2012.825
2012,1-Jan,11-Mar-12,Marathon,52,2:24:28,8668,Remi NAKASATO,24-Jun-88,JPN,3,23.72876712,Nagoya (JPN),1169,0.194444444,2012.194444
2012,1-Jan,5-Aug-12,Marathon,53,2:24:48,8688,Xiaolin ZHU,20-Feb-84,CHN,5,28.47671233,"Olympic Stadium, London (GBR)",1166,0.594444444,2012.594444
2012,1-Jan,22-Apr-12,Marathon,54,2:24:53,8693,Irina MIKITENKO,23-Aug-72,GER,7,39.69041096,London (GBR),1165,0.308333333,2012.308333
2012,1-Jan,30-Sep-12,Marathon,55,2:24:56,8696,Filomena CHEPCHIRCHIR,1-Dec-81,KEN,4,30.85205479,Berlin (GER),1165,0.747222222,2012.747222
2012,1-Jan,29-Jan-12,Marathon,56,2:24:57,8697,Azusa NOJIRI,6-Jun-82,JPN,2,29.66849315,Osaka (JPN),1165,0.077777778,2012.077778
2012,1-Jan,8-Apr-12,Marathon,56,2:24:57,8697,Alemitu Abera BEGNA,1986,ETH,1,106.9068493,Daegu (KOR),1165,0.269444444,2012.269444
2012,1-Jan,22-Apr-12,Marathon,58,2:24:59,8699,Jessica AUGUSTO,8-Nov-81,POR,8,30.4739726,London (GBR),1164,0.308333333,2012.308333
2012,1-Jan,11-Mar-12,Marathon,59,2:25:02,8702,Yoko SHIBUI,14-Mar-79,JPN,4,33.01643836,Nagoya (JPN),1164,0.194444444,2012.194444
2012,1-Jan,15-Apr-12,Marathon,60,2:25:09,8709,Sultan HAYDAR,23-Jun-87,TUR,2,24.83013699,Paris (FRA),1163,0.288888889,2012.288889
2012,1-Jan,5-Aug-12,Marathon,61,2:25:11,8711,Jessica AUGUSTO,8-Nov-81,POR,6,30.76164384,"Olympic Stadium, London (GBR)",1162,0.594444444,2012.594444
2012,1-Jan,30-Sep-12,Marathon,62,2:25:14,8714,Fate TOLA,22-Oct-87,ETH,5,24.95890411,Berlin (GER),1162,0.747222222,2012.747222
2012,1-Jan,2-Dec-12,Marathon,63,2:25:21,8721,Merima MOHAMMED,10-Jun-92,ETH,4,20.49315068,Shanghai (CHN),1161,0.919444444,2012.919444
2012,1-Jan,11-Mar-12,Marathon,64,2:25:26,8726,Mai ITO,23-May-84,JPN,5,27.81917808,Nagoya (JPN),1160,0.194444444,2012.194444
2012,1-Jan,5-Aug-12,Marathon,65,2:25:27,8727,Valeria STRANEO,5-Apr-76,ITA,7,36.35890411,"Olympic Stadium, London (GBR)",1160,0.594444444,2012.594444
2012,1-Jan,26-Feb-12,Marathon,66,2:25:28,8728,Atsede HABTAMU,26-Oct-87,ETH,1,24.35342466,Tokyo (JPN),1160,0.152777778,2012.152778
2012,1-Jan,18-Mar-12,Marathon,67,2:25:29,8729,Askale Magarsa TAFA,27-Sep-84,ETH,2,27.49041096,Seoul (KOR),1160,0.213888889,2012.213889
2012,1-Jan,11-Mar-12,Marathon,68,2:25:33,8733,Mizuki NOGUCHI,3-Jul-78,JPN,6,33.71232877,Nagoya (JPN),1159,0.194444444,2012.194444
2012,1-Jan,14-Oct-12,Marathon,69,2:25:34,8734,Helena Loshanyang KIROP,9-Sep-76,KEN,1,36.12054795,Köln (GER),1159,0.786111111,2012.786111
2012,1-Jan,14-Jan-12,Marathon,70,2:25:38,8738,Shalane FLANAGAN,8-Jul-81,USA,1,30.53972603,"Houston, TX (USA)",1158,0.036111111,2012.036111
2012,1-Jan,5-Aug-12,Marathon,70,2:25:38,8738,Albina MAYOROVA,16-May-77,RUS,8,35.24657534,"Olympic Stadium, London (GBR)",1158,0.594444444,2012.594444
2012,1-Jan,21-Oct-12,Marathon,70,2:25:38,8738,Genet GETANEH,6-Jan-86,ETH,3,26.80821918,Amsterdam (NED),1158,0.805555556,2012.805556
2012,1-Jan,27-Jan-12,Marathon,73,2:25:41,8741,Isabellah ANDERSSON,12-Nov-80,SWE,10,31.22739726,Dubai (UAE),1158,0.072222222,2012.072222
2012,1-Jan,13-May-12,Marathon,73,2:25:41,8741,Agnes KIPROP,14-Jan-80,KEN,1,32.35068493,Praha (CZE),1158,0.366666667,2012.366667
2012,1-Jan,27-Jan-12,Marathon,75,2:25:45,8745,Mulu SEBOKA,25-Sep-84,ETH,11,27.35616438,Dubai (UAE),1157,0.072222222,2012.072222
2012,1-Jan,18-Nov-12,Marathon,76,2:25:46,8746,Hilde KIBET,27-Mar-81,NED,2,31.66849315,Torino (ITA),1157,0.880555556,2012.880556
2012,1-Jan,15-Apr-12,Marathon,77,2:25:48,8748,Merima MOHAMMED,10-Jun-92,ETH,3,19.86027397,Rotterdam (NED),1157,0.288888889,2012.288889
2012,1-Jan,11-Mar-12,Marathon,78,2:25:49,8749,Olena SHURHNO,8-Jan-78,UKR,7,34.19452055,Nagoya (JPN),1156,0.194444444,2012.194444
2012,1-Jan,29-Apr-12,Marathon,78,2:25:49,8749,Etalemahu KIDANE,14-Feb-83,ETH,2,29.22465753,Hamburg (GER),1156,0.327777778,2012.327778
2012,1-Jan,29-Apr-12,Marathon,78,2:25:49,8749,Agnes Jeruto BARSOSIO,5-Aug-82,KEN,1,29.75342466,Düsseldorf (GER),1156,0.327777778,2012.327778
2012,1-Jan,5-Aug-12,Marathon,81,2:25:51,8751,Shalane FLANAGAN,8-Jul-81,USA,9,31.09863014,"Olympic Stadium, London (GBR)",1156,0.594444444,2012.594444
2012,1-Jan,18-Mar-12,Marathon,82,2:25:53,8753,Xueqin WANG,1-Jan-91,CHN,4,21.22465753,Chongqing (CHN),1156,0.213888889,2012.213889
2012,1-Jan,14-Jan-12,Marathon,83,2:25:55,8755,Desiree DAVILA,26-Jul-83,USA,2,28.49041096,"Houston, TX (USA)",1156,0.036111111,2012.036111
2012,1-Jan,22-Apr-12,Marathon,84,2:25:59,8759,Atsede BAYISA,16-Apr-87,ETH,9,25.03561644,London (GBR),1155,0.308333333,2012.308333
2012,1-Jan,26-Feb-12,Marathon,85,2:26:00,8760,Yeshi ESAYIAS,28-Dec-85,ETH,2,26.18082192,Tokyo (JPN),1155,0.152777778,2012.152778
2012,1-Jan,26-Feb-12,Marathon,86,2:26:02,8762,Helena Loshanyang KIROP,9-Sep-76,KEN,3,35.48767123,Tokyo (JPN),1154,0.152777778,2012.152778
2012,1-Jan,14-Jan-12,Marathon,87,2:26:06,8766,Kara GOUCHER,9-Jul-78,USA,3,33.53972603,"Houston, TX (USA)",1154,0.036111111,2012.036111
2012,1-Jan,5-Aug-12,Marathon,88,2:26:07,8767,Kara GOUCHER,9-Jul-78,USA,10,34.09863014,"Olympic Stadium, London (GBR)",1154,0.594444444,2012.594444
2012,1-Jan,26-Feb-12,Marathon,89,2:26:08,8768,Eri OKUBO,2-Jun-83,JPN,4,28.75616438,Tokyo (JPN),1153,0.152777778,2012.152778
2012,1-Jan,11-Mar-12,Marathon,89,2:26:08,8768,Yukiko AKABA,18-Oct-79,JPN,8,32.41917808,Nagoya (JPN),1153,0.194444444,2012.194444
2012,1-Jan,5-Aug-12,Marathon,91,2:26:09,8769,Helalia JOHANNES,13-Aug-80,NAM,11,32,"Olympic Stadium, London (GBR)",1153,0.594444444,2012.594444
2012,1-Jan,7-Oct-12,Marathon,91,2:26:09,8769,Fatuma SADO,11-Oct-91,ETH,5,21.00547945,"Chicago, IL (USA)",1153,0.766666667,2012.766667
2012,1-Jan,15-Jan-12,Marathon,93,2:26:12,8772,Netsanet ACHAMO,14-Dec-87,ETH,1,24.10410959,Mumbai (IND),1153,0.038888889,2012.038889
2012,1-Jan,5-Aug-12,Marathon,94,2:26:13,8773,Marisa BARROS,25-Feb-80,POR,12,32.46575342,"Olympic Stadium, London (GBR)",1153,0.594444444,2012.594444
2012,1-Jan,11-Mar-12,Marathon,95,2:26:23,8783,Yoko MIYAUCHI,19-Jun-83,JPN,9,28.74794521,Nagoya (JPN),1151,0.194444444,2012.194444
2012,1-Jan,2-Dec-12,Marathon,96,2:26:27,8787,Sechale DALASA,20-Sep-91,ETH,5,21.21643836,Shanghai (CHN),1150,0.919444444,2012.919444
2012,1-Jan,15-Apr-12,Marathon,97,2:26:39,8799,Fate TOLA,22-Oct-87,ETH,1,24.49863014,Wien (AUT),1149,0.288888889,2012.288889
2012,1-Jan,18-Nov-12,Marathon,98,2:26:42,8802,Mizuho NASUKAWA,22-Nov-79,JPN,2,33.01369863,Yokohama (JPN),1148,0.880555556,2012.880556
2012,1-Jan,5-Aug-12,Marathon,99,2:26:44,8804,Irina MIKITENKO,23-Aug-72,GER,13,39.97808219,"Olympic Stadium, London (GBR)",1148,0.594444444,2012.594444
2012,1-Jan,26-Feb-12,Marathon,100,2:26:46,8806,Tatyana PETROVA,8-Apr-83,RUS,5,28.90684932,Tokyo (JPN),1147,0.152777778,2012.152778
2011,1-Jan,17-Apr-11,Marathon,1,2:19:19,8359,Mary Jepkosgei KEITANY,18-Jan-82,KEN,1,29.2630137,London (GBR),1219,0.294444444,2011.294444
2011,1-Jan,25-Sep-11,Marathon,2,2:19:44,8384,Florence KIPLAGAT,27-Feb-87,KEN,1,24.59178082,Berlin (GER),1215,0.733333333,2011.733333
2011,1-Jan,17-Apr-11,Marathon,3,2:20:46,8446,Edna Ngeringwony KIPLAGAT,15-Nov-79,KEN,2,31.44109589,London (GBR),1205,0.294444444,2011.294444
2011,1-Jan,30-Oct-11,Marathon,4,2:21:59,8519,Mamitu DASKA,16-Oct-83,ETH,1,28.05753425,Frankfurt (GER),1193,0.830555556,2011.830556
2011,1-Jan,16-Oct-11,Marathon,5,2:22:08,8528,Tiki GELANA,22-Oct-87,ETH,1,24,Amsterdam (NED),1192,0.791666667,2011.791667
2011,1-Jan,9-Oct-11,Marathon,6,2:22:09,8529,Ejegayehu DIBABA,21-Mar-82,ETH,1,29.57260274,"Chicago, IL (USA)",1191,0.772222222,2011.772222
2011,1-Jan,25-Sep-11,Marathon,7,2:22:18,8538,Irina MIKITENKO,23-Aug-72,GER,2,39.11506849,Berlin (GER),1190,0.733333333,2011.733333
2011,1-Jan,8-May-11,Marathon,8,2:22:34,8554,Lydia CHEROMEI,11-May-77,KEN,1,34.01369863,Praha (CZE),1187,0.352777778,2011.352778
2011,1-Jan,16-Oct-11,Marathon,9,2:22:43,8563,Koren Jelila YAL,18-Jan-87,ETH,1,24.75890411,Toronto (CAN),1186,0.791666667,2011.791667
2011,1-Jan,21-Jan-11,Marathon,10,2:22:45,8565,Asselefech MEDESSA MERGIA,23-Jan-85,ETH,1,26.0109589,Dubai (UAE),1186,0.055555556,2011.055556
2011,1-Jan,10-Apr-11,Marathon,11,2:22:55,8575,Prisca JEPTOO,24-Jun-84,KEN,1,26.8109589,Paris (FRA),1184,0.275,2011.275
2011,1-Jan,21-Jan-11,Marathon,12,2:23:01,8581,Lydia CHEROMEI,11-May-77,KEN,2,33.72054795,Dubai (UAE),1183,0.055555556,2011.055556
2011,1-Jan,6-Nov-11,Marathon,13,2:23:15,8595,Firehiwot Tesfaye DADO,9-Jan-84,ETH,1,27.84383562,"New York, NY (USA)",1181,0.847222222,2011.847222
2011,1-Jan,6-Nov-11,Marathon,14,2:23:19,8599,Bizunesh DEBA,8-Sep-87,ETH,2,24.17808219,"New York, NY (USA)",1180,0.847222222,2011.847222
2011,1-Jan,16-Oct-11,Marathon,15,2:23:25,8605,Mare DIBABA,20-Oct-89,ETH,2,22.00273973,Toronto (CAN),1179,0.791666667,2011.791667
2011,1-Jan,6-Nov-11,Marathon,16,2:23:38,8618,Mary Jepkosgei KEITANY,18-Jan-82,KEN,3,29.81917808,"New York, NY (USA)",1177,0.847222222,2011.847222
2011,1-Jan,21-Jan-11,Marathon,17,2:23:41,8621,Isabellah ANDERSSON,12-Nov-80,SWE,3,30.2109589,Dubai (UAE),1177,0.055555556,2011.055556
2011,1-Jan,17-Apr-11,Marathon,18,2:23:42,8622,Bezunesh BEKELE,29-Jan-83,ETH,3,28.23287671,London (GBR),1177,0.294444444,2011.294444
2011,1-Jan,25-Sep-11,Marathon,19,2:23:46,8626,Paula RADCLIFFE,17-Dec-73,GBR,3,37.79726027,Berlin (GER),1176,0.733333333,2011.733333
2011,1-Jan,17-Apr-11,Marathon,20,2:23:50,8630,Atsede BAYISA,16-Apr-87,ETH,4,24.01917808,London (GBR),1175,0.294444444,2011.294444
2011,1-Jan,30-Oct-11,Marathon,21,2:23:54,8634,Agnes KIPROP,14-Jan-80,KEN,2,31.81369863,Frankfurt (GER),1175,0.830555556,2011.830556
2011,1-Jan,20-Feb-11,Marathon,22,2:23:56,8636,Yoshimi OZAKI,1-Jul-81,JPN,1,29.66027397,Yokohama (JPN),1174,0.136111111,2011.136111
2011,1-Jan,17-Apr-11,Marathon,23,2:24:09,8649,Yukiko AKABA,18-Oct-79,JPN,5,31.51780822,London (GBR),1172,0.294444444,2011.294444
2011,1-Jan,4-Dec-11,Marathon,23,2:24:09,8649,Kebebush Haile LEMA,13-Apr-86,ETH,1,25.66027397,Shanghai (CHN),1172,0.925,2011.925
2011,1-Jan,4-Dec-11,Marathon,25,2:24:12,8652,Tirfi TSEGAYE,25-Nov-84,ETH,2,27.04109589,Shanghai (CHN),1172,0.925,2011.925
2011,1-Jan,20-Mar-11,Marathon,26,2:24:13,8653,Firehiwot Tesfaye DADO,9-Jan-84,ETH,1,27.2109589,Roma (ITA),1172,0.219444444,2011.219444
2011,1-Jan,10-Apr-11,Marathon,27,2:24:20,8660,Philes ONGORI,19-Jul-86,KEN,1,24.74246575,Rotterdam (NED),1171,0.275,2011.275
2011,1-Jan,30-Oct-11,Marathon,28,2:24:21,8661,Filomena CHEPCHIRCHIR,1-Dec-81,KEN,3,29.93150685,Frankfurt (GER),1170,0.830555556,2011.830556
2011,1-Jan,17-Apr-11,Marathon,29,2:24:24,8664,Irina MIKITENKO,23-Aug-72,GER,6,38.6739726,London (GBR),1170,0.294444444,2011.294444
2011,1-Jan,25-Sep-11,Marathon,30,2:24:25,8665,Atsede HABTAMU,26-Oct-87,ETH,4,23.93150685,Berlin (GER),1170,0.733333333,2011.733333
2011,1-Jan,21-Jan-11,Marathon,31,2:24:26,8666,Atsede HABTAMU,26-Oct-87,ETH,4,23.25479452,Dubai (UAE),1170,0.055555556,2011.055556
2011,1-Jan,10-Apr-11,Marathon,32,2:24:27,8667,Hilde KIBET,27-Mar-81,NED,2,30.05753425,Rotterdam (NED),1169,0.275,2011.275
2011,1-Jan,20-Feb-11,Marathon,33,2:24:29,8669,Remi NAKASATO,24-Jun-88,JPN,2,22.6739726,Yokohama (JPN),1169,0.136111111,2011.136111
2011,1-Jan,30-Oct-11,Marathon,34,2:24:32,8672,Merima MOHAMMED,10-Jun-92,ETH,4,19.4,Frankfurt (GER),1169,0.830555556,2011.830556
2011,1-Jan,17-Apr-11,Marathon,35,2:24:33,8673,Jessica AUGUSTO,8-Nov-81,POR,7,29.45753425,London (GBR),1169,0.294444444,2011.294444
2011,1-Jan,9-Oct-11,Marathon,35,2:24:33,8673,Georgina RONO,19-May-80,KEN,1,31.4109589,Eindhoven (NED),1169,0.772222222,2011.772222
2011,1-Jan,17-Apr-11,Marathon,37,2:24:34,8674,Aberu KEBEDE,12-Sep-86,ETH,8,24.6109589,London (GBR),1168,0.294444444,2011.294444
2011,1-Jan,9-Oct-11,Marathon,38,2:24:38,8678,Kayoko FUKUSHI,25-Mar-82,JPN,2,29.56164384,"Chicago, IL (USA)",1168,0.772222222,2011.772222
2011,1-Jan,10-Apr-11,Marathon,39,2:24:43,8683,Agnes KIPROP,14-Jan-80,KEN,2,31.25753425,Paris (FRA),1167,0.275,2011.275
2011,1-Jan,16-Oct-11,Marathon,40,2:24:55,8695,Eyerusalem KUMA,7-Sep-81,ETH,2,30.1260274,Amsterdam (NED),1165,0.791666667,2011.791667
2011,1-Jan,25-Sep-11,Marathon,41,2:25:01,8701,Tatyana PETROVA,8-Apr-83,RUS,5,28.48493151,Berlin (GER),1164,0.733333333,2011.733333
2011,1-Jan,20-Feb-11,Marathon,42,2:25:04,8704,Marisa BARROS,25-Feb-80,POR,3,31.00821918,Yokohama (JPN),1164,0.136111111,2011.136111
2011,1-Jan,21-Jan-11,Marathon,43,2:25:08,8708,Atsede BAYISA,16-Apr-87,ETH,5,23.78356164,Dubai (UAE),1163,0.055555556,2011.055556
2011,1-Jan,9-Oct-11,Marathon,44,2:25:09,8709,Shitaye BEDASO,1988,ETH,2,106.4027397,Eindhoven (NED),1163,0.772222222,2011.772222
2011,1-Jan,9-Oct-11,Marathon,45,2:25:20,8720,Boru Feyse TADESE,19-Nov-88,ETH,3,22.90136986,Eindhoven (NED),1161,0.772222222,2011.772222
2011,1-Jan,9-Oct-11,Marathon,46,2:25:23,8723,Rael Nguriatukei KINYARA,4-Apr-84,KEN,4,27.53150685,Eindhoven (NED),1161,0.772222222,2011.772222
2011,1-Jan,17-Apr-11,Marathon,47,2:25:24,8724,Askale Magarsa TAFA,27-Sep-84,ETH,9,26.56986301,London (GBR),1160,0.294444444,2011.294444
2011,1-Jan,17-Apr-11,Marathon,48,2:25:29,8729,Azusa NOJIRI,6-Jun-82,JPN,10,28.88219178,London (GBR),1160,0.294444444,2011.294444
2011,1-Jan,25-Sep-11,Marathon,49,2:25:32,8732,Anna INCERTI,19-Jan-80,ITA,6,31.70410959,Berlin (GER),1159,0.733333333,2011.733333
2011,1-Jan,17-Apr-11,Marathon,50,2:25:40,8740,Yoshiko FUJINAGA,15-Aug-81,JPN,11,29.69041096,London (GBR),1158,0.294444444,2011.294444
2011,1-Jan,6-Nov-11,Marathon,50,2:25:40,8740,Dulce FÉLIX,23-Oct-82,POR,4,29.05753425,"New York, NY (USA)",1158,0.847222222,2011.847222
2011,1-Jan,30-Oct-11,Marathon,52,2:25:44,8744,Rita Jeptoo SITIENEI,15-Feb-81,KEN,5,30.72328767,Frankfurt (GER),1157,0.830555556,2011.830556
2011,1-Jan,6-Nov-11,Marathon,53,2:25:46,8746,Kimberley SMITH,19-Nov-81,NZL,5,29.98356164,"New York, NY (USA)",1157,0.847222222,2011.847222
2011,1-Jan,10-Apr-11,Marathon,54,2:25:52,8752,Atsede HABTAMU,26-Oct-87,ETH,1,23.47123288,Daegu (KOR),1156,0.275,2011.275
2011,1-Jan,16-Oct-11,Marathon,54,2:25:52,8752,Lornah KIPLAGAT,1-May-74,NED,3,37.48493151,Amsterdam (NED),1156,0.791666667,2011.791667
2011,1-Jan,16-Oct-11,Marathon,56,2:25:57,8757,Genet GETANEH,6-Jan-86,ETH,4,25.79178082,Amsterdam (NED),1155,0.791666667,2011.791667
2011,1-Jan,6-Nov-11,Marathon,56,2:25:57,8757,Caroline Cheptanui KILEL,21-Mar-81,KEN,6,30.64931507,"New York, NY (USA)",1155,0.847222222,2011.847222
2011,1-Jan,10-Apr-11,Marathon,58,2:26:04,8764,Yeshi ESAYIAS,28-Dec-85,ETH,2,25.29863014,Daegu (KOR),1154,0.275,2011.275
2011,1-Jan,25-Sep-11,Marathon,59,2:26:10,8770,Rosaria CONSOLE,17-Dec-79,ITA,7,31.79452055,Berlin (GER),1153,0.733333333,2011.733333
2011,1-Jan,30-Apr-11,Marathon,60,2:26:12,8772,Jiali WANG,1-Feb-86,CHN,1,25.25753425,Dalian (CHN),1153,0.330555556,2011.330556
2011,1-Jan,30-Oct-11,Marathon,61,2:26:15,8775,Nadia EJJAFINI,8-Nov-77,ITA,6,33.99726027,Frankfurt (GER),1152,0.830555556,2011.830556
2011,1-Jan,9-Oct-11,Marathon,62,2:26:17,8777,Belainesh Zemedkun GEBRE,23-Dec-87,ETH,3,23.8109589,"Chicago, IL (USA)",1152,0.772222222,2011.772222
2011,1-Jan,20-Mar-11,Marathon,63,2:26:21,8781,Goitetom Haftu TESEMA,1987,ETH,2,105.8493151,Roma (ITA),1151,0.219444444,2011.219444
2011,1-Jan,17-Apr-11,Marathon,63,2:26:21,8781,Fate TOLA,22-Oct-87,ETH,1,23.50136986,Wien (AUT),1151,0.294444444,2011.294444
2011,1-Jan,17-Apr-11,Marathon,65,2:26:28,8788,Xiaolin ZHU,20-Feb-84,CHN,12,27.17260274,London (GBR),1150,0.294444444,2011.294444
2011,1-Jan,30-Jan-11,Marathon,66,2:26:29,8789,Yukiko AKABA,18-Oct-79,JPN,1,31.30684932,Osaka (JPN),1150,0.080555556,2011.080556
2011,1-Jan,17-Apr-11,Marathon,67,2:26:30,8790,Dulce FÉLIX,23-Oct-82,POR,2,28.50136986,Wien (AUT),1150,0.294444444,2011.294444
2011,1-Jan,20-Nov-11,Marathon,68,2:26:32,8792,Ryoko KIZAKI,21-Jun-85,JPN,1,26.43287671,Yokohama (JPN),1150,0.886111111,2011.886111
2011,1-Jan,30-Jan-11,Marathon,69,2:26:33,8793,Mamitu DASKA,16-Oct-83,ETH,1,27.30958904,"Houston, TX (USA)",1150,0.080555556,2011.080556
2011,1-Jan,10-Apr-11,Marathon,69,2:26:33,8793,Alemitu Abera BEGNA,1986,ETH,3,105.909589,Daegu (KOR),1150,0.275,2011.275
2011,1-Jan,25-Sep-11,Marathon,69,2:26:33,8793,Valeria STRANEO,5-Apr-76,ITA,8,35.49589041,Berlin (GER),1150,0.733333333,2011.733333
2011,1-Jan,9-Oct-11,Marathon,72,2:26:36,8796,Hilde KIBET,27-Mar-81,NED,5,30.55616438,Eindhoven (NED),1149,0.772222222,2011.772222
2011,1-Jan,27-Mar-11,Marathon,73,2:26:41,8801,Jie WEI,25-Jan-93,CHN,1,18.17808219,Zhengzhou (CHN),1148,0.238888889,2011.238889
2011,1-Jan,9-Oct-11,Marathon,73,2:26:41,8801,Christelle DAUNAY,5-Dec-74,FRA,4,36.86849315,"Chicago, IL (USA)",1148,0.772222222,2011.772222
2011,1-Jan,30-Apr-11,Marathon,75,2:26:49,8809,Rong CHEN,18-May-88,CHN,2,22.96438356,Dalian (CHN),1147,0.330555556,2011.330556
2011,1-Jan,20-Nov-11,Marathon,75,2:26:49,8809,Yoshimi OZAKI,1-Jul-81,JPN,2,30.40821918,Yokohama (JPN),1147,0.886111111,2011.886111
2011,1-Jan,20-Mar-11,Marathon,77,2:26:51,8811,Robe GUTA,12-Oct-86,ETH,1,24.45205479,Seoul (KOR),1147,0.219444444,2011.219444
2011,1-Jan,9-Oct-11,Marathon,78,2:26:52,8812,Melkam GIZAW,17-Sep-90,ETH,6,21.0739726,Eindhoven (NED),1147,0.772222222,2011.772222
2011,1-Jan,21-Jan-11,Marathon,79,2:26:53,8813,Diana Chepkemoi SIGEI,1987,KEN,6,105.690411,Dubai (UAE),1146,0.055555556,2011.055556
2011,1-Jan,17-Apr-11,Marathon,80,2:26:54,8814,Noriko MATSUOKA,2-May-79,JPN,13,31.98082192,London (GBR),1146,0.294444444,2011.294444
2011,1-Jan,30-Jan-11,Marathon,81,2:26:55,8815,Mai ITO,23-May-84,JPN,2,26.70684932,Osaka (JPN),1146,0.080555556,2011.080556
2011,1-Jan,16-Jan-11,Marathon,82,2:26:56,8816,Koren Jelila YAL,18-Jan-87,ETH,1,24.0109589,Mumbai (IND),1146,0.041666667,2011.041667
2011,1-Jan,10-Apr-11,Marathon,82,2:26:56,8816,Lishan DULA,17-Feb-87,BRN,3,24.15890411,Rotterdam (NED),1146,0.275,2011.275
2011,1-Jan,16-Jan-11,Marathon,84,2:26:57,8817,Merima MOHAMMED,10-Jun-92,ETH,2,18.61369863,Mumbai (IND),1146,0.041666667,2011.041667
2011,1-Jan,10-Apr-11,Marathon,84,2:26:57,8817,Koren Jelila YAL,18-Jan-87,ETH,3,24.24109589,Paris (FRA),1146,0.275,2011.275
2011,1-Jan,20-Feb-11,Marathon,86,2:26:58,8818,Kaoru NAGAO,26-Sep-89,JPN,4,21.41643836,Yokohama (JPN),1146,0.136111111,2011.136111
2011,1-Jan,10-Apr-11,Marathon,87,2:27:00,8820,Alessandra AGUILAR,1-Jul-78,ESP,4,32.79726027,Rotterdam (NED),1145,0.275,2011.275
2011,1-Jan,10-Apr-11,Marathon,88,2:27:02,8822,Eyerusalem KUMA,7-Sep-81,ETH,4,29.60821918,Paris (FRA),1145,0.275,2011.275
2011,1-Jan,17-Apr-11,Marathon,88,2:27:02,8822,Madaí PÉREZ,2-Feb-80,MEX,14,31.22465753,London (GBR),1145,0.294444444,2011.294444
2011,1-Jan,6-Nov-11,Marathon,90,2:27:06,8826,Caroline ROTICH,13-May-84,KEN,7,27.50136986,"New York, NY (USA)",1144,0.847222222,2011.847222
2011,1-Jan,10-Apr-11,Marathon,91,2:27:07,8827,Margarita PLAKSINA,1-Oct-77,RUS,5,33.54520548,Paris (FRA),1144,0.275,2011.275
2011,1-Jan,13-Nov-11,Marathon,92,2:27:10,8830,Yuliya RUBAN,6-Oct-83,UKR,1,28.12328767,Torino (ITA),1144,0.866666667,2011.866667
2011,1-Jan,21-Jan-11,Marathon,93,2:27:13,8833,Genet GETANEH,6-Jan-86,ETH,7,25.05753425,Dubai (UAE),1143,0.055555556,2011.055556
2011,1-Jan,20-Mar-11,Marathon,93,2:27:13,8833,Yanan WEI,6-Dec-81,CHN,2,29.30410959,Seoul (KOR),1143,0.219444444,2011.219444
2011,1-Jan,21-Jan-11,Marathon,95,2:27:15,8835,Werknesh KIDANE,7-Jan-81,ETH,8,30.05753425,Dubai (UAE),1143,0.055555556,2011.055556
2011,1-Jan,20-Feb-11,Marathon,96,2:27:16,8836,Karolina NADOLSKA,6-Sep-81,POL,5,29.47671233,Yokohama (JPN),1143,0.136111111,2011.136111
2011,1-Jan,17-Apr-11,Marathon,97,2:27:17,8837,Peninah ARUSEI,23-Feb-79,KEN,3,32.16712329,Wien (AUT),1143,0.294444444,2011.294444
2011,1-Jan,30-Oct-11,Marathon,98,2:27:18,8838,Fate TOLA,22-Oct-87,ETH,7,24.03835616,Frankfurt (GER),1142,0.830555556,2011.830556
2011,1-Jan,20-Nov-11,Marathon,99,2:27:24,8844,Mara YAMAUCHI,13-Aug-73,GBR,3,38.29589041,Yokohama (JPN),1142,0.886111111,2011.886111
2011,1-Jan,30-Jan-11,Marathon,100,2:27:26,8846,Chika HORIE,15-Feb-81,JPN,3,29.97534247,Osaka (JPN),1141,0.080555556,2011.080556
2010,1-Jan,11-Apr-10,Marathon,1,2:22:04,8524,Atsede BAYISA,16-Apr-87,ETH,1,23.00273973,Paris (FRA),1192,0.277777778,2010.277778
2010,1-Jan,25-Apr-10,Marathon,2,2:22:38,8558,Asselefech MEDESSA MERGIA,23-Jan-85,ETH,1,25.26849315,London (GBR),1187,0.316666667,2010.316667
2010,1-Jan,26-Sep-10,Marathon,3,2:22:43,8563,Sharon Jemutai CHEROP,16-Mar-84,KEN,1,26.54794521,Toronto (CAN),1186,0.736111111,2010.736111
2010,1-Jan,26-Sep-10,Marathon,4,2:22:44,8564,Tirfi TSEGAYE,25-Nov-84,ETH,2,25.85205479,Toronto (CAN),1186,0.736111111,2010.736111
2010,1-Jan,26-Sep-10,Marathon,5,2:23:06,8586,Merima MOHAMMED,10-Jun-92,ETH,3,18.30684932,Toronto (CAN),1182,0.736111111,2010.736111
2010,1-Jan,25-Apr-10,Marathon,6,2:23:17,8597,Bezunesh BEKELE,29-Jan-83,ETH,2,27.25479452,London (GBR),1181,0.316666667,2010.316667
2010,1-Jan,31-Oct-10,Marathon,7,2:23:25,8605,Caroline Cheptanui KILEL,21-Mar-81,KEN,1,29.63287671,Frankfurt (GER),1179,0.833333333,2010.833333
2010,1-Jan,10-Oct-10,Marathon,8,2:23:40,8620,Atsede BAYISA,16-Apr-87,ETH,1,23.50136986,"Chicago, IL (USA)",1177,0.775,2010.775
2010,1-Jan,31-Oct-10,Marathon,9,2:23:44,8624,Dire TUNE,19-Jun-85,ETH,2,25.38356164,Frankfurt (GER),1176,0.833333333,2010.833333
2010,1-Jan,17-Jan-10,Marathon,10,2:23:53,8633,Teyba ERKESSO,30-Oct-82,ETH,1,27.23561644,"Houston, TX (USA)",1175,0.044444444,2010.044444
2010,1-Jan,26-Sep-10,Marathon,11,2:23:58,8638,Aberu KEBEDE,12-Sep-86,ETH,1,24.05479452,Berlin (GER),1174,0.736111111,2010.736111
2010,1-Jan,31-Oct-10,Marathon,12,2:24:07,8647,Agnes KIPROP,14-Jan-80,KEN,3,30.81643836,Frankfurt (GER),1173,0.833333333,2010.833333
2010,1-Jan,21-Mar-10,Marathon,13,2:24:13,8653,Amane GOBENA,11-Sep-86,ETH,1,23.53972603,Seoul (KOR),1172,0.222222222,2010.222222
2010,1-Jan,22-Jan-10,Marathon,14,2:24:18,8658,Mamitu DASKA,16-Oct-83,ETH,1,26.28767123,Dubai (UAE),1171,0.058333333,2010.058333
2010,1-Jan,11-Apr-10,Marathon,15,2:24:22,8662,Christelle DAUNAY,5-Dec-74,FRA,2,35.37260274,Paris (FRA),1170,0.277777778,2010.277778
2010,1-Jan,22-Jan-10,Marathon,16,2:24:26,8666,Aberu KEBEDE,12-Sep-86,ETH,2,23.37808219,Dubai (UAE),1170,0.058333333,2010.058333
2010,1-Jan,26-Sep-10,Marathon,17,2:24:33,8673,Koren Jelila YAL,18-Jan-87,ETH,4,23.70410959,Toronto (CAN),1169,0.736111111,2010.736111
2010,1-Jan,25-Apr-10,Marathon,18,2:24:39,8679,Askale Magarsa TAFA,27-Sep-84,ETH,3,25.59178082,London (GBR),1168,0.316666667,2010.316667
2010,1-Jan,11-Apr-10,Marathon,19,2:24:51,8691,Tirfi TSEGAYE,25-Nov-84,ETH,3,25.39178082,Paris (FRA),1166,0.277777778,2010.277778
2010,1-Jan,22-Jan-10,Marathon,20,2:24:54,8694,Helena Loshanyang KIROP,9-Sep-76,KEN,3,33.39178082,Dubai (UAE),1165,0.058333333,2010.058333
2010,1-Jan,25-Apr-10,Marathon,21,2:24:55,8695,Yukiko AKABA,18-Oct-79,JPN,4,30.53972603,London (GBR),1165,0.316666667,2010.316667
2010,1-Jan,26-Sep-10,Marathon,22,2:24:58,8698,Bezunesh BEKELE,29-Jan-83,ETH,2,27.67671233,Berlin (GER),1165,0.736111111,2010.736111
2010,1-Jan,27-Nov-10,Marathon,23,2:25:00,8700,Chunxiu ZHOU,15-Nov-78,CHN,1,32.05479452,Guangzhou (CHN),1164,0.905555556,2010.905556
2010,1-Jan,21-Mar-10,Marathon,24,2:25:01,8701,Chunxiu ZHOU,15-Nov-78,CHN,2,31.36712329,Seoul (KOR),1164,0.222222222,2010.222222
2010,1-Jan,17-Oct-10,Marathon,25,2:25:03,8703,Alice Jemeli TIMBILILI,1-Feb-83,KEN,1,27.7260274,Amsterdam (NED),1164,0.794444444,2010.794444
2010,1-Jan,31-Oct-10,Marathon,26,2:25:10,8710,Isabellah ANDERSSON,12-Nov-80,SWE,4,29.98630137,Frankfurt (GER),1163,0.833333333,2010.833333
2010,1-Jan,31-Jan-10,Marathon,27,2:25:14,8714,Amane GOBENA,11-Sep-86,ETH,1,23.40547945,Osaka (JPN),1162,0.083333333,2010.083333
2010,1-Jan,25-Apr-10,Marathon,28,2:25:18,8718,Xue BAI,13-Dec-88,CHN,5,21.37808219,London (GBR),1161,0.316666667,2010.316667
2010,1-Jan,25-Apr-10,Marathon,29,2:25:21,8721,Kimberley SMITH,19-Nov-81,NZL,6,28.44931507,London (GBR),1161,0.316666667,2010.316667
2010,1-Jan,31-Oct-10,Marathon,30,2:25:27,8727,Mare DIBABA,20-Oct-89,ETH,5,21.04383562,Frankfurt (GER),1160,0.833333333,2010.833333
2010,1-Jan,21-Mar-10,Marathon,31,2:25:28,8728,Firehiwot Tesfaye DADO,9-Jan-84,ETH,1,26.21369863,Roma (ITA),1160,0.222222222,2010.222222
2010,1-Jan,11-Apr-10,Marathon,32,2:25:29,8729,Aberu KEBEDE,12-Sep-86,ETH,1,23.59452055,Rotterdam (NED),1160,0.277777778,2010.277778
2010,1-Jan,9-May-10,Marathon,32,2:25:29,8729,Helena Loshanyang KIROP,9-Sep-76,KEN,1,33.68493151,Praha (CZE),1160,0.355555556,2010.355556
2010,1-Jan,21-Mar-10,Marathon,34,2:25:31,8731,Kebebush Haile LEMA,13-Apr-86,ETH,2,23.95342466,Roma (ITA),1159,0.222222222,2010.222222
2010,1-Jan,11-Apr-10,Marathon,35,2:25:34,8734,Azalech MASRESHA,4-May-88,ETH,4,21.95068493,Paris (FRA),1159,0.277777778,2010.277778
2010,1-Jan,10-Oct-10,Marathon,36,2:25:35,8735,Atsede HABTAMU,26-Oct-87,ETH,1,22.97260274,Eindhoven (NED),1159,0.775,2010.775
2010,1-Jan,21-Mar-10,Marathon,37,2:25:38,8738,Mare DIBABA,20-Oct-89,ETH,3,20.43013699,Roma (ITA),1158,0.222222222,2010.222222
2010,1-Jan,21-Mar-10,Marathon,37,2:25:38,8738,Edna Ngeringwony KIPLAGAT,15-Nov-79,KEN,1,30.36712329,"Los Angeles, CA (USA)",1158,0.222222222,2010.222222
2010,1-Jan,25-Apr-10,Marathon,39,2:25:43,8743,Mari OZAKI,16-Jul-75,JPN,7,34.8,London (GBR),1157,0.316666667,2010.316667
2010,1-Jan,31-Jan-10,Marathon,40,2:25:44,8744,Marisa BARROS,25-Feb-80,POR,2,29.95342466,Osaka (JPN),1157,0.083333333,2010.083333
2010,1-Jan,11-Apr-10,Marathon,41,2:25:50,8750,Asnaketch MENGISTU,9-May-86,ETH,1,23.93972603,Milano (ITA),1156,0.277777778,2010.277778
2010,1-Jan,22-Jan-10,Marathon,42,2:26:05,8765,Bezunesh BEKELE,29-Jan-83,ETH,4,27,Dubai (UAE),1154,0.058333333,2010.058333
2010,1-Jan,26-Sep-10,Marathon,43,2:26:10,8770,Tomo MORIMOTO,27-Dec-83,JPN,3,26.76712329,Berlin (GER),1153,0.736111111,2010.736111
2010,1-Jan,25-Oct-10,Marathon,44,2:26:13,8773,Tatyana ARYASOVA,2-Apr-79,RUS,1,31.58630137,Dublin (IRL),1153,0.816666667,2010.816667
2010,1-Jan,25-Apr-10,Marathon,45,2:26:16,8776,Mara YAMAUCHI,13-Aug-73,GBR,8,36.72328767,London (GBR),1152,0.316666667,2010.316667
2010,1-Jan,21-Mar-10,Marathon,46,2:26:20,8780,Misikir DEMISSE,23-Jul-86,ETH,2,23.67671233,"Los Angeles, CA (USA)",1152,0.222222222,2010.222222
2010,1-Jan,10-Oct-10,Marathon,46,2:26:20,8780,Desiree DAVILA,26-Jul-83,USA,2,27.22739726,"Chicago, IL (USA)",1152,0.775,2010.775
2010,1-Jan,26-Sep-10,Marathon,48,2:26:21,8781,Sabrina MOCKENHAUPT,6-Dec-80,GER,4,29.82465753,Berlin (GER),1151,0.736111111,2010.736111
2010,1-Jan,11-Apr-10,Marathon,49,2:26:22,8782,Magdalena LEWY-BOULET,1-Aug-73,USA,2,36.71780822,Rotterdam (NED),1151,0.277777778,2010.277778
2010,1-Jan,31-Oct-10,Marathon,50,2:26:23,8783,Hilde KIBET,27-Mar-81,NED,6,29.61643836,Frankfurt (GER),1151,0.833333333,2010.833333
2010,1-Jan,21-Mar-10,Marathon,51,2:26:24,8784,Tetyana FILONYUK,5-Apr-84,UKR,4,25.97534247,Roma (ITA),1151,0.222222222,2010.222222
2010,1-Jan,31-Jan-10,Marathon,52,2:26:27,8787,Mari OZAKI,16-Jul-75,JPN,3,34.56986301,Osaka (JPN),1150,0.083333333,2010.083333
2010,1-Jan,27-Nov-10,Marathon,53,2:26:35,8795,Xiaolin ZHU,20-Feb-84,CHN,2,26.78630137,Guangzhou (CHN),1149,0.905555556,2010.905556
2010,1-Jan,26-Sep-10,Marathon,54,2:26:40,8800,Firehiwot Tesfaye DADO,9-Jan-84,ETH,5,26.73150685,Toronto (CAN),1148,0.736111111,2010.736111
2010,1-Jan,10-Oct-10,Marathon,54,2:26:40,8800,Irina MIKITENKO,23-Aug-72,GER,3,38.15616438,"Chicago, IL (USA)",1148,0.775,2010.775
2010,1-Jan,22-Jan-10,Marathon,56,2:26:52,8812,Isabellah ANDERSSON,12-Nov-80,SWE,5,29.21369863,Dubai (UAE),1147,0.058333333,2010.058333
2010,1-Jan,21-Mar-10,Marathon,57,2:26:58,8818,Caroline Cheptanui KILEL,21-Mar-81,KEN,3,29.01917808,Seoul (KOR),1146,0.222222222,2010.222222
2010,1-Jan,14-Nov-10,Marathon,58,2:27:02,8822,Prisca JEPTOO,24-Jun-84,KEN,1,26.40821918,Torino (ITA),1145,0.869444444,2010.869444
2010,1-Jan,17-Oct-10,Marathon,59,2:27:04,8824,Eyerusalem KUMA,7-Sep-81,ETH,2,29.12876712,Amsterdam (NED),1145,0.794444444,2010.794444
2010,1-Jan,27-Nov-10,Marathon,60,2:27:06,8826,Kum-Ok KIM,9-Dec-88,PRK,3,21.98082192,Guangzhou (CHN),1144,0.905555556,2010.905556
2010,1-Jan,26-Sep-10,Marathon,61,2:27:08,8828,Alevtina IVANOVA,22-May-75,RUS,6,35.37260274,Toronto (CAN),1144,0.736111111,2010.736111
2010,1-Jan,31-Jan-10,Marathon,62,2:27:11,8831,Lidia ŞIMON,4-Sep-73,ROU,4,36.43287671,Osaka (JPN),1144,0.083333333,2010.083333
2010,1-Jan,14-Mar-10,Marathon,62,2:27:11,8831,Yuri KANO,27-Oct-78,JPN,1,31.4,Nagoya (JPN),1144,0.202777778,2010.202778
2010,1-Jan,31-Jan-10,Marathon,64,2:27:19,8839,Kayoko OBATA,18-Sep-71,JPN,5,38.39726027,Osaka (JPN),1142,0.083333333,2010.083333
2010,1-Jan,21-Mar-10,Marathon,65,2:27:20,8840,Silviya SKVORTSOVA,16-Nov-74,RUS,3,35.36712329,"Los Angeles, CA (USA)",1142,0.222222222,2010.222222
2010,1-Jan,3-Oct-10,Marathon,66,2:27:23,8843,Bizunesh DEBA,8-Sep-87,ETH,1,23.08493151,St. Paul (USA),1142,0.755555556,2010.755556
2010,1-Jan,17-Oct-10,Marathon,67,2:27:25,8845,Ashu KASIM,20-Oct-84,ETH,1,26.00821918,Istanbul (TUR),1141,0.794444444,2010.794444
2010,1-Jan,22-Jan-10,Marathon,68,2:27:29,8849,Askale Magarsa TAFA,27-Sep-84,ETH,6,25.3369863,Dubai (UAE),1141,0.058333333,2010.058333
2010,1-Jan,31-Jan-10,Marathon,69,2:27:34,8854,Ryoko KIZAKI,21-Jun-85,JPN,6,24.63013699,Osaka (JPN),1140,0.083333333,2010.083333
2010,1-Jan,11-Apr-10,Marathon,69,2:27:34,8854,Kum-Ok KIM,9-Dec-88,PRK,1,21.35068493,Pyongyang (PRK),1140,0.277777778,2010.277778
2010,1-Jan,9-May-10,Marathon,71,2:27:36,8856,Alevtina IVANOVA,22-May-75,RUS,2,34.9890411,Praha (CZE),1140,0.355555556,2010.355556
2010,1-Jan,6-Jun-10,Marathon,72,2:27:42,8862,Yuliya GROMOVA,21-May-74,RUS,1,36.06849315,"San Diego, CA (USA)",1139,0.430555556,2010.430556
2010,1-Jan,17-Oct-10,Marathon,73,2:27:44,8864,Robe GUTA,12-Oct-86,ETH,3,24.03013699,Amsterdam (NED),1138,0.794444444,2010.794444
2010,1-Jan,31-Oct-10,Marathon,73,2:27:44,8864,Yuliya RUBAN,6-Oct-83,UKR,7,27.08767123,Frankfurt (GER),1138,0.833333333,2010.833333
2010,1-Jan,22-Jan-10,Marathon,75,2:27:45,8865,Yeshimebet TADESSE BIFA,15-Oct-88,ETH,7,21.28493151,Dubai (UAE),1138,0.058333333,2010.058333
2010,1-Jan,17-Oct-10,Marathon,76,2:27:51,8871,Woynishet GIRMA,28-Jul-86,ETH,4,24.23835616,Amsterdam (NED),1137,0.794444444,2010.794444
2010,1-Jan,25-Oct-10,Marathon,76,2:27:51,8871,Kateryna STETSENKO,16-Jan-82,UKR,2,28.79178082,Dublin (IRL),1137,0.816666667,2010.816667
2010,1-Jan,17-Oct-10,Marathon,78,2:27:54,8874,Alemitu Abera BEGNA,1986,ETH,2,105.430137,Istanbul (TUR),1137,0.794444444,2010.794444
2010,1-Jan,31-Oct-10,Marathon,79,2:28:01,8881,Yelena SOKOLOVA,27-Dec-79,RUS,8,30.86575342,Frankfurt (GER),1136,0.833333333,2010.833333
2010,1-Jan,25-Oct-10,Marathon,80,2:28:02,8882,Elza SHAYAKHMETOVA-KIREYEVA,26-Mar-79,RUS,3,31.60547945,Dublin (IRL),1136,0.816666667,2010.816667
2010,1-Jan,26-Sep-10,Marathon,81,2:28:06,8886,Albina MAYOROVA,16-May-77,RUS,7,33.38630137,Toronto (CAN),1135,0.736111111,2010.736111
2010,1-Jan,24-Oct-10,Marathon,82,2:28:08,8888,Makeda HARONA,5-Sep-88,ETH,1,22.14794521,Venezia (ITA),1135,0.813888889,2010.813889
2010,1-Jan,14-Mar-10,Marathon,83,2:28:13,8893,Derartu TULU,21-Mar-72,ETH,2,38.00547945,Nagoya (JPN),1134,0.202777778,2010.202778
2010,1-Jan,21-Mar-10,Marathon,84,2:28:17,8897,Xueqin WANG,1-Jan-91,CHN,4,19.23013699,Seoul (KOR),1133,0.222222222,2010.222222
2010,1-Jan,30-May-10,Marathon,85,2:28:19,8899,Merima MOHAMMED,10-Jun-92,ETH,1,17.98082192,Ottawa (CAN),1133,0.413888889,2010.413889
2010,1-Jan,7-Nov-10,Marathon,86,2:28:20,8900,Edna Ngeringwony KIPLAGAT,15-Nov-79,KEN,1,31,"New York, NY (USA)",1133,0.85,2010.85
2010,1-Jan,11-Apr-10,Marathon,87,2:28:22,8902,Anne BERERWE,4-Nov-82,KEN,2,27.45205479,Milano (ITA),1132,0.277777778,2010.277778
2010,1-Jan,14-Nov-10,Marathon,87,2:28:22,8902,Fate TOLA,22-Oct-87,ETH,2,23.07945205,Torino (ITA),1132,0.869444444,2010.869444
2010,1-Jan,28-Nov-10,Marathon,89,2:28:24,8904,Goitetom Haftu TESEMA,1987,ETH,1,105.5424658,La Rochelle (FRA),1132,0.908333333,2010.908333
2010,1-Jan,31-Jan-10,Marathon,90,2:28:29,8909,Chika HORIE,15-Feb-81,JPN,7,28.97808219,Osaka (JPN),1131,0.083333333,2010.083333
2010,1-Jan,10-Oct-10,Marathon,90,2:28:29,8909,Mamitu DASKA,16-Oct-83,ETH,4,27.00273973,"Chicago, IL (USA)",1131,0.775,2010.775
2010,1-Jan,26-Sep-10,Marathon,92,2:28:31,8911,Olena BURKOVSKA,9-Aug-81,UKR,5,29.15068493,Berlin (GER),1131,0.736111111,2010.736111
2010,1-Jan,14-Mar-10,Marathon,93,2:28:35,8915,Hiromi OMINAMI,15-Nov-75,JPN,3,34.35068493,Nagoya (JPN),1130,0.202777778,2010.202778
2010,1-Jan,25-Apr-10,Marathon,94,2:28:38,8918,Sharon Jemutai CHEROP,16-Mar-84,KEN,1,26.1260274,Hamburg (GER),1130,0.316666667,2010.316667
2010,1-Jan,31-Oct-10,Marathon,94,2:28:38,8918,Hellen Jemaiyo KIMUTAI,28-Dec-77,KEN,9,32.8630137,Frankfurt (GER),1130,0.833333333,2010.833333
2010,1-Jan,7-Nov-10,Marathon,96,2:28:40,8920,Shalane FLANAGAN,8-Jul-81,USA,2,29.35342466,"New York, NY (USA)",1130,0.85,2010.85
2010,1-Jan,17-Jan-10,Marathon,97,2:28:44,8924,Margarita PLAKSINA,1-Oct-77,RUS,2,32.31780822,"Houston, TX (USA)",1129,0.044444444,2010.044444
2010,1-Jan,10-Oct-10,Marathon,97,2:28:44,8924,Magdalena LEWY-BOULET,1-Aug-73,USA,5,37.21643836,"Chicago, IL (USA)",1129,0.775,2010.775
2010,1-Jan,18-Apr-10,Marathon,99,2:28:48,8928,Lisa WEIGHTMAN,16-Jan-79,AUS,1,31.2739726,Nagano (JPN),1128,0.297222222,2010.297222
2010,1-Jan,2-Jan-10,Marathon,100,2:28:53,8933,Atsede BAYISA,16-Apr-87,ETH,1,22.73150685,Xiamen (CHN),1128,0.002777778,2010.002778
2009,1-Jan,26-Apr-09,Marathon,1,2:22:11,8531,Irina MIKITENKO,23-Aug-72,GER,1,36.69863014,London (GBR),1191,0.319444444,2009.319444
2009,1-Jan,26-Apr-09,Marathon,2,2:23:12,8592,Mara YAMAUCHI,13-Aug-73,GBR,2,35.7260274,London (GBR),1181,0.319444444,2009.319444
2009,1-Jan,25-Jan-09,Marathon,3,2:23:42,8622,Yoko SHIBUI,14-Mar-79,JPN,1,29.89041096,Osaka (JPN),1177,0.066666667,2009.066667
2009,1-Jan,16-Jan-09,Marathon,4,2:24:02,8642,Bezunesh BEKELE,29-Jan-83,ETH,1f1,25.98356164,Dubai (UAE),1173,0.041666667,2009.041667
2009,1-Jan,18-Jan-09,Marathon,5,2:24:18,8658,Teyba ERKESSO,30-Oct-82,ETH,1f1,26.23835616,"Houston, TX (USA)",1171,0.047222222,2009.047222
2009,1-Jan,26-Apr-09,Marathon,6,2:24:24,8664,Liliya SHOBUKHOVA,13-Nov-77,RUS,3,31.47123288,London (GBR),1170,0.319444444,2009.319444
2009,1-Jan,5-Apr-09,Marathon,7,2:24:42,8682,Atsede BAYISA,16-Apr-87,ETH,1,21.98630137,Paris (FRA),1167,0.261111111,2009.261111
2009,1-Jan,20-Sep-09,Marathon,8,2:24:47,8687,Atsede HABTAMU,26-Oct-87,ETH,1,21.91780822,Berlin (GER),1166,0.719444444,2009.719444
2009,1-Jan,5-Apr-09,Marathon,9,2:25:02,8702,Asselefech MEDESSA MERGIA,23-Jan-85,ETH,2,24.21369863,Paris (FRA),1164,0.261111111,2009.261111
2009,1-Jan,26-Apr-09,Marathon,10,2:25:06,8706,Svetlana ZAKHAROVA,15-Sep-70,RUS,4,38.63835616,London (GBR),1163,0.319444444,2009.319444
2009,1-Jan,30-Aug-09,Marathon,11,2:25:10,8710,Kiyoko SHIMAHARA,22-Dec-76,JPN,1,32.70958904,Sapporo (JPN),1163,0.663888889,2009.663889
2009,1-Jan,23-Aug-09,Marathon,12,2:25:15,8715,Xue BAI,13-Dec-88,CHN,1,20.70684932,"Olympiastadion, Berlin (GER)",1162,0.644444444,2009.644444
2009,1-Jan,16-Jan-09,Marathon,13,2:25:17,8717,Atsede HABTAMU,26-Oct-87,ETH,2f1,21.24109589,Dubai (UAE),1162,0.041666667,2009.041667
2009,1-Jan,25-Oct-09,Marathon,14,2:25:24,8724,Caroline Cheptanui KILEL,21-Mar-81,KEN,1,28.61643836,Ljubljana (SLO),1160,0.816666667,2009.816667
2009,1-Jan,23-Aug-09,Marathon,15,2:25:25,8725,Yoshimi OZAKI,1-Jul-81,JPN,2,28.16438356,"Olympiastadion, Berlin (GER)",1160,0.644444444,2009.644444
2009,1-Jan,26-Apr-09,Marathon,16,2:25:30,8730,Berhane ADERE,23-Nov-73,ETH,5,35.44657534,London (GBR),1159,0.319444444,2009.319444
2009,1-Jan,23-Aug-09,Marathon,17,2:25:32,8732,Asselefech MEDESSA MERGIA,23-Jan-85,ETH,3,24.59726027,"Olympiastadion, Berlin (GER)",1159,0.644444444,2009.644444
2009,1-Jan,16-Jan-09,Marathon,18,2:25:35,8735,Helena Loshanyang KIROP,9-Sep-76,KEN,3f1,32.37534247,Dubai (UAE),1159,0.041666667,2009.041667
2009,1-Jan,14-Mar-09,Marathon,19,2:25:37,8737,Robe GUTA,12-Oct-86,ETH,1,22.43561644,Seoul (KOR),1158,0.202777778,2009.202778
2009,1-Jan,22-Mar-09,Marathon,20,2:25:38,8738,Mizuho NASUKAWA,22-Nov-79,JPN,1,29.35068493,Tokyo (JPN),1158,0.225,2009.225
2009,1-Jan,23-Aug-09,Marathon,21,2:25:39,8739,Chunxiu ZHOU,15-Nov-78,CHN,4,30.79178082,"Olympiastadion, Berlin (GER)",1158,0.644444444,2009.644444
2009,1-Jan,25-Jan-09,Marathon,22,2:25:40,8740,Yukiko AKABA,18-Oct-79,JPN,2,29.29315068,Osaka (JPN),1158,0.066666667,2009.066667
2009,1-Jan,5-Apr-09,Marathon,23,2:25:43,8743,Christelle DAUNAY,5-Dec-74,FRA,3,34.35616438,Paris (FRA),1157,0.261111111,2009.261111
2009,1-Jan,5-Apr-09,Marathon,24,2:25:49,8749,Ashu KASIM,20-Oct-84,ETH,4,24.4739726,Paris (FRA),1156,0.261111111,2009.261111
2009,1-Jan,16-Jan-09,Marathon,25,2:25:53,8753,Tatyana PETROVA,8-Apr-83,RUS,4f1,25.79452055,Dubai (UAE),1156,0.041666667,2009.041667
2009,1-Jan,25-May-09,Marathon,26,2:25:59,8759,Tatyana PETROVA,8-Apr-83,RUS,1,26.14794521,"Los Angeles, CA (USA)",1155,0.4,2009.4
2009,1-Jan,22-Feb-09,Marathon,27,2:26:03,8763,Marisa BARROS,25-Feb-80,POR,1f1,29.01369863,Sevilla (ESP),1154,0.141666667,2009.141667
2009,1-Jan,23-Aug-09,Marathon,28,2:26:08,8768,Xiaolin ZHU,20-Feb-84,CHN,5,25.52328767,"Olympiastadion, Berlin (GER)",1153,0.644444444,2009.644444
2009,1-Jan,19-Apr-09,Marathon,29,2:26:22,8782,Agnes KIPROP,14-Jan-80,KEN,1,29.28219178,Torino (ITA),1151,0.3,2009.3
2009,1-Jan,26-Apr-09,Marathon,29,2:26:22,8782,Catherine NDEREBA,21-Jul-72,KEN,6,36.7890411,London (GBR),1151,0.319444444,2009.319444
2009,1-Jan,20-Sep-09,Marathon,31,2:26:24,8784,Silviya SKVORTSOVA,16-Nov-74,RUS,2,34.86849315,Berlin (GER),1151,0.719444444,2009.719444
2009,1-Jan,26-Apr-09,Marathon,32,2:26:29,8789,Tomo MORIMOTO,27-Dec-83,JPN,7,25.34794521,London (GBR),1150,0.319444444,2009.319444
2009,1-Jan,5-Apr-09,Marathon,33,2:26:30,8790,Nailia IULAMANOVA,6-Sep-80,RUS,1,28.59726027,Rotterdam (NED),1150,0.261111111,2009.261111
2009,1-Jan,11-Oct-09,Marathon,34,2:26:31,8791,Irina MIKITENKO,23-Aug-72,GER,1,37.15890411,"Chicago, IL (USA)",1150,0.777777778,2009.777778
2009,1-Jan,16-Jan-09,Marathon,35,2:26:37,8797,Genet GETANEH,6-Jan-86,ETH,5f1,23.04383562,Dubai (UAE),1149,0.041666667,2009.041667
2009,1-Jan,20-Sep-09,Marathon,36,2:26:38,8798,Mamitu DASKA,16-Oct-83,ETH,3,25.94794521,Berlin (GER),1149,0.719444444,2009.719444
2009,1-Jan,20-Sep-09,Marathon,37,2:26:45,8805,Rosaria CONSOLE,17-Dec-79,ITA,4,29.78082192,Berlin (GER),1148,0.719444444,2009.719444
2009,1-Jan,23-Aug-09,Marathon,38,2:26:50,8810,Marisa BARROS,25-Feb-80,POR,6,29.51232877,"Olympiastadion, Berlin (GER)",1147,0.644444444,2009.644444
2009,1-Jan,16-Jan-09,Marathon,39,2:26:51,8811,Eyerusalem KUMA,7-Sep-81,ETH,6f1,27.37808219,Dubai (UAE),1147,0.041666667,2009.041667
2009,1-Jan,25-May-09,Marathon,40,2:26:53,8813,Amane GOBENA,11-Sep-86,ETH,2,22.71780822,"Los Angeles, CA (USA)",1146,0.4,2009.4
2009,1-Jan,26-Apr-09,Marathon,41,2:26:54,8814,Gete WAMI,11-Dec-74,ETH,8,34.39726027,London (GBR),1146,0.319444444,2009.319444
2009,1-Jan,25-Oct-09,Marathon,42,2:26:55,8815,Tetyana FILONYUK,5-Apr-84,UKR,2,25.57260274,Ljubljana (SLO),1146,0.816666667,2009.816667
2009,1-Jan,11-Oct-09,Marathon,43,2:26:56,8816,Teyba ERKESSO,30-Oct-82,ETH,2,26.96712329,"Chicago, IL (USA)",1146,0.777777778,2009.777778
2009,1-Jan,25-Jan-09,Marathon,44,2:26:57,8817,Yumiko HARA,9-Jan-82,JPN,3,27.0630137,Osaka (JPN),1146,0.066666667,2009.066667
2009,1-Jan,23-Aug-09,Marathon,44,2:26:57,8817,Yuri KANO,27-Oct-78,JPN,7,30.84383562,"Olympiastadion, Berlin (GER)",1146,0.644444444,2009.644444
2009,1-Jan,25-Oct-09,Marathon,44,2:26:57,8817,Agnes KIPROP,14-Jan-80,KEN,1,29.8,Frankfurt (GER),1146,0.816666667,2009.816667
2009,1-Jan,25-Jan-09,Marathon,47,2:27:08,8828,Miki OHIRA,28-Jun-81,JPN,4,27.59726027,Osaka (JPN),1144,0.066666667,2009.066667
2009,1-Jan,22-Mar-09,Marathon,47,2:27:08,8828,Firehiwot Tesfaye DADO,9-Jan-84,ETH,1,25.21643836,Roma (ITA),1144,0.225,2009.225
2009,1-Jan,20-Sep-09,Marathon,49,2:27:09,8829,Genet GETANEH,6-Jan-86,ETH,5,23.72054795,Berlin (GER),1144,0.719444444,2009.719444
2009,1-Jan,25-Jan-09,Marathon,50,2:27:14,8834,Lidia ŞIMON,4-Sep-73,ROU,5,35.41643836,Osaka (JPN),1143,0.066666667,2009.066667
2009,1-Jan,25-Jan-09,Marathon,51,2:27:16,8836,Mika OKUNAGA,27-Oct-82,JPN,6,26.26575342,Osaka (JPN),1143,0.066666667,2009.066667
2009,1-Jan,30-Aug-09,Marathon,52,2:27:23,8843,Akemi OZAKI,12-Oct-77,JPN,2,31.90410959,Sapporo (JPN),1142,0.663888889,2009.663889
2009,1-Jan,18-Jan-09,Marathon,53,2:27:25,8845,Nuţa OLARU,28-Aug-70,ROU,2f1,38.41917808,"Houston, TX (USA)",1141,0.047222222,2009.047222
2009,1-Jan,31-May-09,Marathon,54,2:27:37,8857,Yuliya GROMOVA,21-May-74,RUS,1,35.05205479,"San Diego, CA (USA)",1139,0.416666667,2009.416667
2009,1-Jan,25-Jan-09,Marathon,55,2:27:38,8858,Ruth WANJIRU,11-Sep-81,KEN,7,27.39178082,Osaka (JPN),1139,0.066666667,2009.066667
2009,1-Jan,23-Aug-09,Marathon,56,2:27:39,8859,Alevtina BIKTIMIROVA,10-Sep-82,RUS,8,26.96986301,"Olympiastadion, Berlin (GER)",1139,0.644444444,2009.644444
2009,1-Jan,24-May-09,Marathon,57,2:27:41,8861,Asmae LEGHZAOUI,30-Aug-76,MAR,1,32.75342466,Ottawa (CAN),1139,0.397222222,2009.397222
2009,1-Jan,26-Apr-09,Marathon,58,2:27:42,8862,Lyudmila PETROVA,7-Oct-68,RUS,9,40.57808219,London (GBR),1139,0.319444444,2009.319444
2009,1-Jan,22-Mar-09,Marathon,59,2:27:43,8863,Tetyana FILONYUK,5-Apr-84,UKR,2,24.97808219,Roma (ITA),1139,0.225,2009.225
2009,1-Jan,18-Oct-09,Marathon,59,2:27:43,8863,Eyerusalem KUMA,7-Sep-81,ETH,1,28.13150685,Amsterdam (NED),1139,0.797222222,2009.797222
2009,1-Jan,25-Oct-09,Marathon,61,2:27:46,8866,Anne Jepkemboi KOSGEI,1980,KEN,1,104.4684932,Venezia (ITA),1138,0.816666667,2009.816667
2009,1-Jan,16-Jan-09,Marathon,62,2:27:47,8867,Berhane ADERE,23-Nov-73,ETH,7f1,35.17260274,Dubai (UAE),1138,0.041666667,2009.041667
2009,1-Jan,14-Mar-09,Marathon,63,2:27:48,8868,Sun-young LEE,20-Aug-84,KOR,2,24.58082192,Seoul (KOR),1138,0.202777778,2009.202778
2009,1-Jan,23-Aug-09,Marathon,63,2:27:48,8868,Kara GOUCHER,9-Jul-78,USA,9,31.14520548,"Olympiastadion, Berlin (GER)",1138,0.644444444,2009.644444
2009,1-Jan,29-Nov-09,Marathon,65,2:27:49,8869,Yanan WEI,6-Dec-81,CHN,1,28,Shanghai (CHN),1138,0.911111111,2009.911111
2009,1-Jan,25-Oct-09,Marathon,66,2:27:50,8870,Hellen Jemaiyo KIMUTAI,28-Dec-77,KEN,2,31.84657534,Frankfurt (GER),1137,0.816666667,2009.816667
2009,1-Jan,23-Aug-09,Marathon,67,2:27:53,8873,Desiree DAVILA,26-Jul-83,USA,10,26.09589041,"Olympiastadion, Berlin (GER)",1137,0.644444444,2009.644444
2009,1-Jan,25-Jan-09,Marathon,68,2:27:56,8876,Madoka OGI,26-Oct-83,JPN,8,25.26849315,Osaka (JPN),1137,0.066666667,2009.066667
2009,1-Jan,22-Mar-09,Marathon,69,2:28:08,8888,Kebebush Haile LEMA,13-Apr-86,ETH,3,22.95616438,Roma (ITA),1135,0.225,2009.225
2009,1-Jan,5-Apr-09,Marathon,70,2:28:09,8889,Lydia CHEROMEI,11-May-77,KEN,2,31.92328767,Rotterdam (NED),1134,0.261111111,2009.261111
2009,1-Jan,8-Mar-09,Marathon,71,2:28:13,8893,Yoshiko FUJINAGA,15-Aug-81,JPN,1,27.58082192,Nagoya (JPN),1134,0.186111111,2009.186111
2009,1-Jan,29-Nov-09,Marathon,72,2:28:16,8896,Tirfi TSEGAYE,25-Nov-84,ETH,2,25.02739726,Shanghai (CHN),1133,0.911111111,2009.911111
2009,1-Jan,16-Jan-09,Marathon,73,2:28:26,8906,Shiru DERIBA,22-Oct-85,ETH,8f1,23.25205479,Dubai (UAE),1132,0.041666667,2009.041667
2009,1-Jan,10-May-09,Marathon,74,2:28:27,8907,Olga GLOK,16-Dec-82,RUS,1,26.41643836,Praha (CZE),1132,0.358333333,2009.358333
2009,1-Jan,27-Sep-09,Marathon,75,2:28:31,8911,Amane GOBENA,11-Sep-86,ETH,1,23.06027397,Toronto (CAN),1131,0.738888889,2009.738889
2009,1-Jan,12-Apr-09,Marathon,76,2:28:34,8914,Pyo UN-SUK,13-Jun-81,PRK,1,27.84931507,Pyongyang (PRK),1131,0.280555556,2009.280556
2009,1-Jan,13-Dec-09,Marathon,76,2:28:34,8914,Svetlana ZAKHAROVA,15-Sep-70,RUS,1,39.27123288,"Honolulu, HI (USA)",1131,0.95,2009.95
2009,1-Jan,25-May-09,Marathon,78,2:28:35,8915,Silviya SKVORTSOVA,16-Nov-74,RUS,3,34.54520548,"Los Angeles, CA (USA)",1130,0.4,2009.4
2009,1-Jan,11-Oct-09,Marathon,79,2:28:38,8918,Berhane ADERE,23-Nov-73,ETH,3,35.90684932,"Chicago, IL (USA)",1130,0.777777778,2009.777778
2009,1-Jan,25-Oct-09,Marathon,80,2:28:41,8921,Koren Jelila YAL,18-Jan-87,ETH,2,22.78356164,Venezia (ITA),1129,0.816666667,2009.816667
2009,1-Jan,26-Apr-09,Marathon,81,2:28:44,8924,Yuri KANO,27-Oct-78,JPN,10,30.51780822,London (GBR),1129,0.319444444,2009.319444
2009,1-Jan,25-Oct-09,Marathon,82,2:28:47,8927,Alena SAMOKHVALOVA,21-Nov-80,RUS,3,28.94520548,Venezia (ITA),1129,0.816666667,2009.816667
2009,1-Jan,11-Oct-09,Marathon,83,2:28:50,8930,Deena KASTOR,14-Feb-73,USA,4,36.67945205,"Chicago, IL (USA)",1128,0.777777778,2009.777778
2009,1-Jan,15-Nov-09,Marathon,84,2:28:51,8931,Kiyoko SHIMAHARA,22-Dec-76,JPN,1,32.92054795,Yokohama (JPN),1128,0.872222222,2009.872222
2009,1-Jan,22-Mar-09,Marathon,85,2:28:55,8935,Yukari SAHAKU,5-Nov-88,JPN,2,20.3890411,Tokyo (JPN),1127,0.225,2009.225
2009,1-Jan,25-Oct-09,Marathon,86,2:28:57,8937,Irene JEROTICH,8-Sep-74,KEN,1,35.15342466,Nairobi (KEN),1127,0.816666667,2009.816667
2009,1-Jan,23-Aug-09,Marathon,87,2:28:59,8939,Julia Mombi MURAGA,25-Jan-85,KEN,11,24.59178082,"Olympiastadion, Berlin (GER)",1127,0.644444444,2009.644444
2009,1-Jan,14-Mar-09,Marathon,88,2:29:00,8940,Yanan WEI,6-Dec-81,CHN,3,27.28767123,Seoul (KOR),1127,0.202777778,2009.202778
2009,1-Jan,26-Apr-09,Marathon,89,2:29:01,8941,Alessandra AGUILAR,1-Jul-78,ESP,1,30.84109589,Hamburg (GER),1126,0.319444444,2009.319444
2009,1-Jan,26-Apr-09,Marathon,90,2:29:02,8942,Chunxiu ZHOU,15-Nov-78,CHN,11,30.46575342,London (GBR),1126,0.319444444,2009.319444
2009,1-Jan,19-Apr-09,Marathon,91,2:29:04,8944,Tirfi TSEGAYE,25-Nov-84,ETH,2,24.41369863,Torino (ITA),1126,0.3,2009.3
2009,1-Jan,8-Mar-09,Marathon,92,2:29:09,8949,Chika HORIE,15-Feb-81,JPN,2,28.07671233,Nagoya (JPN),1125,0.186111111,2009.186111
2009,1-Jan,5-Apr-09,Marathon,93,2:29:10,8950,Julia Mombi MURAGA,25-Jan-85,KEN,5,24.20821918,Paris (FRA),1125,0.261111111,2009.261111
2009,1-Jan,25-Oct-09,Marathon,93,2:29:10,8950,Karolina NADOLSKA,6-Sep-81,POL,3,28.15342466,Frankfurt (GER),1125,0.816666667,2009.816667
2009,1-Jan,16-Jan-09,Marathon,95,2:29:13,8953,Atsede BAYISA,16-Apr-87,ETH,9f1,21.76986301,Dubai (UAE),1124,0.041666667,2009.041667
2009,1-Jan,15-Nov-09,Marathon,95,2:29:13,8953,Catherine NDEREBA,21-Jul-72,KEN,2,37.34520548,Yokohama (JPN),1124,0.872222222,2009.872222
2009,1-Jan,22-Mar-09,Marathon,97,2:29:16,8956,Risper KIMAIYO,26-Jun-79,KEN,4,29.75890411,Roma (ITA),1124,0.225,2009.225
2009,1-Jan,20-Sep-09,Marathon,98,2:29:17,8957,Leah MALOT,7-Jun-72,KEN,6,37.31232877,Berlin (GER),1124,0.719444444,2009.719444
2009,1-Jan,22-Mar-09,Marathon,99,2:29:19,8959,Reiko TOSA,11-Jun-76,JPN,3,32.8,Tokyo (JPN),1124,0.225,2009.225
2009,1-Jan,5-Apr-09,Marathon,99,2:29:19,8959,Workenesh TOLA,6-Jun-77,ETH,6,31.85205479,Paris (FRA),1124,0.261111111,2009.261111
2008,1-Jan,28-Sep-08,Marathon,1,2:19:19,8359,Irina MIKITENKO,23-Aug-72,GER,1,36.12328767,Berlin (GER),1219,0.741666667,2008.741667
2008,1-Jan,28-Sep-08,Marathon,2,2:21:31,8491,Askale Magarsa TAFA,27-Sep-84,ETH,2,24.01917808,Berlin (GER),1198,0.741666667,2008.741667
2008,1-Jan,5-Jan-08,Marathon,3,2:22:38,8558,Yingying ZHANG,4-Jan-90,CHN,1,18.01369863,Xiamen (CHN),1187,0.011111111,2008.011111
2008,1-Jan,18-Jan-08,Marathon,4,2:22:42,8562,Berhane ADERE,23-Nov-73,ETH,1,34.17534247,Dubai (UAE),1186,0.047222222,2008.047222
2008,1-Jan,16-Mar-08,Marathon,5,2:22:53,8573,Galina BOGOMOLOVA,15-Oct-77,RUS,1,30.43835616,Roma (ITA),1184,0.208333333,2008.208333
2008,1-Jan,18-Jan-08,Marathon,6,2:23:09,8589,Bezunesh BEKELE,29-Jan-83,ETH,2,24.98630137,Dubai (UAE),1182,0.047222222,2008.047222
2008,1-Jan,18-Jan-08,Marathon,7,2:23:23,8603,Askale Magarsa TAFA,27-Sep-84,ETH,3,23.32328767,Dubai (UAE),1180,0.047222222,2008.047222
2008,1-Jan,5-Jan-08,Marathon,8,2:23:27,8607,Xue BAI,13-Dec-88,CHN,2,19.0739726,Xiamen (CHN),1179,0.011111111,2008.011111
2008,1-Jan,16-Nov-08,Marathon,9,2:23:30,8610,Yoshimi OZAKI,1-Jul-81,JPN,1,27.39726027,Tokyo (JPN),1179,0.875,2008.875
2008,1-Jan,13-Apr-08,Marathon,10,2:24:14,8654,Irina MIKITENKO,23-Aug-72,GER,1,35.6630137,London (GBR),1172,0.283333333,2008.283333
2008,1-Jan,27-Apr-08,Marathon,10,2:24:14,8654,Irina TIMOFEYEVA,5-Apr-70,RUS,1,38.08767123,Hamburg (GER),1172,0.322222222,2008.322222
2008,1-Jan,16-Nov-08,Marathon,12,2:24:27,8667,Yuri KANO,27-Oct-78,JPN,2,30.07671233,Tokyo (JPN),1169,0.875,2008.875
2008,1-Jan,13-Jan-08,Marathon,13,2:24:39,8679,Dire TUNE,19-Jun-85,ETH,1,22.58356164,"Houston, TX (USA)",1168,0.033333333,2008.033333
2008,1-Jan,13-Apr-08,Marathon,13,2:24:39,8679,Svetlana ZAKHAROVA,15-Sep-70,RUS,2,37.60273973,London (GBR),1168,0.283333333,2008.283333
2008,1-Jan,28-Sep-08,Marathon,15,2:25:01,8701,Helena Loshanyang KIROP,9-Sep-76,KEN,3,32.0739726,Berlin (GER),1164,0.741666667,2008.741667
2008,1-Jan,16-Nov-08,Marathon,16,2:25:03,8703,Mara YAMAUCHI,13-Aug-73,GBR,3,35.28493151,Tokyo (JPN),1164,0.875,2008.875
2008,1-Jan,5-Jan-08,Marathon,17,2:25:10,8710,Yanan WEI,6-Dec-81,CHN,3,26.09863014,Xiamen (CHN),1163,0.011111111,2008.011111
2008,1-Jan,27-Jan-08,Marathon,17,2:25:10,8710,Mara YAMAUCHI,13-Aug-73,GBR,1,34.47945205,Osaka (JPN),1163,0.072222222,2008.072222
2008,1-Jan,13-Apr-08,Marathon,19,2:25:12,8712,Lyubov MORGUNOVA,14-Jan-71,RUS,1,37.27123288,Rotterdam (NED),1162,0.283333333,2008.283333
2008,1-Jan,6-Apr-08,Marathon,20,2:25:33,8733,Martha KOMU,23-Mar-83,KEN,1,25.05753425,Paris (FRA),1159,0.263888889,2008.263889
2008,1-Jan,27-Jan-08,Marathon,21,2:25:34,8734,Tomo MORIMOTO,27-Dec-83,JPN,2,24.10136986,Osaka (JPN),1159,0.072222222,2008.072222
2008,1-Jan,6-Apr-08,Marathon,22,2:25:37,8737,Workenesh TOLA,6-Jun-77,ETH,2,30.85479452,Paris (FRA),1158,0.263888889,2008.263889
2008,1-Jan,13-Apr-08,Marathon,22,2:25:37,8737,Gete WAMI,11-Dec-74,ETH,3,33.36164384,London (GBR),1158,0.283333333,2008.283333
2008,1-Jan,18-Jan-08,Marathon,24,2:25:48,8748,Rose CHERUIYOT,21-Jul-76,KEN,4,31.51506849,Dubai (UAE),1157,0.047222222,2008.047222
2008,1-Jan,9-Mar-08,Marathon,25,2:25:51,8751,Yurika NAKAMURA,1-Apr-86,JPN,1,21.95342466,Nagoya (JPN),1156,0.188888889,2008.188889
2008,1-Jan,16-Nov-08,Marathon,25,2:25:51,8751,Yoko SHIBUI,14-Mar-79,JPN,4,29.69863014,Tokyo (JPN),1156,0.875,2008.875
2008,1-Jan,19-Oct-08,Marathon,27,2:25:57,8757,Lydia CHEROMEI,11-May-77,KEN,1,31.4630137,Amsterdam (NED),1155,0.8,2008.8
2008,1-Jan,27-Jan-08,Marathon,28,2:26:00,8760,Julia Mombi MURAGA,25-Jan-85,KEN,3,23.01917808,Osaka (JPN),1155,0.072222222,2008.072222
2008,1-Jan,6-Apr-08,Marathon,28,2:26:00,8760,Lenah CHERUIYOT,1-Mar-73,KEN,3,35.12328767,Paris (FRA),1155,0.263888889,2008.263889
2008,1-Jan,30-Mar-08,Marathon,30,2:26:01,8761,Jiali WANG,1-Feb-86,CHN,1,22.17260274,Zhengzhou (CHN),1155,0.247222222,2008.247222
2008,1-Jan,27-Jan-08,Marathon,31,2:26:09,8769,Miki OHIRA,28-Jun-81,JPN,4,26.6,Osaka (JPN),1153,0.072222222,2008.072222
2008,1-Jan,6-Apr-08,Marathon,32,2:26:10,8770,Debellu Shitaye GEMECHU,17-Jun-80,ETH,4,27.82191781,Paris (FRA),1153,0.263888889,2008.263889
2008,1-Jan,16-Mar-08,Marathon,33,2:26:11,8771,Shujing ZHANG,13-Sep-78,CHN,1,29.5260274,Seoul (KOR),1153,0.208333333,2008.208333
2008,1-Jan,9-Mar-08,Marathon,34,2:26:19,8779,Yoshimi OZAKI,1-Jul-81,JPN,2,26.70684932,Nagoya (JPN),1152,0.188888889,2008.188889
2008,1-Jan,30-Nov-08,Marathon,34,2:26:19,8779,Irina TIMOFEYEVA,5-Apr-70,RUS,1,38.68219178,Shanghai (CHN),1152,0.913888889,2008.913889
2008,1-Jan,26-Oct-08,Marathon,36,2:26:22,8782,Sabrina MOCKENHAUPT,6-Dec-80,GER,1,27.90684932,Frankfurt (GER),1151,0.819444444,2008.819444
2008,1-Jan,28-Sep-08,Marathon,37,2:26:25,8785,Rose CHERUIYOT,21-Jul-76,KEN,4,32.2109589,Berlin (GER),1151,0.741666667,2008.741667
2008,1-Jan,19-Oct-08,Marathon,38,2:26:27,8787,Xue BAI,13-Dec-88,CHN,1,19.8630137,Beijing (CHN),1150,0.8,2008.8
2008,1-Jan,13-Apr-08,Marathon,39,2:26:30,8790,Salina Jebet KOSGEI,16-Nov-76,KEN,4,31.42739726,London (GBR),1150,0.283333333,2008.283333
2008,1-Jan,9-Mar-08,Marathon,40,2:26:39,8799,Yuri KANO,27-Oct-78,JPN,3,29.38630137,Nagoya (JPN),1149,0.188888889,2008.188889
2008,1-Jan,20-Apr-08,Marathon,40,2:26:39,8799,Alevtina IVANOVA,22-May-75,RUS,1,32.9369863,Nagano (JPN),1149,0.302777778,2008.302778
2008,1-Jan,27-Apr-08,Marathon,42,2:26:43,8803,Luminiţa MOANGA-TALPOŞ,9-Oct-72,ROU,1,35.57260274,Wien (AUT),1148,0.322222222,2008.322222
2008,1-Jan,17-Aug-08,Marathon,43,2:26:44,8804,Constantina DITA-TOMESCU,23-Jan-70,ROU,1,38.59178082,"National Stadium, Beijing (CHN)",1148,0.627777778,2008.627778
2008,1-Jan,6-Apr-08,Marathon,44,2:26:45,8805,Alice Jemeli TIMBILILI,1-Feb-83,KEN,5,25.19452055,Paris (FRA),1148,0.263888889,2008.263889
2008,1-Jan,13-Apr-08,Marathon,44,2:26:45,8805,Lyudmila PETROVA,7-Oct-68,RUS,5,39.54246575,London (GBR),1148,0.283333333,2008.283333
2008,1-Jan,30-Nov-08,Marathon,46,2:26:49,8809,Yanan WEI,6-Dec-81,CHN,2,27.00273973,Shanghai (CHN),1147,0.913888889,2008.913889
2008,1-Jan,27-Jan-08,Marathon,47,2:26:55,8815,Madoka OGI,26-Oct-83,JPN,5,24.27123288,Osaka (JPN),1146,0.072222222,2008.072222
2008,1-Jan,17-Aug-08,Marathon,48,2:27:06,8826,Catherine NDEREBA,21-Jul-72,KEN,2,36.09863014,"National Stadium, Beijing (CHN)",1144,0.627777778,2008.627778
2008,1-Jan,17-Aug-08,Marathon,49,2:27:07,8827,Chunxiu ZHOU,15-Nov-78,CHN,3,29.77534247,"National Stadium, Beijing (CHN)",1144,0.627777778,2008.627778
2008,1-Jan,5-Jan-08,Marathon,50,2:27:09,8829,Rong CHEN,18-May-88,CHN,4,19.64657534,Xiamen (CHN),1144,0.011111111,2008.011111
2008,1-Jan,9-Mar-08,Marathon,51,2:27:14,8834,Yumiko HARA,9-Jan-82,JPN,4,26.18082192,Nagoya (JPN),1143,0.188888889,2008.188889
2008,1-Jan,9-Mar-08,Marathon,52,2:27:16,8836,Chika HORIE,15-Feb-81,JPN,5,27.07945205,Nagoya (JPN),1143,0.188888889,2008.188889
2008,1-Jan,17-Aug-08,Marathon,52,2:27:16,8836,Xiaolin ZHU,20-Feb-84,CHN,4,24.50684932,"National Stadium, Beijing (CHN)",1143,0.627777778,2008.627778
2008,1-Jan,27-Jan-08,Marathon,54,2:27:17,8837,Lidia ŞIMON,4-Sep-73,ROU,6,34.41917808,Osaka (JPN),1143,0.072222222,2008.072222
2008,1-Jan,12-Oct-08,Marathon,54,2:27:17,8837,Lidiya GRIGORYEVA,21-Jan-74,RUS,1,34.74794521,"Chicago, IL (USA)",1143,0.780555556,2008.780556
2008,1-Jan,17-Aug-08,Marathon,56,2:27:23,8843,Martha KOMU,23-Mar-83,KEN,5,25.42191781,"National Stadium, Beijing (CHN)",1142,0.627777778,2008.627778
2008,1-Jan,18-Jan-08,Marathon,57,2:27:29,8849,Alice CHELANGAT,27-Dec-76,KEN,5,31.07945205,Dubai (UAE),1141,0.047222222,2008.047222
2008,1-Jan,17-Aug-08,Marathon,57,2:27:29,8849,Mara YAMAUCHI,13-Aug-73,GBR,6,35.03561644,"National Stadium, Beijing (CHN)",1141,0.627777778,2008.627778
2008,1-Jan,17-Aug-08,Marathon,59,2:27:31,8851,Irina TIMOFEYEVA,5-Apr-70,RUS,7,38.39452055,"National Stadium, Beijing (CHN)",1140,0.627777778,2008.627778
2008,1-Jan,13-Apr-08,Marathon,60,2:27:32,8852,Adenech ZEKIROS,26-Mar-82,ETH,2,26.06849315,Rotterdam (NED),1140,0.283333333,2008.283333
2008,1-Jan,26-Oct-08,Marathon,61,2:27:37,8857,Olesya NURGALIEVA,9-Jan-76,RUS,2,32.81917808,Frankfurt (GER),1139,0.819444444,2008.819444
2008,1-Jan,13-Apr-08,Marathon,62,2:27:41,8861,Souad AIT SALEM,6-Jan-79,ALG,6,29.28767123,London (GBR),1139,0.283333333,2008.283333
2008,1-Jan,13-Apr-08,Marathon,63,2:27:42,8862,Berhane ADERE,23-Nov-73,ETH,7,34.4109589,London (GBR),1139,0.283333333,2008.283333
2008,1-Jan,23-Nov-08,Marathon,63,2:27:42,8862,Anna INCERTI,19-Jan-80,ITA,1,28.86575342,Milano (ITA),1139,0.894444444,2008.894444
2008,1-Jan,13-Apr-08,Marathon,65,2:27:45,8865,Constantina DITA-TOMESCU,23-Jan-70,ROU,8,38.24657534,London (GBR),1138,0.283333333,2008.283333
2008,1-Jan,17-Aug-08,Marathon,66,2:27:51,8871,Lidia ŞIMON,4-Sep-73,ROU,8,34.97534247,"National Stadium, Beijing (CHN)",1137,0.627777778,2008.627778
2008,1-Jan,27-Jan-08,Marathon,67,2:27:52,8872,Mika OKUNAGA,27-Oct-82,JPN,7,25.26849315,Osaka (JPN),1137,0.072222222,2008.072222
2008,1-Jan,27-Jan-08,Marathon,68,2:28:06,8886,Aki FUJIKAWA,14-Nov-78,JPN,8,29.22191781,Osaka (JPN),1135,0.072222222,2008.072222
2008,1-Jan,27-Jan-08,Marathon,69,2:28:15,8895,Constantina DITA-TOMESCU,23-Jan-70,ROU,9,38.03561644,Osaka (JPN),1134,0.072222222,2008.072222
2008,1-Jan,16-Mar-08,Marathon,70,2:28:18,8898,Larisa ZYUZKO,27-Apr-69,RUS,2,38.91232877,Roma (ITA),1133,0.208333333,2008.208333
2008,1-Jan,26-Oct-08,Marathon,71,2:28:20,8900,Melanie KRAUS,24-Oct-74,GER,3,34.03013699,Frankfurt (GER),1133,0.819444444,2008.819444
2008,1-Jan,18-Jan-08,Marathon,72,2:28:24,8904,Asha GIGI,15-Oct-73,ETH,6,34.28219178,Dubai (UAE),1132,0.047222222,2008.047222
2008,1-Jan,27-Jan-08,Marathon,72,2:28:24,8904,Christelle DAUNAY,5-Dec-74,FRA,10,33.16712329,Osaka (JPN),1132,0.072222222,2008.072222
2008,1-Jan,19-Oct-08,Marathon,74,2:28:25,8905,Rong CHEN,18-May-88,CHN,2,20.43561644,Beijing (CHN),1132,0.8,2008.8
2008,1-Jan,17-Aug-08,Marathon,75,2:28:29,8909,Souad AIT SALEM,6-Jan-79,ALG,9,29.63287671,"National Stadium, Beijing (CHN)",1131,0.627777778,2008.627778
2008,1-Jan,26-Oct-08,Marathon,76,2:28:31,8911,Irene LIMIKA,28-Aug-79,KEN,4,29.18356164,Frankfurt (GER),1131,0.819444444,2008.819444
2008,1-Jan,13-Apr-08,Marathon,77,2:28:33,8913,Liz YELLING,5-Dec-74,GBR,9,33.37808219,London (GBR),1131,0.283333333,2008.283333
2008,1-Jan,23-Nov-08,Marathon,78,2:28:34,8914,Pamela CHEPCHUMBA,8-Mar-79,KEN,2,29.73424658,Milano (ITA),1131,0.894444444,2008.894444
2008,1-Jan,27-Apr-08,Marathon,79,2:28:36,8916,Pamela CHEPCHUMBA,8-Mar-79,KEN,2,29.15890411,Hamburg (GER),1130,0.322222222,2008.322222
2008,1-Jan,16-Mar-08,Marathon,80,2:28:39,8919,Xueqin WANG,1-Jan-91,CHN,2,17.21643836,Seoul (KOR),1130,0.208333333,2008.208333
2008,1-Jan,6-Apr-08,Marathon,80,2:28:39,8919,Pyo UN-SUK,13-Jun-81,PRK,1,26.83287671,Pyongyang (PRK),1130,0.263888889,2008.263889
2008,1-Jan,6-Apr-08,Marathon,82,2:28:40,8920,Tetyana FILONYUK,5-Apr-84,UKR,6,24.01917808,Paris (FRA),1130,0.263888889,2008.263889
2008,1-Jan,25-May-08,Marathon,83,2:28:44,8924,Asmae LEGHZAOUI,30-Aug-76,MAR,1,31.75616438,Ottawa (CAN),1129,0.4,2008.4
2008,1-Jan,27-Jan-08,Marathon,84,2:28:50,8930,Ayumi NAKAYAMA,10-Sep-85,JPN,11,22.39452055,Osaka (JPN),1128,0.072222222,2008.072222
2008,1-Jan,20-Apr-08,Marathon,85,2:28:51,8931,Kate SMYTH,22-Sep-72,AUS,2,35.6,Nagano (JPN),1128,0.302777778,2008.302778
2008,1-Jan,13-Apr-08,Marathon,86,2:28:52,8932,Adriana NELSON,31-Jan-80,ROU,10,28.21917808,London (GBR),1128,0.283333333,2008.283333
2008,1-Jan,19-Oct-08,Marathon,86,2:28:52,8932,Yingying ZHANG,4-Jan-90,CHN,3,18.80273973,Beijing (CHN),1128,0.8,2008.8
2008,1-Jan,16-Nov-08,Marathon,88,2:28:54,8934,Nuţa OLARU,28-Aug-70,ROU,1,38.24657534,"San Antonio, TX (USA)",1127,0.875,2008.875
2008,1-Jan,5-Jan-08,Marathon,89,2:28:56,8936,Shujing ZHANG,13-Sep-78,CHN,5,29.33150685,Xiamen (CHN),1127,0.011111111,2008.011111
2008,1-Jan,27-Apr-08,Marathon,90,2:29:01,8941,Tomo MORIMOTO,27-Dec-83,JPN,2,24.35068493,Wien (AUT),1126,0.322222222,2008.322222
2008,1-Jan,9-Mar-08,Marathon,91,2:29:03,8943,Megumi TANAKA-OSHIMA,4-Sep-75,JPN,6,32.53424658,Nagoya (JPN),1126,0.188888889,2008.188889
2008,1-Jan,13-Apr-08,Marathon,91,2:29:03,8943,Alessandra AGUILAR,1-Jul-78,ESP,3,29.80547945,Rotterdam (NED),1126,0.283333333,2008.283333
2008,1-Jan,16-Mar-08,Marathon,93,2:29:04,8944,Anikó KÁLOVICS,13-May-77,HUN,3,30.8630137,Roma (ITA),1126,0.208333333,2008.208333
2008,1-Jan,28-Sep-08,Marathon,94,2:29:06,8946,Mulu SEBOKA,25-Sep-84,ETH,1,24.02465753,Toronto (CAN),1126,0.741666667,2008.741667
2008,1-Jan,27-Jan-08,Marathon,95,2:29:07,8947,Miyuki ANDO,25-Mar-80,JPN,12,27.86027397,Osaka (JPN),1125,0.072222222,2008.072222
2008,1-Jan,3-Feb-08,Marathon,96,2:29:09,8949,Tatyana ARYASOVA,2-Apr-79,RUS,1,28.86027397,"Los Angeles, CA (USA)",1125,0.088888889,2008.088889
2008,1-Jan,16-Mar-08,Marathon,97,2:29:11,8951,Hellen Jemaiyo KIMUTAI,28-Dec-77,KEN,3,30.23561644,Seoul (KOR),1125,0.208333333,2008.208333
2008,1-Jan,13-Apr-08,Marathon,97,2:29:11,8951,Silviya SKVORTSOVA,16-Nov-74,RUS,11,33.43013699,London (GBR),1125,0.283333333,2008.283333
2008,1-Jan,13-Apr-08,Marathon,99,2:29:18,8958,Hayley HAINING,6-Mar-72,GBR,12,36.12876712,London (GBR),1124,0.283333333,2008.283333
2008,1-Jan,19-Oct-08,Marathon,100,2:29:19,8959,Hellen Jemaiyo KIMUTAI,28-Dec-77,KEN,4,30.83013699,Beijing (CHN),1124,0.8,2008.8
2007,1-Jan,22-Apr-07,Marathon,1,2:20:38,8438,Chunxiu ZHOU,15-Nov-78,CHN,1,28.45205479,London (GBR),1206,0.308333333,2007.308333
2007,1-Jan,18-Nov-07,Marathon,2,2:21:37,8497,Mizuki NOGUCHI,3-Jul-78,JPN,1,29.39726027,Tokyo (JPN),1197,0.880555556,2007.880556
2007,1-Jan,22-Apr-07,Marathon,3,2:21:45,8505,Gete WAMI,11-Dec-74,ETH,2,32.38356164,London (GBR),1195,0.308333333,2007.308333
2007,1-Jan,18-Mar-07,Marathon,4,2:23:12,8592,Yanan WEI,6-Dec-81,CHN,1,25.29589041,Seoul (KOR),1181,0.213888889,2007.213889
2007,1-Jan,30-Sep-07,Marathon,5,2:23:17,8597,Gete WAMI,11-Dec-74,ETH,1,32.82465753,Berlin (GER),1181,0.747222222,2007.747222
2007,1-Jan,18-Nov-07,Marathon,6,2:23:31,8611,Salina Jebet KOSGEI,16-Nov-76,KEN,2,31.02465753,Tokyo (JPN),1178,0.880555556,2007.880556
2007,1-Jan,28-Jan-07,Marathon,7,2:23:48,8628,Yumiko HARA,9-Jan-82,JPN,1,25.06849315,Osaka (JPN),1176,0.075,2007.075
2007,1-Jan,22-Apr-07,Marathon,8,2:23:55,8635,Constantina DITA-TOMESCU,23-Jan-70,ROU,3,37.26849315,London (GBR),1175,0.308333333,2007.308333
2007,1-Jan,22-Apr-07,Marathon,9,2:24:13,8653,Salina Jebet KOSGEI,16-Nov-76,KEN,4,30.44931507,London (GBR),1172,0.308333333,2007.308333
2007,1-Jan,28-Jan-07,Marathon,10,2:24:39,8679,Mari OZAKI,16-Jul-75,JPN,2,31.55890411,Osaka (JPN),1168,0.075,2007.075
2007,1-Jan,28-Jan-07,Marathon,11,2:24:43,8683,Yuri KANO,27-Oct-78,JPN,3,28.2739726,Osaka (JPN),1167,0.075,2007.075
2007,1-Jan,22-Apr-07,Marathon,12,2:24:46,8686,Lornah KIPLAGAT,1-May-74,NED,5,32.99726027,London (GBR),1166,0.308333333,2007.308333
2007,1-Jan,30-Sep-07,Marathon,13,2:24:51,8691,Irina MIKITENKO,23-Aug-72,GER,2,35.1260274,Berlin (GER),1166,0.747222222,2007.747222
2007,1-Jan,15-Apr-07,Marathon,14,2:25:07,8707,Askale Magarsa TAFA,27-Sep-84,ETH,1,22.56164384,Paris (FRA),1163,0.288888889,2007.288889
2007,1-Jan,18-Mar-07,Marathon,15,2:25:08,8708,Souad AIT SALEM,6-Jan-79,ALG,1,28.21369863,Roma (ITA),1163,0.213888889,2007.213889
2007,1-Jan,2-Dec-07,Marathon,16,2:25:36,8736,Pamela CHEPCHUMBA,8-Mar-79,KEN,1,28.75616438,Milano (ITA),1159,0.919444444,2007.919444
2007,1-Jan,22-Apr-07,Marathon,17,2:25:41,8741,Mara YAMAUCHI,13-Aug-73,GBR,6,33.71232877,London (GBR),1158,0.308333333,2007.308333
2007,1-Jan,8-Apr-07,Marathon,18,2:26:02,8762,Yong-Ok JONG,24-Jan-81,PRK,1,26.21917808,Pyongyang (PRK),1154,0.269444444,2007.269444
2007,1-Jan,31-Mar-07,Marathon,19,2:26:08,8768,Xiaolin ZHU,20-Feb-84,CHN,1,23.12328767,Xiamen (CHN),1153,0.25,2007.25
2007,1-Jan,30-Sep-07,Marathon,20,2:26:27,8787,Helah Jelagat KIPROP,7-Apr-85,KEN,3,22.49589041,Berlin (GER),1150,0.747222222,2007.747222
2007,1-Jan,15-Apr-07,Marathon,21,2:26:37,8797,Hiromi OMINAMI,15-Nov-75,JPN,1,31.43561644,Rotterdam (NED),1149,0.288888889,2007.288889
2007,1-Jan,18-Mar-07,Marathon,22,2:26:46,8806,Hellen Jemaiyo KIMUTAI,28-Dec-77,KEN,2,29.23835616,Roma (ITA),1147,0.213888889,2007.213889
2007,1-Jan,14-Jan-07,Marathon,23,2:26:52,8812,Dire TUNE,19-Jun-85,ETH,1,21.58630137,"Houston, TX (USA)",1147,0.036111111,2007.036111
2007,1-Jan,30-Sep-07,Marathon,24,2:26:54,8814,Irina TIMOFEYEVA,5-Apr-70,RUS,4,37.51232877,Berlin (GER),1146,0.747222222,2007.747222
2007,1-Jan,8-Apr-07,Marathon,25,2:26:56,8816,Kum-Ok KIM,9-Dec-88,PRK,2,18.33972603,Pyongyang (PRK),1146,0.269444444,2007.269444
2007,1-Jan,28-Oct-07,Marathon,26,2:27:02,8822,Lenah CHERUIYOT,1-Mar-73,KEN,1,34.68219178,Venezia (ITA),1145,0.825,2007.825
2007,1-Jan,21-Oct-07,Marathon,27,2:27:05,8825,Rong CHEN,18-May-88,CHN,1,19.43835616,Beijing (CHN),1145,0.805555556,2007.805556
2007,1-Jan,12-Jan-07,Marathon,28,2:27:19,8839,Askale Magarsa TAFA,27-Sep-84,ETH,1,22.30684932,Dubai (UAE),1142,0.030555556,2007.030556
2007,1-Jan,21-Oct-07,Marathon,29,2:27:20,8840,Yingying ZHANG,4-Jan-90,CHN,2,17.80547945,Beijing (CHN),1142,0.805555556,2007.805556
2007,1-Jan,18-Mar-07,Marathon,30,2:27:25,8845,Rose CHERUIYOT,21-Jul-76,KEN,2,30.67671233,Seoul (KOR),1141,0.213888889,2007.213889
2007,1-Jan,18-Nov-07,Marathon,31,2:27:35,8855,Bruna GENOVESE,24-Sep-76,ITA,3,31.16986301,Tokyo (JPN),1140,0.880555556,2007.880556
2007,1-Jan,21-Oct-07,Marathon,32,2:27:46,8866,Xue BAI,13-Dec-88,CHN,3,18.86575342,Beijing (CHN),1138,0.805555556,2007.805556
2007,1-Jan,15-Apr-07,Marathon,33,2:27:49,8869,Alevtina IVANOVA,22-May-75,RUS,1,31.92054795,Nagano (JPN),1138,0.288888889,2007.288889
2007,1-Jan,25-Mar-07,Marathon,34,2:28:03,8883,Debellu Shitaye GEMECHU,17-Jun-80,ETH,1,26.78630137,Treviso (ITA),1135,0.233333333,2007.233333
2007,1-Jan,21-Oct-07,Marathon,35,2:28:16,8896,Magdalene CHEMJOR,12-Nov-78,KEN,1,28.95890411,Amsterdam (NED),1133,0.805555556,2007.805556
2007,1-Jan,15-Apr-07,Marathon,36,2:28:22,8902,Gulnara VYGOVSKAYA,6-Sep-80,RUS,2,26.62191781,Paris (FRA),1132,0.288888889,2007.288889
2007,1-Jan,8-Apr-07,Marathon,37,2:28:25,8905,Bun-Hui JO,29-Nov-79,PRK,3,27.37534247,Pyongyang (PRK),1132,0.269444444,2007.269444
2007,1-Jan,28-Oct-07,Marathon,38,2:28:27,8907,Anne Jepkemboi KOSGEI,1980,KEN,2,102.4739726,Venezia (ITA),1132,0.825,2007.825
2007,1-Jan,30-Sep-07,Marathon,39,2:28:33,8913,Naoko SAKAMOTO,14-Nov-80,JPN,5,26.89315068,Berlin (GER),1131,0.747222222,2007.747222
2007,1-Jan,18-Nov-07,Marathon,40,2:28:39,8919,Akemi OZAKI,12-Oct-77,JPN,4,30.12054795,Tokyo (JPN),1130,0.880555556,2007.880556
2007,1-Jan,21-Oct-07,Marathon,41,2:28:47,8927,Yingying ZHU,18-Aug-88,CHN,4,19.18630137,Beijing (CHN),1129,0.805555556,2007.805556
2007,1-Jan,11-Mar-07,Marathon,42,2:28:49,8929,Yasuko HASHIMOTO,12-Aug-75,JPN,1,31.6,Nagoya (JPN),1128,0.194444444,2007.194444
2007,1-Jan,18-Mar-07,Marathon,43,2:28:53,8933,Helena JAVORNIK,26-Mar-66,SLO,3,41.00547945,Roma (ITA),1128,0.213888889,2007.213889
2007,1-Jan,8-Apr-07,Marathon,44,2:28:54,8934,Pyo UN-SUK,13-Jun-81,PRK,4,25.83561644,Pyongyang (PRK),1127,0.269444444,2007.269444
2007,1-Jan,15-Apr-07,Marathon,44,2:28:54,8934,Christelle DAUNAY,5-Dec-74,FRA,3,32.38082192,Paris (FRA),1127,0.288888889,2007.288889
2007,1-Jan,11-Mar-07,Marathon,46,2:28:55,8935,Harumi HIROYAMA-SUZUKI,2-Sep-68,JPN,2,38.54520548,Nagoya (JPN),1127,0.194444444,2007.194444
2007,1-Jan,28-Oct-07,Marathon,47,2:28:56,8936,Melanie KRAUS,24-Oct-74,GER,1,33.03287671,Frankfurt (GER),1127,0.825,2007.825
2007,1-Jan,15-Apr-07,Marathon,48,2:28:59,8939,Dire TUNE,19-Jun-85,ETH,2,21.83561644,Nagano (JPN),1127,0.288888889,2007.288889
2007,1-Jan,2-Dec-07,Marathon,49,2:29:01,8941,Silviya SKVORTSOVA,16-Nov-74,RUS,1,33.06575342,"Las Vegas, NV (USA)",1126,0.919444444,2007.919444
2007,1-Jan,15-Apr-07,Marathon,50,2:29:11,8951,Asha GIGI,15-Oct-73,ETH,4,33.52054795,Paris (FRA),1125,0.288888889,2007.288889
2007,1-Jan,28-Oct-07,Marathon,51,2:29:12,8952,Svetlana ZAKHAROVA,15-Sep-70,RUS,2,37.14246575,Frankfurt (GER),1125,0.825,2007.825
2007,1-Jan,28-Oct-07,Marathon,51,2:29:12,8952,Kirsten Melkevik OTTERBU,29-May-70,NOR,3,37.44109589,Frankfurt (GER),1125,0.825,2007.825
2007,1-Jan,29-Apr-07,Marathon,53,2:29:14,8954,Ayelech WORKU,12-Jun-79,ETH,1,27.89863014,Hamburg (GER),1124,0.327777778,2007.327778
2007,1-Jan,21-Oct-07,Marathon,54,2:29:16,8956,Bun-Hui JO,29-Nov-79,PRK,5,27.91232877,Beijing (CHN),1124,0.805555556,2007.805556
2007,1-Jan,29-Oct-07,Marathon,55,2:29:20,8960,Alina IVANOVA,16-Mar-69,RUS,1,38.64657534,Dublin (IRL),1123,0.827777778,2007.827778
2007,1-Jan,29-Apr-07,Marathon,56,2:29:22,8962,Rose KERUBO NYANGACHA,28-Oct-76,KEN,2,30.52054795,Hamburg (GER),1123,0.327777778,2007.327778
2007,1-Jan,11-Mar-07,Marathon,57,2:29:24,8964,Takami OMINAMI,15-Nov-75,JPN,3,31.33972603,Nagoya (JPN),1123,0.194444444,2007.194444
2007,1-Jan,15-Apr-07,Marathon,57,2:29:24,8964,Anikó KÁLOVICS,13-May-77,HUN,1,29.94246575,Torino (ITA),1123,0.288888889,2007.288889
2007,1-Jan,31-Mar-07,Marathon,59,2:29:27,8967,Weiwei SUN,13-Jan-85,CHN,2,22.22465753,Xiamen (CHN),1122,0.25,2007.25
2007,1-Jan,25-Nov-07,Marathon,60,2:29:28,8968,Lidia ŞIMON,4-Sep-73,ROU,1,34.24657534,Shanghai (CHN),1122,0.9,2007.9
2007,1-Jan,4-Nov-07,Marathon,61,2:29:32,8972,Eun-jung LEE,21-Apr-81,KOR,1,26.55616438,Seoul (KOR),1122,0.841666667,2007.841667
2007,1-Jan,18-Mar-07,Marathon,62,2:29:33,8973,Hellen Cherono KOSKEI,22-Feb-84,KEN,3,23.08219178,Seoul (KOR),1121,0.213888889,2007.213889
2007,1-Jan,7-Oct-07,Marathon,62,2:29:33,8973,Sabrina MOCKENHAUPT,6-Dec-80,GER,1,26.85205479,Köln (GER),1121,0.766666667,2007.766667
2007,1-Jan,11-Mar-07,Marathon,64,2:29:34,8974,Miki OHIRA,28-Jun-81,JPN,4,25.71780822,Nagoya (JPN),1121,0.194444444,2007.194444
2007,1-Jan,15-Apr-07,Marathon,64,2:29:34,8974,Lyubov MORGUNOVA,14-Jan-71,RUS,3,36.2739726,Nagano (JPN),1121,0.288888889,2007.288889
2007,1-Jan,6-May-07,Marathon,66,2:29:37,8977,Luminita ZAITUC,9-Oct-68,GER,1,38.59726027,Düsseldorf (GER),1121,0.347222222,2007.347222
2007,1-Jan,11-Mar-07,Marathon,67,2:29:38,8978,Julia Mombi MURAGA,25-Jan-85,KEN,5,22.1369863,Nagoya (JPN),1121,0.194444444,2007.194444
2007,1-Jan,28-Oct-07,Marathon,68,2:29:41,8981,Jemima Jelagat SUMGONG,21-Dec-84,KEN,4,22.86575342,Frankfurt (GER),1120,0.825,2007.825
2007,1-Jan,18-Mar-07,Marathon,69,2:29:43,8983,Lenah CHERUIYOT,1-Mar-73,KEN,4,34.06849315,Roma (ITA),1120,0.213888889,2007.213889
2007,1-Jan,22-Apr-07,Marathon,70,2:29:47,8987,Benita WILLIS-JOHNSON,6-May-79,AUS,7,27.98082192,London (GBR),1119,0.308333333,2007.308333
2007,1-Jan,13-May-07,Marathon,71,2:30:05,9005,Mary PTIKANY,1978,KEN,1,102.0191781,Essen (GER),1116,0.366666667,2007.366667
2007,1-Jan,8-Apr-07,Marathon,72,2:30:08,9008,Kim-Chol SUN,21-Mar-83,PRK,5,24.06575342,Pyongyang (PRK),1116,0.269444444,2007.269444
2007,1-Jan,11-Mar-07,Marathon,73,2:30:09,9009,Haruko OKAMOTO,19-Aug-74,JPN,6,32.58082192,Nagoya (JPN),1116,0.194444444,2007.194444
2007,1-Jan,28-Oct-07,Marathon,73,2:30:09,9009,Luminita ZAITUC,9-Oct-68,GER,5,39.07671233,Frankfurt (GER),1116,0.825,2007.825
2007,1-Jan,21-Oct-07,Marathon,75,2:30:10,9010,Dorota GRUCA,5-Dec-70,POL,2,36.90136986,Amsterdam (NED),1116,0.805555556,2007.805556
2007,1-Jan,15-Apr-07,Marathon,76,2:30:11,9011,Helena Loshanyang KIROP,9-Sep-76,KEN,2,30.61643836,Rotterdam (NED),1115,0.288888889,2007.288889
2007,1-Jan,18-Mar-07,Marathon,77,2:30:12,9012,Tabitha TSATSA,18-Sep-72,ZIM,4,34.51780822,Seoul (KOR),1115,0.213888889,2007.213889
2007,1-Jan,14-Jan-07,Marathon,78,2:30:14,9014,Beáta RAKONCZAI,25-Jun-77,HUN,2,29.57534247,"Houston, TX (USA)",1115,0.036111111,2007.036111
2007,1-Jan,21-Oct-07,Marathon,79,2:30:15,9015,Ayelech WORKU,12-Jun-79,ETH,3,28.37808219,Amsterdam (NED),1115,0.805555556,2007.805556
2007,1-Jan,18-Nov-07,Marathon,80,2:30:24,9024,Hiromi OMINAMI,15-Nov-75,JPN,5,32.03013699,Tokyo (JPN),1113,0.880555556,2007.880556
2007,1-Jan,21-Oct-07,Marathon,81,2:30:30,9030,Shiru DERIBA,22-Oct-85,ETH,4,22.0109589,Amsterdam (NED),1113,0.805555556,2007.805556
2007,1-Jan,18-Mar-07,Marathon,82,2:30:31,9031,Natalya VOLGINA,15-Mar-77,RUS,5,30.02739726,Roma (ITA),1112,0.213888889,2007.213889
2007,1-Jan,11-Mar-07,Marathon,83,2:30:34,9034,Yuko MANABE,8-Feb-79,JPN,7,28.10410959,Nagoya (JPN),1112,0.194444444,2007.194444
2007,1-Jan,2-Sep-07,Marathon,84,2:30:37,9037,Catherine NDEREBA,21-Jul-72,KEN,1,35.13972603,"Yanmar Stadium Nagai, Osaka (JPN)",1111,0.669444444,2007.669444
2007,1-Jan,6-May-07,Marathon,85,2:30:38,9038,Melanie KRAUS,24-Oct-74,GER,2,32.55342466,Düsseldorf (GER),1111,0.347222222,2007.347222
2007,1-Jan,21-Oct-07,Marathon,86,2:30:40,9040,Liza HUNTER-GALVAN,25-Jun-69,NZL,5,38.34794521,Amsterdam (NED),1111,0.805555556,2007.805556
2007,1-Jan,9-Sep-07,Marathon,87,2:30:43,9043,Yuri KANO,27-Oct-78,JPN,1,28.88767123,Sapporo (JPN),1111,0.688888889,2007.688889
2007,1-Jan,30-Sep-07,Marathon,87,2:30:43,9043,Hayley HAINING,6-Mar-72,GBR,6,35.59178082,Berlin (GER),1111,0.747222222,2007.747222
2007,1-Jan,22-Apr-07,Marathon,89,2:30:44,9044,Liz YELLING,5-Dec-74,GBR,8,32.4,London (GBR),1110,0.308333333,2007.308333
2007,1-Jan,2-Sep-07,Marathon,90,2:30:45,9045,Chunxiu ZHOU,15-Nov-78,CHN,2,28.81643836,"Yanmar Stadium Nagai, Osaka (JPN)",1110,0.669444444,2007.669444
2007,1-Jan,29-Apr-07,Marathon,91,2:30:46,9046,Beatrice OMWANZA,24-Feb-74,KEN,3,33.19726027,Hamburg (GER),1110,0.327777778,2007.327778
2007,1-Jan,2-Sep-07,Marathon,92,2:30:55,9055,Reiko TOSA,11-Jun-76,JPN,3,31.24657534,"Yanmar Stadium Nagai, Osaka (JPN)",1109,0.669444444,2007.669444
2007,1-Jan,18-Mar-07,Marathon,93,2:30:56,9056,Workenesh TOLA,6-Jun-77,ETH,5,29.8,Seoul (KOR),1108,0.213888889,2007.213889
2007,1-Jan,18-Feb-07,Marathon,94,2:31:02,9062,Hitomi NIIYA,26-Feb-88,JPN,1,18.99178082,Tokyo (JPN),1108,0.130555556,2007.130556
2007,1-Jan,15-Apr-07,Marathon,94,2:31:02,9062,Alevtina BIKTIMIROVA,10-Sep-82,RUS,3,24.6109589,Rotterdam (NED),1108,0.288888889,2007.288889
2007,1-Jan,28-Jan-07,Marathon,96,2:31:04,9064,Kazue OGOSHI,2-Mar-81,JPN,4,25.9260274,Osaka (JPN),1107,0.075,2007.075
2007,1-Jan,11-Mar-07,Marathon,97,2:31:08,9068,Mika OKUNAGA,27-Oct-82,JPN,8,24.38630137,Nagoya (JPN),1107,0.194444444,2007.194444
2007,1-Jan,15-Apr-07,Marathon,98,2:31:12,9072,Irene JEROTICH,8-Sep-74,KEN,5,32.62191781,Paris (FRA),1106,0.288888889,2007.288889
2007,1-Jan,29-Apr-07,Marathon,99,2:31:13,9073,Živilé BALČIUNAITĖ,3-Apr-79,LTU,4,28.09041096,Hamburg (GER),1106,0.327777778,2007.327778
2007,1-Jan,31-Mar-07,Marathon,100,2:31:14,9074,Shujing ZHANG,13-Sep-78,CHN,3,28.56438356,Xiamen (CHN),1106,0.25,2007.25
2006,1-Jan,23-Apr-06,Marathon,1,2:19:36,8376,Deena KASTOR,14-Feb-73,USA,1,33.20821918,London (GBR),1216,0.311111111,2006.311111
2006,1-Jan,12-Mar-06,Marathon,2,2:19:51,8391,Chunxiu ZHOU,15-Nov-78,CHN,1,27.33972603,Seoul (KOR),1214,0.197222222,2006.197222
2006,1-Jan,22-Oct-06,Marathon,3,2:20:42,8442,Berhane ADERE,23-Nov-73,ETH,1,32.93424658,"Chicago, IL (USA)",1205,0.808333333,2006.808333
2006,1-Jan,22-Oct-06,Marathon,4,2:20:47,8447,Galina BOGOMOLOVA,15-Oct-77,RUS,2,29.03835616,"Chicago, IL (USA)",1205,0.808333333,2006.808333
2006,1-Jan,23-Apr-06,Marathon,5,2:21:29,8489,Lyudmila PETROVA,7-Oct-68,RUS,2,37.56712329,London (GBR),1198,0.311111111,2006.311111
2006,1-Jan,24-Sep-06,Marathon,6,2:21:34,8494,Gete WAMI,11-Dec-74,ETH,1,31.80821918,Berlin (GER),1197,0.730555556,2006.730556
2006,1-Jan,23-Apr-06,Marathon,7,2:21:46,8506,Susan CHEPKEMEI,25-Jun-75,KEN,3,30.84931507,London (GBR),1195,0.311111111,2006.311111
2006,1-Jan,23-Apr-06,Marathon,8,2:21:52,8512,Berhane ADERE,23-Nov-73,ETH,4,32.43561644,London (GBR),1194,0.311111111,2006.311111
2006,1-Jan,23-Apr-06,Marathon,9,2:21:58,8518,Galina BOGOMOLOVA,15-Oct-77,RUS,5,28.53972603,London (GBR),1193,0.311111111,2006.311111
2006,1-Jan,22-Oct-06,Marathon,10,2:22:36,8556,Benita WILLIS-JOHNSON,6-May-79,AUS,3,27.48219178,"Chicago, IL (USA)",1187,0.808333333,2006.808333
2006,1-Jan,22-Oct-06,Marathon,11,2:22:59,8579,Madaí PÉREZ,2-Feb-80,MEX,4,26.7369863,"Chicago, IL (USA)",1183,0.808333333,2006.808333
2006,1-Jan,24-Sep-06,Marathon,12,2:23:22,8602,Salina Jebet KOSGEI,16-Nov-76,KEN,2,29.8739726,Berlin (GER),1180,0.730555556,2006.730556
2006,1-Jan,12-Mar-06,Marathon,13,2:23:26,8606,Harumi HIROYAMA-SUZUKI,2-Sep-68,JPN,1,37.54794521,Nagoya (JPN),1179,0.197222222,2006.197222
2006,1-Jan,12-Mar-06,Marathon,14,2:23:58,8638,Yoko SHIBUI,14-Mar-79,JPN,2,27.01369863,Nagoya (JPN),1174,0.197222222,2006.197222
2006,1-Jan,22-Oct-06,Marathon,15,2:24:25,8665,Constantina DITA-TOMESCU,23-Jan-70,ROU,5,36.76986301,"Chicago, IL (USA)",1170,0.808333333,2006.808333
2006,1-Jan,7-May-06,Marathon,16,2:24:33,8673,Tomo MORIMOTO,27-Dec-83,JPN,1,22.37534247,Wien (AUT),1169,0.35,2006.35
2006,1-Jan,23-Apr-06,Marathon,17,2:24:35,8675,Robe GUTA,12-Oct-86,ETH,1,19.54246575,Hamburg (GER),1168,0.311111111,2006.311111
2006,1-Jan,29-Jan-06,Marathon,18,2:25:05,8705,Catherine NDEREBA,21-Jul-72,KEN,1,33.54794521,Osaka (JPN),1163,0.077777778,2006.077778
2006,1-Jan,18-Mar-06,Marathon,19,2:25:10,8710,Lidiya GRIGORYEVA,21-Jan-74,RUS,1,32.17534247,"Los Angeles, CA (USA)",1163,0.213888889,2006.213889
2006,1-Jan,23-Apr-06,Marathon,20,2:25:13,8713,Mara YAMAUCHI,13-Aug-73,GBR,6,32.71506849,London (GBR),1162,0.311111111,2006.311111
2006,1-Jan,18-Mar-06,Marathon,21,2:25:26,8726,Gete WAMI,11-Dec-74,ETH,2,31.28767123,"Los Angeles, CA (USA)",1160,0.213888889,2006.213889
2006,1-Jan,22-Oct-06,Marathon,22,2:25:37,8737,Nuţa OLARU,28-Aug-70,ROU,6,36.17534247,"Chicago, IL (USA)",1158,0.808333333,2006.808333
2006,1-Jan,26-Mar-06,Marathon,23,2:25:44,8744,Tetyana HLADYR,17-Apr-75,UKR,1,30.96164384,Roma (ITA),1157,0.236111111,2006.236111
2006,1-Jan,29-Jan-06,Marathon,24,2:25:52,8752,Kayoko OBATA,18-Sep-71,JPN,2,34.3890411,Osaka (JPN),1156,0.077777778,2006.077778
2006,1-Jan,22-Oct-06,Marathon,25,2:26:04,8764,Hiromi OMINAMI,15-Nov-75,JPN,7,30.95616438,"Chicago, IL (USA)",1154,0.808333333,2006.808333
2006,1-Jan,19-Nov-06,Marathon,26,2:26:15,8775,Reiko TOSA,11-Jun-76,JPN,1,30.46027397,Tokyo (JPN),1152,0.883333333,2006.883333
2006,1-Jan,18-Mar-06,Marathon,27,2:26:18,8778,Lyubov DENISOVA,6-Oct-71,RUS,3,34.47123288,"Los Angeles, CA (USA)",1152,0.213888889,2006.213889
2006,1-Jan,26-Mar-06,Marathon,28,2:26:26,8786,Larisa ZYUZKO,27-Apr-69,RUS,2,36.9369863,Roma (ITA),1151,0.236111111,2006.236111
2006,1-Jan,25-Mar-06,Marathon,29,2:26:32,8792,Weiwei SUN,13-Jan-85,CHN,1,21.20821918,Xiamen (CHN),1150,0.233333333,2006.233333
2006,1-Jan,29-Jan-06,Marathon,30,2:26:47,8807,Kiyoko SHIMAHARA,22-Dec-76,JPN,3,29.12328767,Osaka (JPN),1147,0.077777778,2006.077778
2006,1-Jan,9-Dec-06,Marathon,31,2:27:03,8823,Chunxiu ZHOU,15-Nov-78,CHN,1,28.08493151,Doha (QAT),1145,0.938888889,2006.938889
2006,1-Jan,22-Oct-06,Marathon,32,2:27:08,8828,Lyudmila PETROVA,7-Oct-68,RUS,8,38.06575342,"Chicago, IL (USA)",1144,0.808333333,2006.808333
2006,1-Jan,23-Apr-06,Marathon,33,2:27:09,8829,Rose CHERUIYOT,21-Jul-76,KEN,2,29.77534247,Hamburg (GER),1144,0.311111111,2006.311111
2006,1-Jan,29-Jan-06,Marathon,34,2:27:13,8833,Masami SAKATA,11-Oct-84,JPN,4,21.31506849,Osaka (JPN),1143,0.077777778,2006.077778
2006,1-Jan,10-Dec-06,Marathon,35,2:27:19,8839,Lyubov DENISOVA,6-Oct-71,RUS,1,35.20273973,"Honolulu, HI (USA)",1142,0.941666667,2006.941667
2006,1-Jan,8-Apr-06,Marathon,36,2:27:22,8842,Bun-Hui JO,29-Nov-79,PRK,1,26.37534247,Pyongyang (PRK),1142,0.269444444,2006.269444
2006,1-Jan,9-Apr-06,Marathon,36,2:27:22,8842,Irina TIMOFEYEVA,5-Apr-70,RUS,1,36.03561644,Paris (FRA),1142,0.272222222,2006.272222
2006,1-Jan,9-Apr-06,Marathon,38,2:27:32,8852,Natalya VOLGINA,15-Mar-77,RUS,2,29.08767123,Paris (FRA),1140,0.272222222,2006.272222
2006,1-Jan,8-Apr-06,Marathon,39,2:27:34,8854,Yong-Ok JONG,24-Jan-81,PRK,2,25.21917808,Pyongyang (PRK),1140,0.269444444,2006.269444
2006,1-Jan,23-Apr-06,Marathon,40,2:27:35,8855,Irina PERMITINA,3-Feb-68,RUS,3,38.24383562,Hamburg (GER),1140,0.311111111,2006.311111
2006,1-Jan,26-Mar-06,Marathon,41,2:27:38,8858,Adenech ZEKIROS,26-Mar-82,ETH,3,24.01643836,Roma (ITA),1139,0.236111111,2006.236111
2006,1-Jan,29-Jan-06,Marathon,42,2:27:46,8866,Tomo MORIMOTO,27-Dec-83,JPN,5,22.10684932,Osaka (JPN),1138,0.077777778,2006.077778
2006,1-Jan,23-Apr-06,Marathon,43,2:27:51,8871,Constantina DITA-TOMESCU,23-Jan-70,ROU,7,36.27123288,London (GBR),1137,0.311111111,2006.311111
2006,1-Jan,8-Oct-06,Marathon,44,2:27:57,8877,Askale Magarsa TAFA,27-Sep-84,ETH,1,22.04383562,Milano (ITA),1136,0.769444444,2006.769444
2006,1-Jan,12-Mar-06,Marathon,45,2:28:01,8881,Chika HORIE,15-Feb-81,JPN,3,25.08493151,Nagoya (JPN),1136,0.197222222,2006.197222
2006,1-Jan,15-Oct-06,Marathon,46,2:28:26,8906,Rose CHERUIYOT,21-Jul-76,KEN,1,30.25479452,Amsterdam (NED),1132,0.788888889,2006.788889
2006,1-Jan,25-Mar-06,Marathon,47,2:28:27,8907,Xiaolin ZHU,20-Feb-84,CHN,2,22.10684932,Xiamen (CHN),1132,0.233333333,2006.233333
2006,1-Jan,9-Apr-06,Marathon,48,2:28:30,8910,Gishu MINDAYE,18-Aug-86,ETH,1,19.65479452,Rotterdam (NED),1131,0.272222222,2006.272222
2006,1-Jan,8-Oct-06,Marathon,48,2:28:30,8910,Luminita ZAITUC,9-Oct-68,GER,1,38.02191781,Köln (GER),1131,0.769444444,2006.769444
2006,1-Jan,22-Oct-06,Marathon,50,2:28:39,8919,Kathy BUTLER,22-Oct-73,GBR,9,33.02191781,"Chicago, IL (USA)",1130,0.808333333,2006.808333
2006,1-Jan,23-Apr-06,Marathon,51,2:28:40,8920,Salina Jebet KOSGEI,16-Nov-76,KEN,8,29.45205479,London (GBR),1130,0.311111111,2006.311111
2006,1-Jan,23-Apr-06,Marathon,52,2:28:42,8922,Emily Chepar KIMURIA,10-Jun-75,KEN,4,30.89041096,Hamburg (GER),1129,0.311111111,2006.311111
2006,1-Jan,8-Oct-06,Marathon,53,2:28:51,8931,Hellen Jemaiyo KIMUTAI,28-Dec-77,KEN,2,28.79726027,Milano (ITA),1128,0.769444444,2006.769444
2006,1-Jan,15-Oct-06,Marathon,53,2:28:51,8931,Helena Loshanyang KIROP,9-Sep-76,KEN,2,30.11780822,Amsterdam (NED),1128,0.788888889,2006.788889
2006,1-Jan,19-Nov-06,Marathon,53,2:28:51,8931,Akemi OZAKI,12-Oct-77,JPN,2,29.12328767,Tokyo (JPN),1128,0.883333333,2006.883333
2006,1-Jan,16-Apr-06,Marathon,56,2:28:52,8932,Albina MAYOROVA,16-May-77,RUS,1,28.9369863,Nagano (JPN),1128,0.291666667,2006.291667
2006,1-Jan,22-Oct-06,Marathon,57,2:28:54,8934,Dulce María RODRÍGUEZ,14-Aug-72,MEX,10,34.2109589,"Chicago, IL (USA)",1127,0.808333333,2006.808333
2006,1-Jan,23-Apr-06,Marathon,58,2:28:55,8935,Elizabeth CHEMWENO,13-Jul-78,KEN,5,27.79726027,Hamburg (GER),1127,0.311111111,2006.311111
2006,1-Jan,7-May-06,Marathon,59,2:29:09,8949,Chieko YAMAZAKI,28-May-77,JPN,2,28.96164384,Wien (AUT),1125,0.35,2006.35
2006,1-Jan,23-Apr-06,Marathon,60,2:29:16,8956,Margaret OKAYO,30-May-76,KEN,9,29.91780822,London (GBR),1124,0.311111111,2006.311111
2006,1-Jan,29-Jan-06,Marathon,61,2:29:17,8957,Dorota GRUCA,5-Dec-70,POL,6,35.17534247,Osaka (JPN),1124,0.077777778,2006.077778
2006,1-Jan,14-May-06,Marathon,62,2:29:20,8960,Alina IVANOVA,16-Mar-69,RUS,1,37.18630137,Praha (CZE),1123,0.369444444,2006.369444
2006,1-Jan,16-Apr-06,Marathon,63,2:29:28,8968,Silviya SKVORTSOVA,16-Nov-74,RUS,2,31.43561644,Nagano (JPN),1122,0.291666667,2006.291667
2006,1-Jan,12-Mar-06,Marathon,64,2:29:30,8970,Camelia Alina TECUŢĂ-GHERASIM,10-Nov-71,ROU,4,34.35890411,Nagoya (JPN),1122,0.197222222,2006.197222
2006,1-Jan,26-Mar-06,Marathon,65,2:29:32,8972,Jennifer RHINES,1-Jul-74,USA,4,31.75616438,Roma (ITA),1122,0.236111111,2006.236111
2006,1-Jan,15-Oct-06,Marathon,65,2:29:32,8972,Leila AMAN,24-Nov-77,ETH,3,28.90958904,Amsterdam (NED),1122,0.788888889,2006.788889
2006,1-Jan,9-Apr-06,Marathon,67,2:29:37,8977,Helena JAVORNIK,26-Mar-66,SLO,2,40.06575342,Rotterdam (NED),1121,0.272222222,2006.272222
2006,1-Jan,10-Dec-06,Marathon,68,2:29:42,8982,Alevtina BIKTIMIROVA,10-Sep-82,RUS,2,24.26575342,"Honolulu, HI (USA)",1120,0.941666667,2006.941667
2006,1-Jan,28-May-06,Marathon,69,2:29:43,8983,Lyudmila KORCHAGINA,26-Jul-71,CAN,1,34.8630137,Ottawa (CAN),1120,0.408333333,2006.408333
2006,1-Jan,8-Oct-06,Marathon,70,2:29:45,8985,Weiwei SUN,13-Jan-85,CHN,2,21.74794521,Köln (GER),1120,0.769444444,2006.769444
2006,1-Jan,16-Apr-06,Marathon,71,2:29:46,8986,Nina RILLSTONE,15-Apr-75,NZL,3,31.02465753,Nagano (JPN),1119,0.291666667,2006.291667
2006,1-Jan,12-Mar-06,Marathon,72,2:29:48,8988,Yuko MACHIDA,11-Aug-80,JPN,5,25.6,Nagoya (JPN),1119,0.197222222,2006.197222
2006,1-Jan,9-Apr-06,Marathon,72,2:29:48,8988,Pamela CHEPCHUMBA,8-Mar-79,KEN,3,27.10684932,Paris (FRA),1119,0.272222222,2006.272222
2006,1-Jan,23-Apr-06,Marathon,72,2:29:48,8988,Fernanda RIBEIRO,23-Jun-69,POR,6,36.85753425,Hamburg (GER),1119,0.311111111,2006.311111
2006,1-Jan,25-Mar-06,Marathon,75,2:29:51,8991,Man JIN,5-Dec-84,CHN,3,21.31506849,Xiamen (CHN),1119,0.233333333,2006.233333
2006,1-Jan,12-Mar-06,Marathon,76,2:29:53,8993,Yasuko HASHIMOTO,12-Aug-75,JPN,6,30.60273973,Nagoya (JPN),1118,0.197222222,2006.197222
2006,1-Jan,10-Dec-06,Marathon,77,2:29:55,8995,Svetlana PONOMARENKO,28-Nov-69,RUS,1,37.05753425,"Dallas, TX (USA)",1118,0.941666667,2006.941667
2006,1-Jan,29-Jan-06,Marathon,78,2:29:56,8996,Mika OKUNAGA,27-Oct-82,JPN,7,23.2739726,Osaka (JPN),1118,0.077777778,2006.077778
2006,1-Jan,15-Oct-06,Marathon,78,2:29:56,8996,Emily Chepar KIMURIA,10-Jun-75,KEN,4,31.36986301,Amsterdam (NED),1118,0.788888889,2006.788889
2006,1-Jan,12-Mar-06,Marathon,80,2:29:59,8999,Ayumi HAYASHI,7-Jun-82,JPN,7,23.77808219,Nagoya (JPN),1117,0.197222222,2006.197222
2006,1-Jan,23-Apr-06,Marathon,81,2:30:01,9001,Edith MASAI,4-Apr-67,KEN,7,39.07945205,Hamburg (GER),1117,0.311111111,2006.311111
2006,1-Jan,12-Aug-06,Marathon,81,2:30:01,9001,Ulrike MAISCH,21-Jan-77,GER,1,29.57534247,"Ullevi Stadium, Göteborg (SWE)",1117,0.613888889,2006.613889
2006,1-Jan,29-Oct-06,Marathon,83,2:30:05,9005,Svetlana PONOMARENKO,28-Nov-69,RUS,1,36.94246575,Frankfurt (GER),1116,0.827777778,2006.827778
2006,1-Jan,24-Sep-06,Marathon,84,2:30:12,9012,Monika STEFANOWICZ,15-May-80,POL,3,26.37808219,Berlin (GER),1115,0.730555556,2006.730556
2006,1-Jan,25-Mar-06,Marathon,85,2:30:13,9013,Yuanyuan JIANG,20-Dec-86,CHN,4,19.2739726,Xiamen (CHN),1115,0.233333333,2006.233333
2006,1-Jan,12-Mar-06,Marathon,86,2:30:23,9023,Hiromi OMINAMI,15-Nov-75,JPN,8,30.34246575,Nagoya (JPN),1114,0.197222222,2006.197222
2006,1-Jan,9-Apr-06,Marathon,87,2:30:27,9027,Mihaela Maria BOTEZAN-PRUNDUS,21-Nov-76,ROU,4,29.4,Paris (FRA),1113,0.272222222,2006.272222
2006,1-Jan,12-Aug-06,Marathon,87,2:30:27,9027,Olivera JEVTIĆ,24-Jul-77,SRB,2,29.07123288,"Ullevi Stadium, Göteborg (SWE)",1113,0.613888889,2006.613889
2006,1-Jan,18-Mar-06,Marathon,89,2:30:30,9030,Nuţa OLARU,28-Aug-70,ROU,4,35.57808219,"Los Angeles, CA (USA)",1113,0.213888889,2006.213889
2006,1-Jan,9-Dec-06,Marathon,90,2:30:34,9034,Kiyoko SHIMAHARA,22-Dec-76,JPN,2,29.98356164,Doha (QAT),1112,0.938888889,2006.938889
2006,1-Jan,25-Mar-06,Marathon,91,2:30:35,9035,Shujing ZHANG,13-Sep-78,CHN,5,27.54794521,Xiamen (CHN),1112,0.233333333,2006.233333
2006,1-Jan,9-Dec-06,Marathon,92,2:30:38,9038,Kayoko OBATA,18-Sep-71,JPN,3,35.24931507,Doha (QAT),1111,0.938888889,2006.938889
2006,1-Jan,22-Oct-06,Marathon,93,2:30:39,9039,Lidia ŞIMON,4-Sep-73,ROU,11,33.15342466,"Chicago, IL (USA)",1111,0.808333333,2006.808333
2006,1-Jan,12-Mar-06,Marathon,94,2:30:41,9041,Mulu SEBOKA,25-Sep-84,ETH,9,21.4739726,Nagoya (JPN),1111,0.197222222,2006.197222
2006,1-Jan,12-Aug-06,Marathon,95,2:30:53,9053,Irina PERMITINA,3-Feb-68,RUS,3,38.54794521,"Ullevi Stadium, Göteborg (SWE)",1109,0.613888889,2006.613889
2006,1-Jan,9-Dec-06,Marathon,95,2:30:53,9053,Maria Elena VALENCIA JIMÉNEZ,25-May-83,MEX,1,23.55890411,Monterrey (MEX),1109,0.938888889,2006.938889
2006,1-Jan,19-Mar-06,Marathon,97,2:30:54,9054,Kerryn MCCANN,2-May-67,AUS,1,38.90684932,Melbourne (AUS),1109,0.216666667,2006.216667
2006,1-Jan,3-Jun-06,Marathon,97,2:30:54,9054,Nailia IULAMANOVA,6-Sep-80,RUS,1,25.75616438,Saransk (RUS),1109,0.422222222,2006.422222
2006,1-Jan,19-Mar-06,Marathon,99,2:30:56,9056,Hellen Cherono KOSKEI,22-Feb-84,KEN,2,22.08493151,Melbourne (AUS),1108,0.216666667,2006.216667
2006,1-Jan,17-Dec-06,Marathon,99,2:30:56,9056,Jane Auro EKIMAT,12-Jun-74,KEN,1,32.5369863,Taipei City (TPE),1108,0.961111111,2006.961111
2005,1-Jan,17-Apr-05,Marathon,1,2:17:42,8262,Paula RADCLIFFE,17-Dec-73,GBR,1,31.35342466,London (GBR),1235,0.294444444,2005.294444
2005,1-Jan,25-Sep-05,Marathon,2,2:19:12,8352,Mizuki NOGUCHI,3-Jul-78,JPN,1,27.24931507,Berlin (GER),1220,0.733333333,2005.733333
2005,1-Jan,14-Aug-05,Marathon,3,2:20:57,8457,Paula RADCLIFFE,17-Dec-73,GBR,1,31.67945205,"Olympiastadion, Helsinki (FIN)",1203,0.619444444,2005.619444
2005,1-Jan,16-Oct-05,Marathon,4,2:21:01,8461,Yingjie SUN,19-Jan-79,CHN,1,26.75890411,Beijing (CHN),1202,0.791666667,2005.791667
2005,1-Jan,16-Oct-05,Marathon,5,2:21:11,8471,Chunxiu ZHOU,15-Nov-78,CHN,2,26.9369863,Beijing (CHN),1201,0.791666667,2005.791667
2005,1-Jan,9-Oct-05,Marathon,6,2:21:25,8485,Deena KASTOR,14-Feb-73,USA,1,32.67123288,"Chicago, IL (USA)",1199,0.772222222,2005.772222
2005,1-Jan,9-Oct-05,Marathon,7,2:21:30,8490,Constantina DITA-TOMESCU,23-Jan-70,ROU,2,35.73424658,"Chicago, IL (USA)",1198,0.772222222,2005.772222
2005,1-Jan,14-Aug-05,Marathon,8,2:22:01,8521,Catherine NDEREBA,21-Jul-72,KEN,2,33.08767123,"Olympiastadion, Helsinki (FIN)",1193,0.619444444,2005.619444
2005,1-Jan,17-Apr-05,Marathon,9,2:22:50,8570,Constantina DITA-TOMESCU,23-Jan-70,ROU,2,35.25479452,London (GBR),1185,0.294444444,2005.294444
2005,1-Jan,30-Jan-05,Marathon,10,2:22:56,8576,Jeļena PROKOPČUKA,21-Sep-76,LAT,1,28.37808219,Osaka (JPN),1184,0.080555556,2005.080556
2005,1-Jan,14-Aug-05,Marathon,11,2:23:19,8599,Constantina DITA-TOMESCU,23-Jan-70,ROU,3,35.58082192,"Olympiastadion, Helsinki (FIN)",1180,0.619444444,2005.619444
2005,1-Jan,13-Mar-05,Marathon,12,2:23:24,8604,Chunxiu ZHOU,15-Nov-78,CHN,1,26.34246575,Seoul (KOR),1179,0.2,2005.2
2005,1-Jan,14-Aug-05,Marathon,13,2:23:30,8610,Derartu TULU,21-Mar-72,ETH,4,33.42191781,"Olympiastadion, Helsinki (FIN)",1179,0.619444444,2005.619444
2005,1-Jan,30-Jan-05,Marathon,14,2:23:59,8639,Mari OZAKI,16-Jul-75,JPN,2,29.56438356,Osaka (JPN),1174,0.080555556,2005.080556
2005,1-Jan,17-Apr-05,Marathon,15,2:24:00,8640,Susan CHEPKEMEI,25-Jun-75,KEN,3,29.83287671,London (GBR),1174,0.294444444,2005.294444
2005,1-Jan,14-Aug-05,Marathon,16,2:24:12,8652,Chunxiu ZHOU,15-Nov-78,CHN,5,26.76438356,"Olympiastadion, Helsinki (FIN)",1172,0.619444444,2005.619444
2005,1-Jan,13-Mar-05,Marathon,17,2:24:19,8659,Yumiko HARA,9-Jan-82,JPN,1,23.1890411,Nagoya (JPN),1171,0.2,2005.2
2005,1-Jan,14-Aug-05,Marathon,18,2:24:20,8660,Yumiko HARA,9-Jan-82,JPN,6,23.6109589,"Olympiastadion, Helsinki (FIN)",1171,0.619444444,2005.619444
2005,1-Jan,14-Aug-05,Marathon,19,2:24:22,8662,Rita Jeptoo SITIENEI,15-Feb-81,KEN,7,24.50958904,"Olympiastadion, Helsinki (FIN)",1170,0.619444444,2005.619444
2005,1-Jan,13-Mar-05,Marathon,20,2:24:25,8665,Megumi TANAKA-OSHIMA,4-Sep-75,JPN,2,29.54246575,Nagoya (JPN),1170,0.2,2005.2
2005,1-Jan,20-Nov-05,Marathon,21,2:24:39,8679,Naoko TAKAHASHI,6-May-72,JPN,1,33.56438356,Tokyo (JPN),1168,0.886111111,2005.886111
2005,1-Jan,13-Mar-05,Marathon,22,2:24:54,8694,Ryoko KITAJIMA-EDA,12-Jun-76,JPN,3,28.76986301,Nagoya (JPN),1165,0.2,2005.2
2005,1-Jan,30-Oct-05,Marathon,23,2:25:12,8712,Alevtina BIKTIMIROVA,10-Sep-82,RUS,1,23.15342466,Frankfurt (GER),1162,0.830555556,2005.830556
2005,1-Jan,20-Nov-05,Marathon,24,2:25:15,8715,Živilé BALČIUNAITĖ,3-Apr-79,LTU,2,26.65205479,Tokyo (JPN),1162,0.886111111,2005.886111
2005,1-Jan,13-Mar-05,Marathon,25,2:25:21,8721,Yasuko HASHIMOTO,12-Aug-75,JPN,4,29.60547945,Nagoya (JPN),1161,0.2,2005.2
2005,1-Jan,17-Apr-05,Marathon,26,2:25:22,8722,Margaret OKAYO,30-May-76,KEN,4,28.90136986,London (GBR),1161,0.294444444,2005.294444
2005,1-Jan,14-Aug-05,Marathon,27,2:25:46,8746,Harumi HIROYAMA-SUZUKI,2-Sep-68,JPN,8,36.97260274,"Olympiastadion, Helsinki (FIN)",1157,0.619444444,2005.619444
2005,1-Jan,28-Aug-05,Marathon,27,2:25:46,8746,Masako CHIBA,18-Jul-76,JPN,1,29.13150685,Sapporo (JPN),1157,0.658333333,2005.658333
2005,1-Jan,13-Mar-05,Marathon,29,2:25:55,8755,Yanan WEI,6-Dec-81,CHN,2,23.28219178,Seoul (KOR),1156,0.2,2005.2
2005,1-Jan,30-Jan-05,Marathon,30,2:25:56,8756,Harumi HIROYAMA-SUZUKI,2-Sep-68,JPN,3,36.43561644,Osaka (JPN),1155,0.080555556,2005.080556
2005,1-Jan,9-Oct-05,Marathon,31,2:26:00,8760,Masako CHIBA,18-Jul-76,JPN,3,29.24657534,"Chicago, IL (USA)",1155,0.772222222,2005.772222
2005,1-Jan,13-Mar-05,Marathon,32,2:26:02,8762,Kiyomi OGAWA,15-Sep-81,JPN,5,23.50684932,Nagoya (JPN),1154,0.2,2005.2
2005,1-Jan,6-Mar-05,Marathon,33,2:26:11,8771,Lyubov DENISOVA,6-Oct-71,RUS,1,33.43835616,"Los Angeles, CA (USA)",1153,0.180555556,2005.180556
2005,1-Jan,14-Aug-05,Marathon,34,2:26:14,8774,Hellen Jemaiyo KIMUTAI,28-Dec-77,KEN,9,27.64657534,"Olympiastadion, Helsinki (FIN)",1153,0.619444444,2005.619444
2005,1-Jan,28-Aug-05,Marathon,34,2:26:14,8774,Kiyoko SHIMAHARA,22-Dec-76,JPN,2,28.70136986,Sapporo (JPN),1153,0.658333333,2005.658333
2005,1-Jan,30-Oct-05,Marathon,36,2:26:26,8786,Marleen RENDERS,24-Dec-68,BEL,2,36.8739726,Frankfurt (GER),1151,0.830555556,2005.830556
2005,1-Jan,17-Apr-05,Marathon,37,2:26:29,8789,Lyudmila PETROVA,7-Oct-68,RUS,5,36.55068493,London (GBR),1150,0.294444444,2005.294444
2005,1-Jan,14-Aug-05,Marathon,37,2:26:29,8789,Megumi TANAKA-OSHIMA,4-Sep-75,JPN,10,29.96438356,"Olympiastadion, Helsinki (FIN)",1150,0.619444444,2005.619444
2005,1-Jan,17-Apr-05,Marathon,39,2:26:32,8792,Benita WILLIS-JOHNSON,6-May-79,AUS,6,25.96712329,London (GBR),1150,0.294444444,2005.294444
2005,1-Jan,8-May-05,Marathon,40,2:26:46,8806,Luminita ZAITUC,9-Oct-68,GER,1,36.60273973,Düsseldorf (GER),1147,0.352777778,2005.352778
2005,1-Jan,14-Aug-05,Marathon,41,2:26:50,8810,Madaí PÉREZ,2-Feb-80,MEX,11,25.54794521,"Olympiastadion, Helsinki (FIN)",1147,0.619444444,2005.619444
2005,1-Jan,20-Nov-05,Marathon,41,2:26:50,8810,Elfinesh ALEMU,15-Mar-75,ETH,3,30.70684932,Tokyo (JPN),1147,0.886111111,2005.886111
2005,1-Jan,30-Jan-05,Marathon,43,2:26:55,8815,Miki OYAMA,22-Oct-79,JPN,4,25.29315068,Osaka (JPN),1146,0.080555556,2005.080556
2005,1-Jan,20-Nov-05,Marathon,43,2:26:55,8815,Svetlana ZAKHAROVA,15-Sep-70,RUS,4,35.20547945,Tokyo (JPN),1146,0.886111111,2005.886111
2005,1-Jan,30-Jan-05,Marathon,45,2:27:01,8821,Lidia ŞIMON,4-Sep-73,ROU,5,31.42739726,Osaka (JPN),1145,0.080555556,2005.080556
2005,1-Jan,10-Apr-05,Marathon,45,2:27:01,8821,Lidiya GRIGORYEVA,21-Jan-74,RUS,1,31.23835616,Paris (FRA),1145,0.275,2005.275
2005,1-Jan,17-Apr-05,Marathon,45,2:27:01,8821,Joyce CHEPCHUMBA,6-Nov-70,KEN,7,34.46849315,London (GBR),1145,0.294444444,2005.294444
2005,1-Jan,24-Apr-05,Marathon,48,2:27:06,8826,Edith MASAI,4-Apr-67,KEN,1,38.08219178,Hamburg (GER),1144,0.313888889,2005.313889
2005,1-Jan,14-Aug-05,Marathon,49,2:27:14,8834,Galina KARNATSEVICH,2-Nov-69,BLR,12,35.80547945,"Olympiastadion, Helsinki (FIN)",1143,0.619444444,2005.619444
2005,1-Jan,10-Apr-05,Marathon,50,2:27:18,8838,Florence BARSOSIO,11-Aug-76,KEN,2,28.68219178,Paris (FRA),1142,0.275,2005.275
2005,1-Jan,13-Mar-05,Marathon,51,2:27:22,8842,Chieko YAMAZAKI,28-May-77,JPN,6,27.8109589,Nagoya (JPN),1142,0.2,2005.2
2005,1-Jan,25-Sep-05,Marathon,52,2:27:34,8854,Luminita ZAITUC,9-Oct-68,GER,2,36.98630137,Berlin (GER),1140,0.733333333,2005.733333
2005,1-Jan,16-Oct-05,Marathon,53,2:27:35,8855,Weiwei SUN,13-Jan-85,CHN,3,20.76986301,Beijing (CHN),1140,0.791666667,2005.791667
2005,1-Jan,10-Apr-05,Marathon,54,2:27:36,8856,Lornah KIPLAGAT,1-May-74,NED,1,30.96438356,Rotterdam (NED),1140,0.275,2005.275
2005,1-Jan,10-Apr-05,Marathon,55,2:27:38,8858,Asha GIGI,15-Oct-73,ETH,3,31.50684932,Paris (FRA),1139,0.275,2005.275
2005,1-Jan,20-Nov-05,Marathon,55,2:27:38,8858,Mara YAMAUCHI,13-Aug-73,GBR,5,32.29315068,Tokyo (JPN),1139,0.886111111,2005.886111
2005,1-Jan,13-Mar-05,Marathon,57,2:27:40,8860,Yoko SHIBUI,14-Mar-79,JPN,7,26.01643836,Nagoya (JPN),1139,0.2,2005.2
2005,1-Jan,16-Oct-05,Marathon,58,2:27:41,8861,Shujing ZHANG,13-Sep-78,CHN,4,27.10958904,Beijing (CHN),1139,0.791666667,2005.791667
2005,1-Jan,14-Aug-05,Marathon,59,2:27:46,8866,Dorota GRUCA,5-Dec-70,POL,13,34.71506849,"Olympiastadion, Helsinki (FIN)",1138,0.619444444,2005.619444
2005,1-Jan,10-Apr-05,Marathon,60,2:28:04,8884,Rosaria CONSOLE,17-Dec-79,ITA,4,25.33150685,Paris (FRA),1135,0.275,2005.275
2005,1-Jan,30-Jan-05,Marathon,61,2:28:07,8887,Hiromi OMINAMI,15-Nov-75,JPN,6,29.23013699,Osaka (JPN),1135,0.080555556,2005.080556
2005,1-Jan,6-Mar-05,Marathon,62,2:28:10,8890,Živilé BALČIUNAITĖ,3-Apr-79,LTU,2,25.94246575,"Los Angeles, CA (USA)",1134,0.180555556,2005.180556
2005,1-Jan,17-Apr-05,Marathon,63,2:28:21,8901,Albina MAYOROVA,16-May-77,RUS,1,27.93972603,Nagano (JPN),1133,0.294444444,2005.294444
2005,1-Jan,25-Sep-05,Marathon,64,2:28:27,8907,Askale Magarsa TAFA,27-Sep-84,ETH,3,21.00821918,Berlin (GER),1132,0.733333333,2005.733333
2005,1-Jan,30-Jan-05,Marathon,65,2:28:34,8914,Mihaela Maria BOTEZAN-PRUNDUS,21-Nov-76,ROU,7,28.2109589,Osaka (JPN),1131,0.080555556,2005.080556
2005,1-Jan,6-Mar-05,Marathon,66,2:28:36,8916,Hellen Jemaiyo KIMUTAI,28-Dec-77,KEN,3,27.20547945,"Los Angeles, CA (USA)",1130,0.180555556,2005.180556
2005,1-Jan,9-Oct-05,Marathon,67,2:28:40,8920,Colleen DE REUCK,13-Apr-64,USA,4,41.51780822,"Chicago, IL (USA)",1130,0.772222222,2005.772222
2005,1-Jan,22-May-05,Marathon,68,2:28:42,8922,Salina Jebet KOSGEI,16-Nov-76,KEN,1,28.53150685,Praha (CZE),1129,0.391666667,2005.391667
2005,1-Jan,24-Apr-05,Marathon,69,2:28:46,8926,Małgorzata SOBAŃSKA,25-Apr-69,POL,2,36.02191781,Hamburg (GER),1129,0.313888889,2005.313889
2005,1-Jan,10-Apr-05,Marathon,70,2:28:48,8928,Corinne RAUX,16-Aug-76,FRA,5,28.66849315,Paris (FRA),1128,0.275,2005.275
2005,1-Jan,4-Dec-05,Marathon,70,2:28:48,8928,Hellen Jemaiyo KIMUTAI,28-Dec-77,KEN,1,27.95342466,Milano (ITA),1128,0.925,2005.925
2005,1-Jan,9-Oct-05,Marathon,72,2:28:50,8930,Eri HAYAKAWA,15-Nov-81,JPN,5,23.91506849,"Chicago, IL (USA)",1128,0.772222222,2005.772222
2005,1-Jan,6-Mar-05,Marathon,73,2:29:00,8940,Dulce María RODRÍGUEZ,14-Aug-72,MEX,1,32.58082192,Torreón (MEX),1127,0.180555556,2005.180556
2005,1-Jan,17-Apr-05,Marathon,74,2:29:01,8941,Sonia O'SULLIVAN,28-Nov-69,IRL,8,35.40821918,London (GBR),1126,0.294444444,2005.294444
2005,1-Jan,9-Oct-05,Marathon,75,2:29:10,8950,Blake PHILLIPS-RUSSELL,24-Jul-75,USA,6,30.23287671,"Chicago, IL (USA)",1125,0.772222222,2005.772222
2005,1-Jan,28-Aug-05,Marathon,76,2:29:15,8955,Chika HORIE,15-Feb-81,JPN,3,24.54794521,Sapporo (JPN),1124,0.658333333,2005.658333
2005,1-Jan,13-Mar-05,Marathon,77,2:29:18,8958,Helena JAVORNIK,26-Mar-66,SLO,3,38.99178082,Seoul (KOR),1124,0.2,2005.2
2005,1-Jan,30-Oct-05,Marathon,78,2:29:30,8970,Robe GUTA,12-Oct-86,ETH,3,19.0630137,Frankfurt (GER),1122,0.830555556,2005.830556
2005,1-Jan,14-Aug-05,Marathon,79,2:29:43,8983,Yong-Ok JONG,24-Jan-81,PRK,14,24.56986301,"Olympiastadion, Helsinki (FIN)",1120,0.619444444,2005.619444
2005,1-Jan,10-Apr-05,Marathon,80,2:29:44,8984,Irina PERMITINA,3-Feb-68,RUS,6,37.20821918,Paris (FRA),1120,0.275,2005.275
2005,1-Jan,30-Oct-05,Marathon,81,2:29:45,8985,Mary PTIKANY,1978,KEN,4,100.4849315,Frankfurt (GER),1120,0.830555556,2005.830556
2005,1-Jan,24-Apr-05,Marathon,82,2:29:49,8989,Claudia DREHER,2-May-71,GER,3,34.00273973,Hamburg (GER),1119,0.313888889,2005.313889
2005,1-Jan,13-Mar-05,Marathon,83,2:29:54,8994,Workenesh TOLA,6-Jun-77,ETH,4,27.78630137,Seoul (KOR),1118,0.2,2005.2
2005,1-Jan,16-Oct-05,Marathon,84,2:29:56,8996,Lyudmyla PUSKINA,2-Oct-65,UKR,1,40.06575342,"Columbus, OH (USA)",1118,0.791666667,2005.791667
2005,1-Jan,13-Mar-05,Marathon,85,2:29:58,8998,Shujing ZHANG,13-Sep-78,CHN,5,26.51506849,Seoul (KOR),1117,0.2,2005.2
2005,1-Jan,26-Mar-05,Marathon,85,2:29:58,8998,Chunxiu ZHOU,15-Nov-78,CHN,1,26.37808219,Xiamen (CHN),1117,0.236111111,2005.236111
2005,1-Jan,9-Oct-05,Marathon,87,2:30:01,9001,Kathy BUTLER,22-Oct-73,GBR,7,31.98630137,"Chicago, IL (USA)",1117,0.772222222,2005.772222
2005,1-Jan,11-Dec-05,Marathon,88,2:30:03,9003,Lyudmila KORCHAGINA,26-Jul-71,CAN,1,34.40273973,"Dallas, TX (USA)",1117,0.944444444,2005.944444
2005,1-Jan,16-Oct-05,Marathon,89,2:30:06,9006,Kutre DULECHA,22-Aug-78,ETH,1,27.16986301,Amsterdam (NED),1116,0.791666667,2005.791667
2005,1-Jan,10-Apr-05,Marathon,90,2:30:11,9011,Irina TIMOFEYEVA,5-Apr-70,RUS,7,35.03835616,Paris (FRA),1115,0.275,2005.275
2005,1-Jan,22-May-05,Marathon,91,2:30:14,9014,Larisa ZYUZKO,27-Apr-69,RUS,2,36.09315068,Praha (CZE),1115,0.391666667,2005.391667
2005,1-Jan,30-Jan-05,Marathon,92,2:30:15,9015,Mizuho NASUKAWA,22-Nov-79,JPN,8,25.20821918,Osaka (JPN),1115,0.080555556,2005.080556
2005,1-Jan,11-Dec-05,Marathon,93,2:30:24,9024,Olesya NURGALIEVA,9-Jan-76,RUS,1,29.94246575,"Honolulu, HI (USA)",1113,0.944444444,2005.944444
2005,1-Jan,14-Aug-05,Marathon,94,2:30:28,9028,Mari OZAKI,16-Jul-75,JPN,15,30.10136986,"Olympiastadion, Helsinki (FIN)",1113,0.619444444,2005.619444
2005,1-Jan,14-Aug-05,Marathon,95,2:30:38,9038,Asha GIGI,15-Oct-73,ETH,16,31.85205479,"Olympiastadion, Helsinki (FIN)",1111,0.619444444,2005.619444
2005,1-Jan,17-Apr-05,Marathon,96,2:30:41,9041,Beatrice OMWANZA,24-Feb-74,KEN,1,31.16438356,Torino (ITA),1111,0.294444444,2005.294444
2005,1-Jan,30-Jan-05,Marathon,97,2:30:45,9045,Anastasia Njambi NDEREBA,27-Sep-74,KEN,9,30.36438356,Osaka (JPN),1110,0.080555556,2005.080556
2005,1-Jan,6-Mar-05,Marathon,98,2:30:48,9048,Dire TUNE,19-Jun-85,ETH,4,19.7260274,"Los Angeles, CA (USA)",1110,0.180555556,2005.180556
2005,1-Jan,17-Apr-05,Marathon,99,2:30:54,9054,Mulu SEBOKA,25-Sep-84,ETH,9,20.57260274,London (GBR),1109,0.294444444,2005.294444
2005,1-Jan,9-Oct-05,Marathon,100,2:31:03,9063,Tatyana PETROVA,8-Apr-83,RUS,8,22.52054795,"Chicago, IL (USA)",1107,0.772222222,2005.772222
2004,1-Jan,26-Sep-04,Marathon,1,2:19:41,8381,Yoko SHIBUI,14-Mar-79,JPN,1,25.55616438,Berlin (GER),1215,0.736111111,2004.736111
2004,1-Jan,18-Apr-04,Marathon,2,2:22:35,8555,Margaret OKAYO,30-May-76,KEN,1,27.90410959,London (GBR),1187,0.297222222,2004.297222
2004,1-Jan,26-Sep-04,Marathon,3,2:23:26,8606,Hiromi OMINAMI,15-Nov-75,JPN,2,28.88493151,Berlin (GER),1179,0.736111111,2004.736111
2004,1-Jan,27-Mar-04,Marathon,4,2:23:28,8608,Chunxiu ZHOU,15-Nov-78,CHN,1,25.38082192,Xiamen (CHN),1179,0.238888889,2004.238889
2004,1-Jan,10-Oct-04,Marathon,5,2:23:45,8625,Constantina DITA-TOMESCU,23-Jan-70,ROU,1,34.7369863,"Chicago, IL (USA)",1176,0.775,2004.775
2004,1-Jan,14-Mar-04,Marathon,6,2:23:57,8637,Reiko TOSA,11-Jun-76,JPN,1,27.77534247,Nagoya (JPN),1174,0.202777778,2004.202778
2004,1-Jan,17-Oct-04,Marathon,7,2:24:11,8651,Yingjie SUN,19-Jan-79,CHN,1,25.76164384,Beijing (CHN),1172,0.794444444,2004.794444
2004,1-Jan,4-Apr-04,Marathon,8,2:24:32,8672,Salina Jebet KOSGEI,16-Nov-76,KEN,1,27.4,Paris (FRA),1169,0.258333333,2004.258333
2004,1-Jan,10-Oct-04,Marathon,9,2:24:33,8673,Nuţa OLARU,28-Aug-70,ROU,2,34.14246575,"Chicago, IL (USA)",1169,0.775,2004.775
2004,1-Jan,14-Mar-04,Marathon,10,2:24:47,8687,Megumi TANAKA-OSHIMA,4-Sep-75,JPN,2,28.54520548,Nagoya (JPN),1166,0.202777778,2004.202778
2004,1-Jan,10-Oct-04,Marathon,11,2:25:01,8701,Svetlana ZAKHAROVA,15-Sep-70,RUS,3,34.09315068,"Chicago, IL (USA)",1164,0.775,2004.775
2004,1-Jan,25-Jan-04,Marathon,12,2:25:29,8729,Naoko SAKAMOTO,14-Nov-80,JPN,1,23.2109589,Osaka (JPN),1160,0.066666667,2004.066667
2004,1-Jan,18-Apr-04,Marathon,13,2:26:02,8762,Lyudmila PETROVA,7-Oct-68,RUS,2,35.55342466,London (GBR),1154,0.297222222,2004.297222
2004,1-Jan,4-Apr-04,Marathon,14,2:26:05,8765,Asha GIGI,15-Oct-73,ETH,2,30.49041096,Paris (FRA),1154,0.258333333,2004.258333
2004,1-Jan,4-Apr-04,Marathon,15,2:26:10,8770,Zhor EL KAMCH,15-Mar-73,MAR,1,31.07671233,Rotterdam (NED),1153,0.258333333,2004.258333
2004,1-Jan,14-Mar-04,Marathon,16,2:26:17,8777,Eun-jung LEE,21-Apr-81,KOR,1,22.91232877,Seoul (KOR),1152,0.202777778,2004.202778
2004,1-Jan,22-Aug-04,Marathon,17,2:26:20,8780,Mizuki NOGUCHI,3-Jul-78,JPN,1,26.15616438,"Olympic Stadium, Athina (GRE)",1152,0.641666667,2004.641667
2004,1-Jan,10-Oct-04,Marathon,18,2:26:21,8781,Joyce CHEPCHUMBA,6-Nov-70,KEN,4,33.95068493,"Chicago, IL (USA)",1151,0.775,2004.775
2004,1-Jan,14-Mar-04,Marathon,19,2:26:22,8782,Workenesh TOLA,6-Jun-77,ETH,2,26.7890411,Seoul (KOR),1151,0.202777778,2004.202778
2004,1-Jan,22-Aug-04,Marathon,20,2:26:32,8792,Catherine NDEREBA,21-Jul-72,KEN,2,32.10958904,"Olympic Stadium, Athina (GRE)",1150,0.641666667,2004.641667
2004,1-Jan,21-Nov-04,Marathon,21,2:26:34,8794,Bruna GENOVESE,24-Sep-76,ITA,1,28.17808219,Tokyo (JPN),1149,0.888888889,2004.888889
2004,1-Jan,21-Nov-04,Marathon,22,2:26:43,8803,Kiyoko SHIMAHARA,22-Dec-76,JPN,2,27.93424658,Tokyo (JPN),1148,0.888888889,2004.888889
2004,1-Jan,29-Aug-04,Marathon,23,2:26:50,8810,Masako CHIBA,18-Jul-76,JPN,1,28.13424658,Sapporo (JPN),1147,0.661111111,2004.661111
2004,1-Jan,3-Oct-04,Marathon,24,2:26:51,8811,Irina PERMITINA,3-Feb-68,RUS,1,36.69041096,St. Paul (USA),1147,0.755555556,2004.755556
2004,1-Jan,18-Apr-04,Marathon,25,2:26:52,8812,Constantina DITA-TOMESCU,23-Jan-70,ROU,3,34.25753425,London (GBR),1147,0.297222222,2004.297222
2004,1-Jan,26-Sep-04,Marathon,26,2:26:53,8813,Sonja OBEREM-KROLIK,24-Feb-73,GER,3,31.60821918,Berlin (GER),1146,0.736111111,2004.736111
2004,1-Jan,21-Nov-04,Marathon,27,2:26:58,8818,Elfinesh ALEMU,15-Mar-75,ETH,3,29.70958904,Tokyo (JPN),1146,0.888888889,2004.888889
2004,1-Jan,21-Nov-04,Marathon,28,2:27:02,8822,Masako CHIBA,18-Jul-76,JPN,4,28.36438356,Tokyo (JPN),1145,0.888888889,2004.888889
2004,1-Jan,14-Mar-04,Marathon,29,2:27:06,8826,Aki FUJIKAWA,14-Nov-78,JPN,3,25.34794521,Nagoya (JPN),1144,0.202777778,2004.202778
2004,1-Jan,4-Apr-04,Marathon,30,2:27:08,8828,Madaí PÉREZ,2-Feb-80,MEX,2,24.18630137,Rotterdam (NED),1144,0.258333333,2004.258333
2004,1-Jan,26-Sep-04,Marathon,31,2:27:19,8839,Beatrice OMWANZA,24-Feb-74,KEN,4,30.60821918,Berlin (GER),1142,0.736111111,2004.736111
2004,1-Jan,22-Aug-04,Marathon,32,2:27:20,8840,Deena KASTOR,14-Feb-73,USA,3,31.53972603,"Olympic Stadium, Athina (GRE)",1142,0.641666667,2004.641667
2004,1-Jan,18-Apr-04,Marathon,33,2:27:25,8845,Albina MAYOROVA,16-May-77,RUS,4,26.94246575,London (GBR),1141,0.297222222,2004.297222
2004,1-Jan,3-Oct-04,Marathon,34,2:27:27,8847,Silviya SKVORTSOVA,16-Nov-74,RUS,2,29.90136986,St. Paul (USA),1141,0.755555556,2004.755556
2004,1-Jan,21-Nov-04,Marathon,35,2:27:28,8848,Živilé BALČIUNAITĖ,3-Apr-79,LTU,5,25.65479452,Tokyo (JPN),1141,0.888888889,2004.888889
2004,1-Jan,17-Oct-04,Marathon,36,2:27:33,8853,Helena JAVORNIK,26-Mar-66,SLO,1,38.5890411,Amsterdam (NED),1140,0.794444444,2004.794444
2004,1-Jan,13-Dec-04,Marathon,36,2:27:33,8853,Lyubov MORGUNOVA,14-Jan-71,RUS,1,33.9369863,"Honolulu, HI (USA)",1140,0.95,2004.95
2004,1-Jan,25-Jan-04,Marathon,38,2:27:38,8858,Masako CHIBA,18-Jul-76,JPN,2,27.53972603,Osaka (JPN),1139,0.066666667,2004.066667
2004,1-Jan,25-Jan-04,Marathon,39,2:27:40,8860,Hiromi OMINAMI,15-Nov-75,JPN,3,28.21369863,Osaka (JPN),1139,0.066666667,2004.066667
2004,1-Jan,28-Mar-04,Marathon,40,2:27:49,8869,Ornella FERRARA,17-Apr-68,ITA,1,35.96986301,Roma (ITA),1138,0.241666667,2004.241667
2004,1-Jan,26-Sep-04,Marathon,41,2:27:54,8874,Leila AMAN,24-Nov-77,ETH,5,26.85753425,Berlin (GER),1137,0.736111111,2004.736111
2004,1-Jan,14-Mar-04,Marathon,42,2:27:58,8878,Miki OYAMA,22-Oct-79,JPN,4,24.4109589,Nagoya (JPN),1136,0.202777778,2004.202778
2004,1-Jan,18-Apr-04,Marathon,43,2:28:01,8881,Joyce CHEPCHUMBA,6-Nov-70,KEN,5,33.47123288,London (GBR),1136,0.297222222,2004.297222
2004,1-Jan,11-Apr-04,Marathon,44,2:28:05,8885,Fatuma ROBA,18-Dec-73,ETH,1,30.33424658,Nagano (JPN),1135,0.277777778,2004.277778
2004,1-Jan,18-Apr-04,Marathon,45,2:28:10,8890,Svetlana ZAKHAROVA,15-Sep-70,RUS,6,33.61369863,London (GBR),1134,0.297222222,2004.297222
2004,1-Jan,28-Nov-04,Marathon,46,2:28:11,8891,Rita Jeptoo SITIENEI,15-Feb-81,KEN,1,23.8,Milano (ITA),1134,0.908333333,2004.908333
2004,1-Jan,13-Dec-04,Marathon,46,2:28:11,8891,Eri HAYAKAWA,15-Nov-81,JPN,2,23.09315068,"Honolulu, HI (USA)",1134,0.95,2004.95
2004,1-Jan,22-Aug-04,Marathon,48,2:28:15,8895,Elfinesh ALEMU,15-Mar-75,ETH,4,29.46027397,"Olympic Stadium, Athina (GRE)",1134,0.641666667,2004.641667
2004,1-Jan,27-Mar-04,Marathon,49,2:28:17,8897,Helan LI,2-Jan-78,CHN,2,26.24931507,Xiamen (CHN),1133,0.238888889,2004.238889
2004,1-Jan,10-Oct-04,Marathon,50,2:28:22,8902,Albina MAYOROVA,16-May-77,RUS,5,27.42191781,"Chicago, IL (USA)",1132,0.775,2004.775
2004,1-Jan,3-Apr-04,Marathon,51,2:28:25,8905,Colleen DE REUCK,13-Apr-64,USA,1,40,"St. Louis, MO (USA)",1132,0.255555556,2004.255556
2004,1-Jan,10-Oct-04,Marathon,52,2:28:28,8908,Debellu Shitaye GEMECHU,17-Jun-80,ETH,6,24.33150685,"Chicago, IL (USA)",1131,0.775,2004.775
2004,1-Jan,27-Mar-04,Marathon,53,2:28:32,8912,Bong-Sil HAM,24-Jul-74,PRK,3,29.69589041,Xiamen (CHN),1131,0.238888889,2004.238889
2004,1-Jan,18-Apr-04,Marathon,53,2:28:32,8912,Yingjie SUN,19-Jan-79,CHN,7,25.2630137,London (GBR),1131,0.297222222,2004.297222
2004,1-Jan,10-Oct-04,Marathon,55,2:28:33,8913,Marla RUNYAN,4-Jan-69,USA,7,35.7890411,"Chicago, IL (USA)",1131,0.775,2004.775
2004,1-Jan,18-Jan-04,Marathon,56,2:28:36,8916,Margarita TAPIA,16-Nov-76,MEX,1,27.1890411,"Houston, TX (USA)",1130,0.047222222,2004.047222
2004,1-Jan,17-Oct-04,Marathon,57,2:28:42,8922,Chunxiu ZHOU,15-Nov-78,CHN,2,25.93972603,Beijing (CHN),1129,0.794444444,2004.794444
2004,1-Jan,22-Aug-04,Marathon,58,2:28:44,8924,Reiko TOSA,11-Jun-76,JPN,5,28.21643836,"Olympic Stadium, Athina (GRE)",1129,0.641666667,2004.641667
2004,1-Jan,18-Apr-04,Marathon,59,2:28:48,8928,Alina IVANOVA,16-Mar-69,RUS,8,35.11506849,London (GBR),1128,0.297222222,2004.297222
2004,1-Jan,28-Nov-04,Marathon,60,2:28:49,8929,Dorota GRUCA,5-Dec-70,POL,1,34.00547945,Mazatlán (MEX),1128,0.908333333,2004.908333
2004,1-Jan,18-Apr-04,Marathon,61,2:28:57,8937,Emily Chepar KIMURIA,10-Jun-75,KEN,1,28.87671233,Hamburg (GER),1127,0.297222222,2004.297222
2004,1-Jan,18-Apr-04,Marathon,62,2:28:58,8938,Alice CHELANGAT,27-Dec-76,KEN,2,27.3260274,Hamburg (GER),1127,0.297222222,2004.297222
2004,1-Jan,28-Mar-04,Marathon,63,2:29:03,8943,Bruna GENOVESE,24-Sep-76,ITA,2,27.5260274,Roma (ITA),1126,0.241666667,2004.241667
2004,1-Jan,4-Apr-04,Marathon,64,2:29:19,8959,Corinne RAUX,16-Aug-76,FRA,3,27.65205479,Paris (FRA),1124,0.258333333,2004.258333
2004,1-Jan,16-May-04,Marathon,65,2:29:22,8962,Rosaria CONSOLE,17-Dec-79,ITA,1,24.43013699,Wien (AUT),1123,0.375,2004.375
2004,1-Jan,21-Nov-04,Marathon,66,2:29:24,8964,Yingjie SUN,19-Jan-79,CHN,6,25.85753425,Tokyo (JPN),1123,0.888888889,2004.888889
2004,1-Jan,27-Mar-04,Marathon,67,2:29:27,8967,Yu WANG,27-Feb-84,CHN,4,20.09315068,Xiamen (CHN),1122,0.238888889,2004.238889
2004,1-Jan,4-Apr-04,Marathon,68,2:29:30,8970,Larisa ZYUZKO,27-Apr-69,RUS,4,34.96164384,Paris (FRA),1122,0.258333333,2004.258333
2004,1-Jan,3-Apr-04,Marathon,69,2:29:38,8978,Deena KASTOR,14-Feb-73,USA,2,31.15342466,"St. Louis, MO (USA)",1121,0.255555556,2004.255556
2004,1-Jan,25-Apr-04,Marathon,70,2:29:40,8980,Tegla LOROUPE,9-May-73,KEN,1,30.98356164,Leipzig (GER),1120,0.316666667,2004.316667
2004,1-Jan,29-Aug-04,Marathon,71,2:29:43,8983,Mai TAGAMI,22-Jan-80,JPN,2,24.61917808,Sapporo (JPN),1120,0.661111111,2004.661111
2004,1-Jan,17-Oct-04,Marathon,72,2:29:46,8986,Emily Chepar KIMURIA,10-Jun-75,KEN,2,29.37534247,Amsterdam (NED),1119,0.794444444,2004.794444
2004,1-Jan,31-Oct-04,Marathon,73,2:29:48,8988,Olesya NURGALIEVA,9-Jan-76,RUS,1,28.83013699,Frankfurt (GER),1119,0.833333333,2004.833333
2004,1-Jan,25-Jan-04,Marathon,74,2:29:49,8989,Mizuho NASUKAWA,22-Nov-79,JPN,4,24.19178082,Osaka (JPN),1119,0.066666667,2004.066667
2004,1-Jan,31-Oct-04,Marathon,74,2:29:49,8989,Yelena NURGALIEVA,9-Jan-76,RUS,2,28.83013699,Frankfurt (GER),1119,0.833333333,2004.833333
2004,1-Jan,27-Mar-04,Marathon,76,2:29:53,8993,Shujing ZHANG,13-Sep-78,CHN,5,25.55342466,Xiamen (CHN),1118,0.238888889,2004.238889
2004,1-Jan,4-Apr-04,Marathon,77,2:29:56,8996,Olga KOVPOTINA,10-Jan-68,RUS,5,36.25753425,Paris (FRA),1118,0.258333333,2004.258333
2004,1-Jan,3-Apr-04,Marathon,78,2:29:57,8997,Jennifer RHINES,1-Jul-74,USA,3,29.77808219,"St. Louis, MO (USA)",1118,0.255555556,2004.255556
2004,1-Jan,17-Oct-04,Marathon,79,2:29:58,8998,Yanyan DAI,8-Jan-80,CHN,3,24.79178082,Beijing (CHN),1117,0.794444444,2004.794444
2004,1-Jan,4-Apr-04,Marathon,80,2:30:07,9007,Annemette JENSEN,11-Apr-72,DEN,1,32.00273973,Zürich (SUI),1116,0.258333333,2004.258333
2004,1-Jan,14-Mar-04,Marathon,81,2:30:11,9011,Fumi MURATA,13-Mar-75,JPN,5,29.02465753,Nagoya (JPN),1115,0.202777778,2004.202778
2004,1-Jan,14-Mar-04,Marathon,82,2:30:14,9014,Shujing ZHANG,13-Sep-78,CHN,3,25.51780822,Seoul (KOR),1115,0.202777778,2004.202778
2004,1-Jan,14-Mar-04,Marathon,83,2:30:15,9015,Takami OMINAMI,15-Nov-75,JPN,6,28.34794521,Nagoya (JPN),1115,0.202777778,2004.202778
2004,1-Jan,4-Apr-04,Marathon,83,2:30:15,9015,Yelena BURYKINA,7-May-72,RUS,3,31.93150685,Rotterdam (NED),1115,0.258333333,2004.258333
2004,1-Jan,14-Mar-04,Marathon,85,2:30:16,9016,Maya NISHIO,19-Dec-78,JPN,7,25.25205479,Nagoya (JPN),1115,0.202777778,2004.202778
2004,1-Jan,7-Mar-04,Marathon,86,2:30:17,9017,Tetyana POZDNYAKOVA,4-Mar-56,UKR,1,48.04109589,"Los Angeles, CA (USA)",1115,0.183333333,2004.183333
2004,1-Jan,14-Mar-04,Marathon,87,2:30:19,9019,Kyung-hee CHOI,13-Sep-81,KOR,4,22.51506849,Seoul (KOR),1114,0.202777778,2004.202778
2004,1-Jan,10-Oct-04,Marathon,88,2:30:21,9021,Derartu TULU,21-Mar-72,ETH,8,32.57808219,"Chicago, IL (USA)",1114,0.775,2004.775
2004,1-Jan,3-Apr-04,Marathon,89,2:30:32,9032,Blake PHILLIPS-RUSSELL,24-Jul-75,USA,4,28.71506849,"St. Louis, MO (USA)",1112,0.255555556,2004.255556
2004,1-Jan,2-Oct-04,Marathon,90,2:30:34,9034,Margaret Karie TOROITICH,29-Dec-79,KEN,1,24.77808219,Ostende (BEL),1112,0.752777778,2004.752778
2004,1-Jan,4-Apr-04,Marathon,91,2:30:36,9036,Beáta RAKONCZAI,25-Jun-77,HUN,6,26.79452055,Paris (FRA),1112,0.258333333,2004.258333
2004,1-Jan,16-May-04,Marathon,92,2:30:40,9040,Lidia ŞIMON,4-Sep-73,ROU,2,30.71780822,Wien (AUT),1111,0.375,2004.375
2004,1-Jan,4-Apr-04,Marathon,93,2:30:43,9043,Beatriz ROS,12-May-74,ESP,7,29.91780822,Paris (FRA),1111,0.258333333,2004.258333
2004,1-Jan,14-Mar-04,Marathon,94,2:30:47,9047,Eri HAYAKAWA,15-Nov-81,JPN,8,22.34246575,Nagoya (JPN),1110,0.202777778,2004.202778
2004,1-Jan,3-Apr-04,Marathon,95,2:30:50,9050,Magdalena LEWY-BOULET,1-Aug-73,USA,5,30.69315068,"St. Louis, MO (USA)",1109,0.255555556,2004.255556
2004,1-Jan,30-May-04,Marathon,96,2:30:53,9053,Lyudmila KORCHAGINA,26-Jul-71,RUS,1,32.86849315,Ottawa (CAN),1109,0.413888889,2004.413889
2004,1-Jan,16-May-04,Marathon,97,2:30:58,9058,Sonja OBEREM-KROLIK,24-Feb-73,GER,3,31.24383562,Wien (AUT),1108,0.375,2004.375
2004,1-Jan,25-Jan-04,Marathon,98,2:31:07,9067,Harumi HIROYAMA-SUZUKI,2-Sep-68,JPN,5,35.41917808,Osaka (JPN),1107,0.066666667,2004.066667
2004,1-Jan,18-Apr-04,Marathon,99,2:31:13,9073,Helena JAVORNIK,26-Mar-66,SLO,1,38.09041096,Torino (ITA),1106,0.297222222,2004.297222
2004,1-Jan,21-Nov-04,Marathon,100,2:31:14,9074,Alice CHELANGAT,27-Dec-76,KEN,7,27.92054795,Tokyo (JPN),1106,0.888888889,2004.888889
2003,1-Jan,13-Apr-03,Marathon,1,2:15:25,8125,Paula RADCLIFFE,17-Dec-73,GBR,1,29.33972603,London (GBR),1257,0.283333333,2003.283333
2003,1-Jan,19-Oct-03,Marathon,2,2:19:39,8379,Yingjie SUN,19-Jan-79,CHN,1,24.76438356,Beijing (CHN),1216,0.8,2003.8
2003,1-Jan,13-Apr-03,Marathon,3,2:19:55,8395,Catherine NDEREBA,21-Jul-72,KEN,2,30.74794521,London (GBR),1213,0.283333333,2003.283333
2003,1-Jan,13-Apr-03,Marathon,4,2:21:16,8476,Deena KASTOR,14-Feb-73,USA,3,30.17808219,London (GBR),1200,0.283333333,2003.283333
2003,1-Jan,26-Jan-03,Marathon,5,2:21:18,8478,Mizuki NOGUCHI,3-Jul-78,JPN,1,24.58356164,Osaka (JPN),1200,0.069444444,2003.069444
2003,1-Jan,26-Jan-03,Marathon,6,2:21:45,8505,Masako CHIBA,18-Jul-76,JPN,2,26.54246575,Osaka (JPN),1195,0.069444444,2003.069444
2003,1-Jan,26-Jan-03,Marathon,7,2:21:51,8511,Naoko SAKAMOTO,14-Nov-80,JPN,3,22.21369863,Osaka (JPN),1194,0.069444444,2003.069444
2003,1-Jan,26-Jan-03,Marathon,8,2:22:22,8542,Lornah KIPLAGAT,1-May-74,KEN,4,28.75890411,Osaka (JPN),1189,0.069444444,2003.069444
2003,1-Jan,12-Oct-03,Marathon,9,2:23:07,8587,Svetlana ZAKHAROVA,15-Sep-70,RUS,1,33.09589041,"Chicago, IL (USA)",1182,0.780555556,2003.780556
2003,1-Jan,13-Apr-03,Marathon,10,2:23:12,8592,Susan CHEPKEMEI,25-Jun-75,KEN,4,27.81917808,London (GBR),1181,0.283333333,2003.283333
2003,1-Jan,13-Apr-03,Marathon,11,2:23:14,8594,Lyudmila PETROVA,7-Oct-68,RUS,5,34.5369863,London (GBR),1181,0.283333333,2003.283333
2003,1-Jan,16-Mar-03,Marathon,12,2:23:18,8598,Shujing ZHANG,13-Sep-78,CHN,1,24.52054795,Seoul (KOR),1180,0.208333333,2003.208333
2003,1-Jan,26-Jan-03,Marathon,13,2:23:30,8610,Mari OZAKI,16-Jul-75,JPN,5,27.55068493,Osaka (JPN),1179,0.069444444,2003.069444
2003,1-Jan,12-Oct-03,Marathon,14,2:23:35,8615,Constantina DITA-TOMESCU,23-Jan-70,ROU,2,33.73972603,"Chicago, IL (USA)",1178,0.780555556,2003.780556
2003,1-Jan,19-Oct-03,Marathon,15,2:23:41,8621,Chunxiu ZHOU,15-Nov-78,CHN,2,24.94246575,Beijing (CHN),1177,0.8,2003.8
2003,1-Jan,13-Apr-03,Marathon,16,2:23:43,8623,Constantina DITA-TOMESCU,23-Jan-70,ROU,6,33.24109589,London (GBR),1176,0.283333333,2003.283333
2003,1-Jan,31-Aug-03,Marathon,17,2:23:55,8635,Catherine NDEREBA,21-Jul-72,KEN,1,31.13150685,"Stade de France, Paris-St-Denis (FRA)",1175,0.666666667,2003.666667
2003,1-Jan,13-Apr-03,Marathon,18,2:24:01,8641,Jeļena PROKOPČUKA,21-Sep-76,LAT,7,26.57534247,London (GBR),1174,0.283333333,2003.283333
2003,1-Jan,31-Aug-03,Marathon,19,2:24:14,8654,Mizuki NOGUCHI,3-Jul-78,JPN,2,25.17808219,"Stade de France, Paris-St-Denis (FRA)",1172,0.666666667,2003.666667
2003,1-Jan,16-Nov-03,Marathon,20,2:24:47,8687,Elfinesh ALEMU,15-Mar-75,ETH,1,28.69315068,Tokyo (JPN),1166,0.875,2003.875
2003,1-Jan,12-Oct-03,Marathon,21,2:24:53,8693,Jeļena PROKOPČUKA,21-Sep-76,LAT,3,27.0739726,"Chicago, IL (USA)",1165,0.780555556,2003.780556
2003,1-Jan,13-Apr-03,Marathon,22,2:24:56,8696,Elfinesh ALEMU,15-Mar-75,ETH,8,28.09863014,London (GBR),1165,0.283333333,2003.283333
2003,1-Jan,9-Mar-03,Marathon,23,2:25:03,8703,Takami OMINAMI,15-Nov-75,JPN,1,27.33150685,Nagoya (JPN),1164,0.188888889,2003.188889
2003,1-Jan,31-Aug-03,Marathon,24,2:25:09,8709,Masako CHIBA,18-Jul-76,JPN,3,27.1369863,"Stade de France, Paris-St-Denis (FRA)",1163,0.666666667,2003.666667
2003,1-Jan,13-Apr-03,Marathon,25,2:25:23,8723,Olivera JEVTIĆ,24-Jul-77,SCG,1,25.7369863,Rotterdam (NED),1161,0.283333333,2003.283333
2003,1-Jan,31-Aug-03,Marathon,26,2:25:25,8725,Naoko SAKAMOTO,14-Nov-80,JPN,4,22.80821918,"Stade de France, Paris-St-Denis (FRA)",1160,0.666666667,2003.666667
2003,1-Jan,31-Aug-03,Marathon,27,2:25:31,8731,Bong-Sil HAM,24-Jul-74,PRK,5,29.12328767,"Stade de France, Paris-St-Denis (FRA)",1159,0.666666667,2003.666667
2003,1-Jan,13-Apr-03,Marathon,28,2:25:32,8732,Mihaela Maria BOTEZAN-PRUNDUS,21-Nov-76,ROU,9,26.40821918,London (GBR),1159,0.283333333,2003.283333
2003,1-Jan,12-Oct-03,Marathon,29,2:25:35,8735,Albina MAYOROVA,16-May-77,RUS,4,26.42465753,"Chicago, IL (USA)",1159,0.780555556,2003.780556
2003,1-Jan,16-Mar-03,Marathon,30,2:25:42,8742,Workenesh TOLA,6-Jun-77,ETH,2,25.79178082,Seoul (KOR),1158,0.208333333,2003.208333
2003,1-Jan,27-Apr-03,Marathon,31,2:25:53,8753,Hellen Jemaiyo KIMUTAI,28-Dec-77,KEN,1,25.34520548,Hamburg (GER),1156,0.322222222,2003.322222
2003,1-Jan,13-Apr-03,Marathon,32,2:26:17,8777,Hiromi OMINAMI,15-Nov-75,JPN,2,27.42739726,Rotterdam (NED),1152,0.283333333,2003.283333
2003,1-Jan,12-Oct-03,Marathon,33,2:26:22,8782,Grażyna SYREK,9-Jan-72,POL,5,31.77808219,"Chicago, IL (USA)",1151,0.780555556,2003.780556
2003,1-Jan,31-Aug-03,Marathon,34,2:26:29,8789,Elfinesh ALEMU,15-Mar-75,ETH,6,28.48219178,"Stade de France, Paris-St-Denis (FRA)",1150,0.666666667,2003.666667
2003,1-Jan,28-Sep-03,Marathon,35,2:26:32,8792,Yasuko HASHIMOTO,12-Aug-75,JPN,1,28.14794521,Berlin (GER),1150,0.741666667,2003.741667
2003,1-Jan,13-Apr-03,Marathon,36,2:26:33,8793,Derartu TULU,21-Mar-72,ETH,10,31.08219178,London (GBR),1150,0.283333333,2003.283333
2003,1-Jan,31-Aug-03,Marathon,36,2:26:33,8793,Joyce CHEPCHUMBA,6-Nov-70,KEN,7,32.83835616,"Stade de France, Paris-St-Denis (FRA)",1150,0.666666667,2003.666667
2003,1-Jan,31-Aug-03,Marathon,38,2:26:49,8809,Olivera JEVTIĆ,24-Jul-77,SCG,8,26.12054795,"Stade de France, Paris-St-Denis (FRA)",1147,0.666666667,2003.666667
2003,1-Jan,31-Aug-03,Marathon,39,2:26:53,8813,Svetlana ZAKHAROVA,15-Sep-70,RUS,9,32.98082192,"Stade de France, Paris-St-Denis (FRA)",1146,0.666666667,2003.666667
2003,1-Jan,13-Apr-03,Marathon,40,2:27:12,8832,Stine LARSEN,5-Nov-75,NOR,1,27.45479452,Torino (ITA),1143,0.283333333,2003.283333
2003,1-Jan,16-Nov-03,Marathon,41,2:27:21,8841,Naoko TAKAHASHI,6-May-72,JPN,2,31.55068493,Tokyo (JPN),1142,0.875,2003.875
2003,1-Jan,27-Oct-03,Marathon,42,2:27:22,8842,Ruth Jepkoech KUTOL,16-May-73,KEN,1,30.46849315,Dublin (IRL),1142,0.822222222,2003.822222
2003,1-Jan,31-Aug-03,Marathon,43,2:27:26,8846,Debellu Shitaye GEMECHU,17-Jun-80,ETH,10,23.21917808,"Stade de France, Paris-St-Denis (FRA)",1141,0.666666667,2003.666667
2003,1-Jan,26-Jan-03,Marathon,44,2:27:32,8852,Luminiţa MOANGA-TALPOŞ,9-Oct-72,ROU,6,30.31780822,Osaka (JPN),1140,0.069444444,2003.069444
2003,1-Jan,6-Apr-03,Marathon,45,2:27:44,8864,Beatrice OMWANZA,24-Feb-74,KEN,1,29.13150685,Paris (FRA),1138,0.263888889,2003.263889
2003,1-Jan,27-Apr-03,Marathon,46,2:27:46,8866,Debellu Shitaye GEMECHU,17-Jun-80,ETH,2,22.8739726,Hamburg (GER),1138,0.322222222,2003.322222
2003,1-Jan,6-Apr-03,Marathon,47,2:27:48,8868,Rosaria CONSOLE,17-Dec-79,ITA,2,23.31780822,Paris (FRA),1138,0.263888889,2003.263889
2003,1-Jan,13-Apr-03,Marathon,47,2:27:48,8868,Bong-Sil HAM,24-Jul-74,PRK,1,28.73972603,Pyongyang (PRK),1138,0.283333333,2003.283333
2003,1-Jan,12-Oct-03,Marathon,49,2:27:50,8870,Małgorzata SOBAŃSKA,25-Apr-69,POL,6,34.48767123,"Chicago, IL (USA)",1137,0.780555556,2003.780556
2003,1-Jan,19-Oct-03,Marathon,50,2:27:57,8877,Shujing ZHANG,13-Sep-78,CHN,3,25.11506849,Beijing (CHN),1136,0.8,2003.8
2003,1-Jan,12-Oct-03,Marathon,51,2:28:01,8881,Colleen DE REUCK,13-Apr-64,USA,7,39.52328767,"Chicago, IL (USA)",1136,0.780555556,2003.780556
2003,1-Jan,13-Apr-03,Marathon,52,2:28:05,8885,Larisa ZYUZKO,27-Apr-69,RUS,11,33.98356164,London (GBR),1135,0.283333333,2003.283333
2003,1-Jan,26-Apr-03,Marathon,53,2:28:06,8886,Irina BOGACHOVA,30-May-61,KGZ,1,41.93424658,"Nashville, TN (USA)",1135,0.319444444,2003.319444
2003,1-Jan,19-Oct-03,Marathon,53,2:28:06,8886,Helena SAMPAIO,9-Oct-73,POR,1,30.04657534,Amsterdam (NED),1135,0.8,2003.8
2003,1-Jan,19-Oct-03,Marathon,55,2:28:09,8889,Lyudmyla PUSKINA,2-Oct-65,UKR,1,38.07123288,"Columbus, OH (USA)",1134,0.8,2003.8
2003,1-Jan,27-Oct-03,Marathon,55,2:28:09,8889,Yelena BURYKINA,7-May-72,RUS,2,31.49315068,Dublin (IRL),1134,0.822222222,2003.822222
2003,1-Jan,27-Apr-03,Marathon,57,2:28:13,8893,Helena JAVORNIK,26-Mar-66,SLO,3,37.11232877,Hamburg (GER),1134,0.322222222,2003.322222
2003,1-Jan,9-Mar-03,Marathon,58,2:28:14,8894,Risa HAGIWARA,22-Nov-82,JPN,2,20.30684932,Nagoya (JPN),1134,0.188888889,2003.188889
2003,1-Jan,9-Mar-03,Marathon,59,2:28:17,8897,Irina BOGACHOVA,30-May-61,KGZ,3,41.80273973,Nagoya (JPN),1133,0.188888889,2003.188889
2003,1-Jan,28-Sep-03,Marathon,60,2:28:18,8898,Emily Chepar KIMURIA,10-Jun-75,KEN,2,28.32054795,Berlin (GER),1133,0.741666667,2003.741667
2003,1-Jan,20-Apr-03,Marathon,61,2:28:23,8903,Madina BIKTAGIROVA,20-Sep-64,RUS,1,38.60547945,Nagano (JPN),1132,0.302777778,2003.302778
2003,1-Jan,31-Aug-03,Marathon,62,2:28:24,8904,Nuţa OLARU,28-Aug-70,ROU,11,33.03013699,"Stade de France, Paris-St-Denis (FRA)",1132,0.666666667,2003.666667
2003,1-Jan,28-Sep-03,Marathon,63,2:28:28,8908,Ornella FERRARA,17-Apr-68,ITA,3,35.47123288,Berlin (GER),1131,0.741666667,2003.741667
2003,1-Jan,27-Apr-03,Marathon,64,2:28:31,8911,Marleen RENDERS,24-Dec-68,BEL,4,34.36164384,Hamburg (GER),1131,0.322222222,2003.322222
2003,1-Jan,12-Oct-03,Marathon,65,2:28:33,8913,Madina BIKTAGIROVA,20-Sep-64,RUS,8,39.08493151,"Chicago, IL (USA)",1131,0.780555556,2003.780556
2003,1-Jan,26-Apr-03,Marathon,66,2:28:42,8922,Olga KOVPOTINA,10-Jan-68,RUS,2,35.31506849,"Nashville, TN (USA)",1129,0.319444444,2003.319444
2003,1-Jan,19-Oct-03,Marathon,67,2:28:47,8927,Caroline KWAMBAI,9-Sep-75,KEN,2,28.12876712,Amsterdam (NED),1129,0.8,2003.8
2003,1-Jan,28-Sep-03,Marathon,68,2:28:49,8929,Ana DIAS,15-Jan-74,POR,4,29.72054795,Berlin (GER),1128,0.741666667,2003.741667
2003,1-Jan,13-Apr-03,Marathon,69,2:28:52,8932,Yong-Ok JONG,24-Jan-81,PRK,2,22.23013699,Pyongyang (PRK),1128,0.283333333,2003.283333
2003,1-Jan,9-Mar-03,Marathon,70,2:28:57,8937,Eri AMO,26-Jul-77,JPN,4,25.63561644,Nagoya (JPN),1127,0.188888889,2003.188889
2003,1-Jan,13-Apr-03,Marathon,71,2:29:00,8940,Chang-OK KIM,27-May-75,PRK,3,27.89863014,Pyongyang (PRK),1127,0.283333333,2003.283333
2003,1-Jan,28-Sep-03,Marathon,71,2:29:00,8940,Alina IVANOVA,16-Mar-69,RUS,5,34.55890411,Berlin (GER),1127,0.741666667,2003.741667
2003,1-Jan,12-Oct-03,Marathon,71,2:29:00,8940,Nuţa OLARU,28-Aug-70,ROU,9,33.14520548,"Chicago, IL (USA)",1127,0.780555556,2003.780556
2003,1-Jan,12-Oct-03,Marathon,74,2:29:01,8941,Deeja YOUNGQUIST,30-Mar-77,USA,10,26.55342466,"Chicago, IL (USA)",1126,0.780555556,2003.780556
2003,1-Jan,20-Apr-03,Marathon,75,2:29:05,8945,Alevtina IVANOVA,22-May-75,RUS,2,27.93150685,Nagano (JPN),1126,0.302777778,2003.302778
2003,1-Jan,13-Apr-03,Marathon,76,2:29:11,8951,Bun-Hui JO,29-Nov-79,PRK,4,23.38630137,Pyongyang (PRK),1125,0.283333333,2003.283333
2003,1-Jan,6-Apr-03,Marathon,77,2:29:13,8953,Banuelia KATESIGWA,14-Nov-77,TAN,3,25.40821918,Paris (FRA),1124,0.263888889,2003.263889
2003,1-Jan,13-Apr-03,Marathon,77,2:29:13,8953,Maura VICECONTE,3-Oct-67,ITA,2,35.55068493,Torino (ITA),1124,0.283333333,2003.283333
2003,1-Jan,27-Apr-03,Marathon,79,2:29:17,8957,Renata PARADOWSKA-SOBIESAK,14-Jun-70,POL,5,32.89041096,Hamburg (GER),1124,0.322222222,2003.322222
2003,1-Jan,19-Oct-03,Marathon,80,2:29:20,8960,Margaret ATODONYANG,10-Oct-78,KEN,3,25.04109589,Amsterdam (NED),1123,0.8,2003.8
2003,1-Jan,30-Nov-03,Marathon,81,2:29:23,8963,Anne Kibor JELAGAT,4-Jun-69,KEN,1,34.51232877,Milano (ITA),1123,0.913888889,2003.913889
2003,1-Jan,31-Aug-03,Marathon,82,2:29:24,8964,Shujing ZHANG,13-Sep-78,CHN,12,24.98082192,"Stade de France, Paris-St-Denis (FRA)",1123,0.666666667,2003.666667
2003,1-Jan,31-Aug-03,Marathon,83,2:29:25,8965,Beatriz ROS,12-May-74,ESP,13,29.32328767,"Stade de France, Paris-St-Denis (FRA)",1123,0.666666667,2003.666667
2003,1-Jan,19-Oct-03,Marathon,84,2:29:33,8973,Linan WANG,26-Nov-85,CHN,4,17.90684932,Beijing (CHN),1121,0.8,2003.8
2003,1-Jan,23-Mar-03,Marathon,85,2:29:35,8975,Gloria MARCONI,31-Mar-68,ITA,1,35,Roma (ITA),1121,0.227777778,2003.227778
2003,1-Jan,9-Mar-03,Marathon,86,2:29:37,8977,Yasuko HASHIMOTO,12-Aug-75,JPN,5,27.59178082,Nagoya (JPN),1121,0.188888889,2003.188889
2003,1-Jan,2-Mar-03,Marathon,87,2:29:40,8980,Tetyana POZDNYAKOVA,4-Mar-56,UKR,1,47.02465753,"Los Angeles, CA (USA)",1120,0.169444444,2003.169444
2003,1-Jan,26-Oct-03,Marathon,88,2:29:41,8981,Luminita ZAITUC,9-Oct-68,GER,1,35.06849315,Frankfurt (GER),1120,0.819444444,2003.819444
2003,1-Jan,31-Aug-03,Marathon,89,2:29:46,8986,Helan LI,2-Jan-78,CHN,14,25.67671233,"Stade de France, Paris-St-Denis (FRA)",1119,0.666666667,2003.666667
2003,1-Jan,4-May-03,Marathon,90,2:29:53,8993,Lyudmila KORCHAGINA,26-Jul-71,RUS,1,31.79452055,"Pittsburgh, PA (USA)",1118,0.341666667,2003.341667
2003,1-Jan,13-Apr-03,Marathon,91,2:29:54,8994,Adriana FERNÁNDEZ MIRANDA,4-Apr-71,MEX,12,32.04657534,London (GBR),1118,0.283333333,2003.283333
2003,1-Jan,19-Oct-03,Marathon,91,2:29:54,8994,Beáta RAKONCZAI,25-Jun-77,HUN,4,26.33424658,Amsterdam (NED),1118,0.8,2003.8
2003,1-Jan,26-Jan-03,Marathon,93,2:29:57,8997,Megumi TANAKA-OSHIMA,4-Sep-75,JPN,7,27.41369863,Osaka (JPN),1118,0.069444444,2003.069444
2003,1-Jan,28-Sep-03,Marathon,93,2:29:57,8997,Monika STEFANOWICZ,15-May-80,POL,6,23.38630137,Berlin (GER),1118,0.741666667,2003.741667
2003,1-Jan,27-Apr-03,Marathon,95,2:29:59,8999,Márcia NARLOCH,28-Mar-69,BRA,6,34.10410959,Hamburg (GER),1117,0.322222222,2003.322222
2003,1-Jan,9-Mar-03,Marathon,96,2:30:04,9004,Helan LI,2-Jan-78,CHN,6,25.19726027,Nagoya (JPN),1117,0.188888889,2003.188889
2003,1-Jan,26-Jan-03,Marathon,97,2:30:13,9013,Aki FUJIKAWA,14-Nov-78,JPN,8,24.21643836,Osaka (JPN),1115,0.069444444,2003.069444
2003,1-Jan,31-Aug-03,Marathon,98,2:30:15,9015,María ABEL,23-Oct-74,ESP,15,28.8739726,"Stade de France, Paris-St-Denis (FRA)",1115,0.666666667,2003.666667
2003,1-Jan,28-Sep-03,Marathon,98,2:30:15,9015,Fumi MURATA,13-Mar-75,JPN,7,28.56438356,Berlin (GER),1115,0.741666667,2003.741667
2003,1-Jan,2-Mar-03,Marathon,100,2:30:18,9018,Lyudmila KORCHAGINA,26-Jul-71,RUS,2,31.62191781,"Los Angeles, CA (USA)",1114,0.169444444,2003.169444
2002,1-Jan,13-Oct-02,Marathon,1,2:17:18,8238,Paula RADCLIFFE,17-Dec-73,GBR,1,28.84109589,"Chicago, IL (USA)",1239,0.783333333,2002.783333
2002,1-Jan,14-Apr-02,Marathon,2,2:18:56,8336,Paula RADCLIFFE,17-Dec-73,GBR,1,28.34246575,London (GBR),1223,0.286111111,2002.286111
2002,1-Jan,13-Oct-02,Marathon,3,2:19:26,8366,Catherine NDEREBA,21-Jul-72,KEN,2,30.24931507,"Chicago, IL (USA)",1218,0.783333333,2002.783333
2002,1-Jan,13-Oct-02,Marathon,4,2:21:21,8481,Yingjie SUN,19-Jan-79,CHN,1,23.74794521,Beijing (CHN),1199,0.783333333,2002.783333
2002,1-Jan,13-Oct-02,Marathon,5,2:21:22,8482,Yoko SHIBUI,14-Mar-79,JPN,3,23.6,"Chicago, IL (USA)",1199,0.783333333,2002.783333
2002,1-Jan,13-Oct-02,Marathon,6,2:21:31,8491,Svetlana ZAKHAROVA,15-Sep-70,RUS,4,32.09863014,"Chicago, IL (USA)",1198,0.783333333,2002.783333
2002,1-Jan,29-Sep-02,Marathon,7,2:21:49,8509,Naoko TAKAHASHI,6-May-72,JPN,1,30.41917808,Berlin (GER),1195,0.744444444,2002.744444
2002,1-Jan,20-Oct-02,Marathon,8,2:22:19,8539,Gete WAMI,11-Dec-74,ETH,1,27.87671233,Amsterdam (NED),1190,0.802777778,2002.802778
2002,1-Jan,14-Apr-02,Marathon,9,2:22:31,8551,Svetlana ZAKHAROVA,15-Sep-70,RUS,2,31.6,London (GBR),1188,0.286111111,2002.286111
2002,1-Jan,14-Apr-02,Marathon,10,2:22:33,8553,Lyudmila PETROVA,7-Oct-68,RUS,3,33.53972603,London (GBR),1188,0.286111111,2002.286111
2002,1-Jan,14-Apr-02,Marathon,11,2:22:46,8566,Reiko TOSA,11-Jun-76,JPN,4,25.85753425,London (GBR),1186,0.286111111,2002.286111
2002,1-Jan,7-Apr-02,Marathon,12,2:23:05,8585,Marleen RENDERS,24-Dec-68,BEL,1,33.30684932,Paris (FRA),1183,0.266666667,2002.266667
2002,1-Jan,13-Oct-02,Marathon,13,2:23:17,8597,Shujing ZHANG,13-Sep-78,CHN,2,24.09863014,Beijing (CHN),1181,0.783333333,2002.783333
2002,1-Jan,14-Apr-02,Marathon,14,2:23:19,8599,Susan CHEPKEMEI,25-Jun-75,KEN,5,26.82191781,London (GBR),1180,0.286111111,2002.286111
2002,1-Jan,21-Apr-02,Marathon,15,2:23:43,8623,Takami OMINAMI,15-Nov-75,JPN,1,26.44931507,Rotterdam (NED),1176,0.305555556,2002.305556
2002,1-Jan,20-Oct-02,Marathon,16,2:23:52,8632,Constantina DITA-TOMESCU,23-Jan-70,ROU,2,32.76164384,Amsterdam (NED),1175,0.802777778,2002.802778
2002,1-Jan,27-Jan-02,Marathon,17,2:23:55,8635,Lornah KIPLAGAT,1-May-74,KEN,1,27.76164384,Osaka (JPN),1175,0.072222222,2002.072222
2002,1-Jan,13-Oct-02,Marathon,18,2:23:57,8637,Xiaolin ZHU,20-Feb-84,CHN,3,18.65753425,Beijing (CHN),1174,0.783333333,2002.783333
2002,1-Jan,29-Sep-02,Marathon,19,2:24:11,8651,Adriana FERNÁNDEZ MIRANDA,4-Apr-71,MEX,2,31.50958904,Berlin (GER),1172,0.744444444,2002.744444
2002,1-Jan,7-Apr-02,Marathon,20,2:24:33,8673,Rie MATSUOKA,9-Mar-77,JPN,2,25.09589041,Paris (FRA),1169,0.266666667,2002.266667
2002,1-Jan,27-Jan-02,Marathon,21,2:24:34,8674,Harumi HIROYAMA-SUZUKI,2-Sep-68,JPN,2,33.42465753,Osaka (JPN),1168,0.072222222,2002.072222
2002,1-Jan,13-Oct-02,Marathon,22,2:24:39,8679,Yuanyuan HU,,CHN,4,102.8547945,Beijing (CHN),1168,0.783333333,2002.783333
2002,1-Jan,17-Nov-02,Marathon,23,2:24:59,8699,Banuelia KATESIGWA,14-Nov-77,TAN,1,25.02465753,Tokyo (JPN),1164,0.877777778,2002.877778
2002,1-Jan,1-Dec-02,Marathon,23,2:24:59,8699,Margaret OKAYO,30-May-76,KEN,1,26.52328767,Milano (ITA),1164,0.916666667,2002.916667
2002,1-Jan,17-Nov-02,Marathon,25,2:25:02,8702,Rie MATSUOKA,9-Mar-77,JPN,2,25.70958904,Tokyo (JPN),1164,0.877777778,2002.877778
2002,1-Jan,17-Mar-02,Marathon,26,2:25:06,8706,Yanan WEI,6-Dec-81,CHN,1,20.29041096,Seoul (KOR),1163,0.211111111,2002.211111
2002,1-Jan,21-Apr-02,Marathon,27,2:25:11,8711,Masako CHIBA,18-Jul-76,JPN,2,25.77534247,Rotterdam (NED),1162,0.305555556,2002.305556
2002,1-Jan,13-Oct-02,Marathon,28,2:25:15,8715,Weiwei SUN,13-Jan-85,CHN,5,17.75890411,Beijing (CHN),1162,0.783333333,2002.783333
2002,1-Jan,13-Oct-02,Marathon,29,2:25:20,8720,Madina BIKTAGIROVA,20-Sep-64,RUS,5,38.08767123,"Chicago, IL (USA)",1161,0.783333333,2002.783333
2002,1-Jan,7-Apr-02,Marathon,30,2:25:32,8732,Esther KIPLAGAT,8-Dec-66,KEN,3,35.35342466,Paris (FRA),1159,0.266666667,2002.266667
2002,1-Jan,10-Mar-02,Marathon,31,2:25:35,8735,Mizuki NOGUCHI,3-Jul-78,JPN,1,23.70136986,Nagoya (JPN),1159,0.191666667,2002.191667
2002,1-Jan,10-Aug-02,Marathon,32,2:26:05,8765,Maria GUIDA,23-Jan-66,ITA,1,36.56986301,München (GER),1154,0.608333333,2002.608333
2002,1-Jan,14-Apr-02,Marathon,33,2:26:09,8769,Madina BIKTAGIROVA,20-Sep-64,RUS,1,37.5890411,Nagano (JPN),1153,0.286111111,2002.286111
2002,1-Jan,29-Sep-02,Marathon,34,2:26:10,8770,Hellen Jemaiyo KIMUTAI,28-Dec-77,KEN,3,24.76986301,Berlin (GER),1153,0.744444444,2002.744444
2002,1-Jan,25-Aug-02,Marathon,35,2:26:11,8771,Chika HORIE,15-Feb-81,JPN,1,21.5369863,Sapporo (JPN),1153,0.65,2002.65
2002,1-Jan,13-Oct-02,Marathon,36,2:26:12,8772,Yong-Ok JONG,24-Jan-81,PRK,6,21.73150685,Beijing (CHN),1153,0.783333333,2002.783333
2002,1-Jan,29-Sep-02,Marathon,37,2:26:15,8775,Debellu Shitaye GEMECHU,17-Jun-80,ETH,4,22.29863014,Berlin (GER),1152,0.744444444,2002.744444
2002,1-Jan,21-Apr-02,Marathon,38,2:26:21,8781,Sonja OBEREM-KROLIK,24-Feb-73,GER,1,29.17260274,Hamburg (GER),1151,0.305555556,2002.305556
2002,1-Jan,7-Apr-02,Marathon,39,2:26:23,8783,Bong-Sil HAM,24-Jul-74,PRK,1,27.72328767,Pyongyang (PRK),1151,0.266666667,2002.266667
2002,1-Jan,17-Nov-02,Marathon,40,2:26:45,8805,Irina TIMOFEYEVA,5-Apr-70,RUS,3,32.64109589,Tokyo (JPN),1148,0.877777778,2002.877778
2002,1-Jan,14-Apr-02,Marathon,41,2:26:53,8813,Joyce CHEPCHUMBA,6-Nov-70,KEN,6,31.45753425,London (GBR),1146,0.286111111,2002.286111
2002,1-Jan,13-Oct-02,Marathon,41,2:26:53,8813,Deena KASTOR,14-Feb-73,USA,6,29.67945205,"Chicago, IL (USA)",1146,0.783333333,2002.783333
2002,1-Jan,10-Aug-02,Marathon,43,2:26:58,8818,Luminita ZAITUC,9-Oct-68,GER,2,33.85753425,München (GER),1146,0.608333333,2002.608333
2002,1-Jan,27-Oct-02,Marathon,43,2:26:58,8818,María ABEL,23-Oct-74,ESP,1,28.03013699,Frankfurt (GER),1146,0.822222222,2002.822222
2002,1-Jan,13-Oct-02,Marathon,45,2:26:59,8819,Helan LI,2-Jan-78,CHN,7,24.79452055,Beijing (CHN),1145,0.783333333,2002.783333
2002,1-Jan,27-Jan-02,Marathon,46,2:27:01,8821,Haruko OKAMOTO,19-Aug-74,JPN,3,27.46027397,Osaka (JPN),1145,0.072222222,2002.072222
2002,1-Jan,20-Oct-02,Marathon,47,2:27:06,8826,Stine LARSEN,5-Nov-75,NOR,3,26.97534247,Amsterdam (NED),1144,0.802777778,2002.802778
2002,1-Jan,14-Apr-02,Marathon,48,2:27:07,8827,Silviya SKVORTSOVA,16-Nov-74,RUS,7,27.42739726,London (GBR),1144,0.286111111,2002.286111
2002,1-Jan,14-Apr-02,Marathon,49,2:27:16,8836,Fatuma ROBA,18-Dec-73,ETH,2,28.33972603,Nagano (JPN),1143,0.286111111,2002.286111
2002,1-Jan,10-Mar-02,Marathon,50,2:27:29,8849,Hiromi OMINAMI,15-Nov-75,JPN,2,26.33424658,Nagoya (JPN),1141,0.191666667,2002.191667
2002,1-Jan,13-Oct-02,Marathon,51,2:27:36,8856,Bun-Hui JO,29-Nov-79,PRK,8,22.88767123,Beijing (CHN),1140,0.783333333,2002.783333
2002,1-Jan,13-Oct-02,Marathon,52,2:27:37,8857,Cui LU,29-Mar-87,CHN,9,15.55342466,Beijing (CHN),1139,0.783333333,2002.783333
2002,1-Jan,14-Apr-02,Marathon,53,2:27:45,8865,Zinayida SEMYONOVA,19-Mar-62,RUS,8,40.09863014,London (GBR),1138,0.286111111,2002.286111
2002,1-Jan,3-Feb-02,Marathon,54,2:28:07,8887,María ABEL,23-Oct-74,ESP,1,27.30136986,Valencia (ESP),1135,0.088888889,2002.088889
2002,1-Jan,10-Mar-02,Marathon,55,2:28:10,8890,Megumi TANAKA-OSHIMA,4-Sep-75,JPN,3,26.53150685,Nagoya (JPN),1134,0.191666667,2002.191667
2002,1-Jan,13-Oct-02,Marathon,56,2:28:15,8895,Kayoko OBATA,18-Sep-71,JPN,7,31.09041096,"Chicago, IL (USA)",1134,0.783333333,2002.783333
2002,1-Jan,24-Nov-02,Marathon,56,2:28:15,8895,Helena JAVORNIK,26-Mar-66,SLO,1,36.69041096,Firenze (ITA),1134,0.897222222,2002.897222
2002,1-Jan,1-Dec-02,Marathon,58,2:28:16,8896,Alice CHELANGAT,27-Dec-76,KEN,2,25.94520548,Milano (ITA),1133,0.916666667,2002.916667
2002,1-Jan,20-Oct-02,Marathon,59,2:28:23,8903,Lyudmyla PUSKINA,2-Oct-65,UKR,1,37.0739726,"Columbus, OH (USA)",1132,0.802777778,2002.802778
2002,1-Jan,7-Apr-02,Marathon,60,2:28:26,8906,Chang-OK KIM,27-May-75,PRK,2,26.88219178,Pyongyang (PRK),1132,0.266666667,2002.266667
2002,1-Jan,7-Apr-02,Marathon,61,2:28:27,8907,Bun-Hui JO,29-Nov-79,PRK,3,22.36986301,Pyongyang (PRK),1132,0.266666667,2002.266667
2002,1-Jan,7-Apr-02,Marathon,61,2:28:27,8907,Chantal DÄLLENBACH,24-Oct-62,FRA,4,39.47945205,Paris (FRA),1132,0.266666667,2002.266667
2002,1-Jan,27-Jan-02,Marathon,63,2:28:30,8910,Kerryn MCCANN,2-May-67,AUS,4,34.76438356,Osaka (JPN),1131,0.072222222,2002.072222
2002,1-Jan,13-Oct-02,Marathon,63,2:28:30,8910,Viktoriya KLIMINA,1-Mar-76,RUS,1,26.63561644,"Providence, RI (USA)",1131,0.783333333,2002.783333
2002,1-Jan,7-Apr-02,Marathon,65,2:28:36,8916,Jeļena PROKOPČUKA,21-Sep-76,LAT,5,25.55890411,Paris (FRA),1130,0.266666667,2002.266667
2002,1-Jan,14-Apr-02,Marathon,66,2:28:37,8917,Derartu TULU,21-Mar-72,ETH,9,30.08493151,London (GBR),1130,0.286111111,2002.286111
2002,1-Jan,10-Aug-02,Marathon,67,2:28:45,8925,Sonja OBEREM-KROLIK,24-Feb-73,GER,3,29.47671233,München (GER),1129,0.608333333,2002.608333
2002,1-Jan,3-Mar-02,Marathon,68,2:28:49,8929,Lyubov DENISOVA,6-Oct-71,RUS,1,30.42739726,"Los Angeles, CA (USA)",1128,0.172222222,2002.172222
2002,1-Jan,25-Aug-02,Marathon,68,2:28:49,8929,Hisae YOSHIMATSU,13-May-79,JPN,2,23.30136986,Sapporo (JPN),1128,0.65,2002.65
2002,1-Jan,14-Apr-02,Marathon,70,2:28:58,8938,Debellu Shitaye GEMECHU,17-Jun-80,ETH,10,21.83835616,London (GBR),1127,0.286111111,2002.286111
2002,1-Jan,5-May-02,Marathon,71,2:29:00,8940,Franca FIACCONI,4-Oct-65,ITA,1,36.60821918,Trieste (ITA),1127,0.344444444,2002.344444
2002,1-Jan,13-Oct-02,Marathon,71,2:29:00,8940,Tetyana POZDNYAKOVA,4-Mar-56,UKR,2,46.64109589,"Providence, RI (USA)",1127,0.783333333,2002.783333
2002,1-Jan,27-Oct-02,Marathon,73,2:29:03,8943,Anastasia Njambi NDEREBA,27-Sep-74,KEN,1,28.10136986,Venezia (ITA),1126,0.822222222,2002.822222
2002,1-Jan,20-Oct-02,Marathon,74,2:29:04,8944,Tegla LOROUPE,9-May-73,KEN,1,29.46849315,Lausanne (SUI),1126,0.802777778,2002.802778
2002,1-Jan,20-Oct-02,Marathon,75,2:29:08,8948,Workenesh TOLA,6-Jun-77,ETH,4,25.3890411,Amsterdam (NED),1125,0.802777778,2002.802778
2002,1-Jan,8-Dec-02,Marathon,75,2:29:08,8948,Svetlana ZAKHAROVA,15-Sep-70,RUS,1,32.25205479,"Honolulu, HI (USA)",1125,0.936111111,2002.936111
2002,1-Jan,21-Apr-02,Marathon,77,2:29:10,8950,Junko AKAGI,3-Dec-75,JPN,3,26.4,Rotterdam (NED),1125,0.305555556,2002.305556
2002,1-Jan,27-Jan-02,Marathon,78,2:29:16,8956,Tomoe ABE,13-Aug-71,JPN,5,30.47945205,Osaka (JPN),1124,0.072222222,2002.072222
2002,1-Jan,14-Apr-02,Marathon,79,2:29:18,8958,Irina SAFAROVA,19-Jun-69,RUS,11,32.84109589,London (GBR),1124,0.286111111,2002.286111
2002,1-Jan,27-Jan-02,Marathon,80,2:29:20,8960,Ryoko KITAJIMA-EDA,12-Jun-76,JPN,6,25.64383562,Osaka (JPN),1123,0.072222222,2002.072222
2002,1-Jan,7-Apr-02,Marathon,81,2:29:23,8963,Yong SONG-OK,18-Aug-74,PRK,4,27.65479452,Pyongyang (PRK),1123,0.266666667,2002.266667
2002,1-Jan,26-May-02,Marathon,82,2:29:24,8964,Lidiya VASILEVSKAYA,1-Apr-73,RUS,1,29.16986301,Enschede (NED),1123,0.402777778,2002.402778
2002,1-Jan,21-Apr-02,Marathon,83,2:29:25,8965,Anastasia Njambi NDEREBA,27-Sep-74,KEN,1,27.58356164,Torino (ITA),1123,0.305555556,2002.305556
2002,1-Jan,10-Mar-02,Marathon,84,2:29:30,8970,Chihiro TANAKA,13-Nov-69,JPN,4,32.34246575,Nagoya (JPN),1122,0.191666667,2002.191667
2002,1-Jan,27-Jan-02,Marathon,85,2:29:31,8971,Fatuma ROBA,18-Dec-73,ETH,7,28.12876712,Osaka (JPN),1122,0.072222222,2002.072222
2002,1-Jan,17-Nov-02,Marathon,85,2:29:31,8971,Elfinesh ALEMU,15-Mar-75,ETH,4,27.69589041,Tokyo (JPN),1122,0.877777778,2002.877778
2002,1-Jan,29-Sep-02,Marathon,87,2:29:39,8979,Irina BOGACHOVA,30-May-61,KGZ,1,41.36164384,St. Paul (USA),1120,0.744444444,2002.744444
2002,1-Jan,13-Oct-02,Marathon,88,2:29:41,8981,Meiyu SHEN,21-Mar-87,CHN,10,15.57534247,Beijing (CHN),1120,0.783333333,2002.783333
2002,1-Jan,13-Oct-02,Marathon,89,2:29:42,8982,Larisa ZYUZKO,27-Apr-69,RUS,3,33.48493151,"Providence, RI (USA)",1120,0.783333333,2002.783333
2002,1-Jan,10-Mar-02,Marathon,90,2:29:47,8987,Tomoko KAI,5-Nov-76,JPN,5,25.35890411,Nagoya (JPN),1119,0.191666667,2002.191667
2002,1-Jan,21-Apr-02,Marathon,91,2:29:51,8991,Banuelia KATESIGWA,14-Nov-77,TAN,2,24.44931507,Torino (ITA),1119,0.305555556,2002.305556
2002,1-Jan,8-Dec-02,Marathon,92,2:29:53,8993,Albina MAYOROVA,16-May-77,RUS,2,25.58082192,"Honolulu, HI (USA)",1118,0.936111111,2002.936111
2002,1-Jan,2-Jun-02,Marathon,93,2:29:56,8996,Alice CHELANGAT,27-Dec-76,KEN,1,25.44657534,"San Diego, CA (USA)",1118,0.419444444,2002.419444
2002,1-Jan,13-Oct-02,Marathon,93,2:29:56,8996,Svetlana DEMIDENKO-SEMOVA,16-Feb-76,RUS,4,26.6739726,"Providence, RI (USA)",1118,0.783333333,2002.783333
2002,1-Jan,27-Oct-02,Marathon,95,2:29:57,8997,Luminita ZAITUC,9-Oct-68,GER,2,34.07123288,Frankfurt (GER),1118,0.822222222,2002.822222
2002,1-Jan,20-Oct-02,Marathon,96,2:29:58,8998,Albina MAYOROVA,16-May-77,RUS,2,25.44657534,"Columbus, OH (USA)",1117,0.802777778,2002.802778
2002,1-Jan,1-Dec-02,Marathon,97,2:29:59,8999,Simona STAICU,5-May-71,HUN,3,31.59726027,Milano (ITA),1117,0.916666667,2002.916667
2002,1-Jan,21-Apr-02,Marathon,98,2:30:04,9004,Luminita ZAITUC,9-Oct-68,GER,2,33.55342466,Hamburg (GER),1117,0.305555556,2002.305556
2002,1-Jan,28-Jul-02,Marathon,99,2:30:05,9005,Kerryn MCCANN,2-May-67,AUS,1,35.2630137,Manchester (GBR),1116,0.575,2002.575
2002,1-Jan,27-Oct-02,Marathon,100,2:30:09,9009,Anne Jepkemboi KOSGEI,1980,KEN,2,97.46849315,Venezia (ITA),1116,0.822222222,2002.822222
2001,1-Jan,7-Oct-01,Marathon,1,2:18:47,8327,Catherine NDEREBA,21-Jul-72,KEN,1,29.23287671,"Chicago, IL (USA)",1224,0.766666667,2001.766667
2001,1-Jan,30-Sep-01,Marathon,2,2:19:46,8386,Naoko TAKAHASHI,6-May-72,JPN,1,29.42191781,Berlin (GER),1215,0.747222222,2001.747222
2001,1-Jan,28-Jan-01,Marathon,3,2:23:11,8591,Yoko SHIBUI,14-Mar-79,JPN,1,21.89315068,Osaka (JPN),1182,0.075,2001.075
2001,1-Jan,14-Oct-01,Marathon,4,2:23:37,8617,Min LIU,29-Nov-83,CHN,1,17.88767123,Beijing (CHN),1177,0.786111111,2001.786111
2001,1-Jan,22-Apr-01,Marathon,5,2:23:57,8637,Derartu TULU,21-Mar-72,ETH,1,29.10684932,London (GBR),1174,0.308333333,2001.308333
2001,1-Jan,14-Oct-01,Marathon,6,2:24:02,8642,Yanan WEI,6-Dec-81,CHN,2,19.86849315,Beijing (CHN),1173,0.786111111,2001.786111
2001,1-Jan,22-Apr-01,Marathon,7,2:24:04,8644,Svetlana ZAKHAROVA,15-Sep-70,RUS,2,30.62191781,London (GBR),1173,0.308333333,2001.308333
2001,1-Jan,22-Apr-01,Marathon,8,2:24:12,8652,Joyce CHEPCHUMBA,6-Nov-70,KEN,3,30.47945205,London (GBR),1172,0.308333333,2001.308333
2001,1-Jan,22-Apr-01,Marathon,9,2:24:15,8655,Lidia ŞIMON,4-Sep-73,ROU,4,27.64931507,London (GBR),1171,0.308333333,2001.308333
2001,1-Jan,14-Oct-01,Marathon,10,2:24:22,8662,Xiujuan REN,14-Sep-74,CHN,3,27.10136986,Beijing (CHN),1170,0.786111111,2001.786111
2001,1-Jan,22-Apr-01,Marathon,11,2:24:29,8669,Elfinesh ALEMU,15-Mar-75,ETH,5,26.12328767,London (GBR),1169,0.308333333,2001.308333
2001,1-Jan,14-Oct-01,Marathon,12,2:24:41,8681,Yanyan DAI,8-Jan-80,CHN,4,21.78082192,Beijing (CHN),1167,0.786111111,2001.786111
2001,1-Jan,14-Oct-01,Marathon,13,2:24:42,8682,Shujing ZHANG,13-Sep-78,CHN,5,23.10136986,Beijing (CHN),1167,0.786111111,2001.786111
2001,1-Jan,7-Oct-01,Marathon,14,2:24:54,8694,Elfinesh ALEMU,15-Mar-75,ETH,2,26.58356164,"Chicago, IL (USA)",1165,0.766666667,2001.766667
2001,1-Jan,3-Jun-01,Marathon,15,2:25:05,8705,Margaret OKAYO,30-May-76,KEN,1,25.02739726,"San Diego, CA (USA)",1163,0.422222222,2001.422222
2001,1-Jan,18-Nov-01,Marathon,16,2:25:08,8708,Derartu TULU,21-Mar-72,ETH,1,29.68219178,Tokyo (JPN),1163,0.880555556,2001.880556
2001,1-Jan,22-Apr-01,Marathon,17,2:25:18,8718,Nuţa OLARU,28-Aug-70,ROU,6,30.67123288,London (GBR),1161,0.308333333,2001.308333
2001,1-Jan,18-Nov-01,Marathon,18,2:25:29,8729,Irina TIMOFEYEVA,5-Apr-70,RUS,2,31.64383562,Tokyo (JPN),1160,0.880555556,2001.880556
2001,1-Jan,22-Apr-01,Marathon,19,2:25:34,8734,Alina IVANOVA,16-Mar-69,RUS,7,32.12328767,London (GBR),1159,0.308333333,2001.308333
2001,1-Jan,18-Nov-01,Marathon,20,2:25:35,8735,Bruna GENOVESE,24-Sep-76,ITA,3,25.16712329,Tokyo (JPN),1159,0.880555556,2001.880556
2001,1-Jan,22-Apr-01,Marathon,21,2:25:45,8745,Susan CHEPKEMEI,25-Jun-75,KEN,1,25.84383562,Rotterdam (NED),1157,0.308333333,2001.308333
2001,1-Jan,14-Oct-01,Marathon,22,2:25:48,8748,Li JIN,29-May-83,CHN,6,18.39178082,Beijing (CHN),1157,0.786111111,2001.786111
2001,1-Jan,14-Oct-01,Marathon,23,2:25:55,8755,Guixia ZHENG,24-Jun-73,CHN,7,28.3260274,Beijing (CHN),1156,0.786111111,2001.786111
2001,1-Jan,11-Mar-01,Marathon,24,2:26:01,8761,Kazumi MATSUO,18-Apr-74,JPN,1,26.91506849,Nagoya (JPN),1155,0.194444444,2001.194444
2001,1-Jan,12-Aug-01,Marathon,24,2:26:01,8761,Lidia ŞIMON,4-Sep-73,ROU,1,27.95616438,"Commonwealth Stadium, Edmonton (CAN)",1155,0.613888889,2001.613889
2001,1-Jan,28-Oct-01,Marathon,24,2:26:01,8761,Luminita ZAITUC,9-Oct-68,GER,1,33.0739726,Frankfurt (GER),1155,0.825,2001.825
2001,1-Jan,11-Mar-01,Marathon,27,2:26:04,8764,Takami OMINAMI,15-Nov-75,JPN,2,25.3369863,Nagoya (JPN),1154,0.194444444,2001.194444
2001,1-Jan,7-Oct-01,Marathon,27,2:26:04,8764,Kerryn MCCANN,2-May-67,AUS,3,34.45753425,"Chicago, IL (USA)",1154,0.766666667,2001.766667
2001,1-Jan,12-Aug-01,Marathon,29,2:26:06,8766,Reiko TOSA,11-Jun-76,JPN,2,25.18630137,"Commonwealth Stadium, Edmonton (CAN)",1154,0.613888889,2001.613889
2001,1-Jan,7-Oct-01,Marathon,30,2:26:08,8768,Małgorzata SOBAŃSKA,25-Apr-69,POL,4,32.4739726,"Chicago, IL (USA)",1153,0.766666667,2001.766667
2001,1-Jan,22-Apr-01,Marathon,31,2:26:10,8770,Tegla LOROUPE,9-May-73,KEN,8,27.97260274,London (GBR),1153,0.308333333,2001.308333
2001,1-Jan,22-Apr-01,Marathon,32,2:26:13,8773,Sonja OBEREM-KROLIK,24-Feb-73,GER,1,28.17534247,Hamburg (GER),1153,0.308333333,2001.308333
2001,1-Jan,12-Aug-01,Marathon,33,2:26:18,8778,Svetlana ZAKHAROVA,15-Sep-70,RUS,3,30.92876712,"Commonwealth Stadium, Edmonton (CAN)",1152,0.613888889,2001.613889
2001,1-Jan,11-Mar-01,Marathon,34,2:26:21,8781,Yukiko OKAMOTO,29-Nov-74,JPN,3,26.29863014,Nagoya (JPN),1151,0.194444444,2001.194444
2001,1-Jan,22-Apr-01,Marathon,35,2:26:22,8782,Adriana FERNÁNDEZ MIRANDA,4-Apr-71,MEX,9,30.07123288,London (GBR),1151,0.308333333,2001.308333
2001,1-Jan,20-May-01,Marathon,36,2:26:33,8793,Maura VICECONTE,3-Oct-67,ITA,1,33.65205479,Praha (CZE),1150,0.386111111,2001.386111
2001,1-Jan,12-Aug-01,Marathon,36,2:26:33,8793,Yoko SHIBUI,14-Mar-79,JPN,4,22.43013699,"Commonwealth Stadium, Edmonton (CAN)",1150,0.613888889,2001.613889
2001,1-Jan,2-Dec-01,Marathon,38,2:26:36,8796,Alice CHELANGAT,27-Dec-76,KEN,1,24.94794521,Milano (ITA),1149,0.919444444,2001.919444
2001,1-Jan,18-Nov-01,Marathon,39,2:26:39,8799,Constantina DITA-TOMESCU,23-Jan-70,ROU,4,31.84109589,Tokyo (JPN),1149,0.880555556,2001.880556
2001,1-Jan,28-Jan-01,Marathon,40,2:26:49,8809,Franca FIACCONI,4-Oct-65,ITA,2,35.34246575,Osaka (JPN),1147,0.075,2001.075
2001,1-Jan,7-Oct-01,Marathon,41,2:26:51,8811,Zinayida SEMYONOVA,19-Mar-62,RUS,1,39.58082192,St. Paul (USA),1147,0.766666667,2001.766667
2001,1-Jan,11-Mar-01,Marathon,42,2:27:01,8821,Noriko GEJI,31-May-73,JPN,4,27.79726027,Nagoya (JPN),1145,0.194444444,2001.194444
2001,1-Jan,18-Nov-01,Marathon,42,2:27:01,8821,Małgorzata SOBAŃSKA,25-Apr-69,POL,5,32.5890411,Tokyo (JPN),1145,0.880555556,2001.880556
2001,1-Jan,11-Mar-01,Marathon,44,2:27:02,8822,Tomoe ABE,13-Aug-71,JPN,5,29.59726027,Nagoya (JPN),1145,0.194444444,2001.194444
2001,1-Jan,22-Apr-01,Marathon,45,2:27:14,8834,Madina BIKTAGIROVA,20-Sep-64,RUS,10,36.6109589,London (GBR),1143,0.308333333,2001.308333
2001,1-Jan,11-Mar-01,Marathon,46,2:27:16,8836,Ikuyo GOTO,6-Jan-69,JPN,6,32.19726027,Nagoya (JPN),1143,0.194444444,2001.194444
2001,1-Jan,11-Mar-01,Marathon,47,2:27:22,8842,Mayumi ICHIKAWA,3-May-76,JPN,7,24.87123288,Nagoya (JPN),1142,0.194444444,2001.194444
2001,1-Jan,3-Jun-01,Marathon,47,2:27:22,8842,Fatuma ROBA,18-Dec-73,ETH,2,27.47671233,"San Diego, CA (USA)",1142,0.422222222,2001.422222
2001,1-Jan,7-Oct-01,Marathon,49,2:27:37,8857,Olga KOVPOTINA,10-Jan-68,RUS,2,33.76438356,St. Paul (USA),1139,0.766666667,2001.766667
2001,1-Jan,11-Mar-01,Marathon,50,2:27:44,8864,Ikumi NAGAYAMA,22-Jun-74,JPN,8,26.7369863,Nagoya (JPN),1138,0.194444444,2001.194444
2001,1-Jan,28-Jan-01,Marathon,51,2:27:50,8870,Rie MATSUOKA,9-Mar-77,JPN,3,23.90684932,Osaka (JPN),1137,0.075,2001.075
2001,1-Jan,8-Apr-01,Marathon,52,2:27:53,8873,Florence BARSOSIO,11-Aug-76,KEN,1,24.6739726,Paris (FRA),1137,0.269444444,2001.269444
2001,1-Jan,1-Apr-01,Marathon,53,2:27:54,8874,Tiziana ALAGIA,8-Mar-73,ITA,1,28.08493151,Torino (ITA),1137,0.25,2001.25
2001,1-Jan,8-Apr-01,Marathon,53,2:27:54,8874,Ruth Jepkoech KUTOL,16-May-73,KEN,2,27.91506849,Paris (FRA),1137,0.269444444,2001.269444
2001,1-Jan,14-Oct-01,Marathon,55,2:28:00,8880,Jingbo LU,18-Apr-73,CHN,8,28.50958904,Beijing (CHN),1136,0.786111111,2001.786111
2001,1-Jan,30-Sep-01,Marathon,56,2:28:03,8883,Tegla LOROUPE,9-May-73,KEN,2,28.41369863,Berlin (GER),1135,0.747222222,2001.747222
2001,1-Jan,11-Mar-01,Marathon,57,2:28:09,8889,Naomi SAKASHITA,25-May-75,JPN,9,25.81369863,Nagoya (JPN),1134,0.194444444,2001.194444
2001,1-Jan,18-Nov-01,Marathon,58,2:28:13,8893,Junko AKAGI,3-Dec-75,JPN,6,25.97808219,Tokyo (JPN),1134,0.880555556,2001.880556
2001,1-Jan,12-Aug-01,Marathon,59,2:28:17,8897,Sonja OBEREM-KROLIK,24-Feb-73,GER,5,28.48219178,"Commonwealth Stadium, Edmonton (CAN)",1133,0.613888889,2001.613889
2001,1-Jan,14-Oct-01,Marathon,60,2:28:20,8900,Yong-Ok JONG,24-Jan-81,PRK,9,20.73424658,Beijing (CHN),1133,0.786111111,2001.786111
2001,1-Jan,7-Oct-01,Marathon,61,2:28:22,8902,Silviya SKVORTSOVA,16-Nov-74,RUS,3,26.90958904,St. Paul (USA),1132,0.766666667,2001.766667
2001,1-Jan,18-Nov-01,Marathon,61,2:28:22,8902,Ikuyo GOTO,6-Jan-69,JPN,7,32.88767123,Tokyo (JPN),1132,0.880555556,2001.880556
2001,1-Jan,11-Mar-01,Marathon,63,2:28:27,8907,Aki FUJIKAWA,14-Nov-78,JPN,10,22.3369863,Nagoya (JPN),1132,0.194444444,2001.194444
2001,1-Jan,30-Sep-01,Marathon,63,2:28:27,8907,Kathrin WESSEL,14-Aug-67,GER,3,34.15342466,Berlin (GER),1132,0.747222222,2001.747222
2001,1-Jan,22-Apr-01,Marathon,65,2:28:28,8908,Masako KOIDE,3-Jan-74,JPN,2,27.31780822,Rotterdam (NED),1131,0.308333333,2001.308333
2001,1-Jan,22-Apr-01,Marathon,66,2:28:31,8911,Marleen RENDERS,24-Dec-68,BEL,11,32.34794521,London (GBR),1131,0.308333333,2001.308333
2001,1-Jan,15-Apr-01,Marathon,67,2:28:32,8912,Yong-Ok JONG,24-Jan-81,PRK,1,20.23561644,Pyongyang (PRK),1131,0.288888889,2001.288889
2001,1-Jan,28-Oct-01,Marathon,68,2:28:33,8913,Fatuma ROBA,18-Dec-73,ETH,1,27.87945205,Madrid (ESP),1131,0.825,2001.825
2001,1-Jan,12-Aug-01,Marathon,69,2:28:36,8916,Florence BARSOSIO,11-Aug-76,KEN,6,25.01917808,"Commonwealth Stadium, Edmonton (CAN)",1130,0.613888889,2001.613889
2001,1-Jan,12-Aug-01,Marathon,70,2:28:40,8920,Debellu Shitaye GEMECHU,17-Jun-80,ETH,7,21.16712329,"Commonwealth Stadium, Edmonton (CAN)",1130,0.613888889,2001.613889
2001,1-Jan,21-Oct-01,Marathon,70,2:28:40,8920,Debellu Shitaye GEMECHU,17-Jun-80,ETH,1,21.35890411,Amsterdam (NED),1130,0.805555556,2001.805556
2001,1-Jan,11-Mar-01,Marathon,72,2:28:41,8921,Valentina YEGOROVA,16-Feb-64,RUS,11,37.09041096,Nagoya (JPN),1129,0.194444444,2001.194444
2001,1-Jan,22-Apr-01,Marathon,73,2:28:43,8923,Luminita ZAITUC,9-Oct-68,GER,2,32.55616438,Hamburg (GER),1129,0.308333333,2001.308333
2001,1-Jan,28-Jan-01,Marathon,74,2:28:50,8930,Sonja OBEREM-KROLIK,24-Feb-73,GER,4,27.94520548,Osaka (JPN),1128,0.075,2001.075
2001,1-Jan,12-Aug-01,Marathon,75,2:28:54,8934,Lyubov MORGUNOVA,14-Jan-71,RUS,8,30.59726027,"Commonwealth Stadium, Edmonton (CAN)",1127,0.613888889,2001.613889
2001,1-Jan,7-Oct-01,Marathon,76,2:28:59,8939,Nives CURTI,1-Sep-69,ITA,5,32.12054795,"Chicago, IL (USA)",1127,0.766666667,2001.766667
2001,1-Jan,22-Apr-01,Marathon,77,2:29:01,8941,Harumi HIROYAMA-SUZUKI,2-Sep-68,JPN,12,32.65753425,London (GBR),1126,0.308333333,2001.308333
2001,1-Jan,14-Oct-01,Marathon,78,2:29:03,8943,Shengzhi ZHAO,19-Nov-75,CHN,10,25.92054795,Beijing (CHN),1126,0.786111111,2001.786111
2001,1-Jan,8-Apr-01,Marathon,79,2:29:16,8956,Camelia Alina TECUŢĂ-GHERASIM,10-Nov-71,ROU,3,29.43013699,Paris (FRA),1124,0.269444444,2001.269444
2001,1-Jan,14-Oct-01,Marathon,79,2:29:16,8956,Yingjie SUN,19-Jan-79,CHN,11,22.75068493,Beijing (CHN),1124,0.786111111,2001.786111
2001,1-Jan,18-Nov-01,Marathon,81,2:29:18,8958,Yoshiko ICHIKAWA,18-Apr-76,JPN,8,25.60273973,Tokyo (JPN),1124,0.880555556,2001.880556
2001,1-Jan,11-Mar-01,Marathon,82,2:29:19,8959,Tomoko KAI,5-Nov-76,JPN,12,24.36164384,Nagoya (JPN),1124,0.194444444,2001.194444
2001,1-Jan,21-Oct-01,Marathon,83,2:29:31,8971,Marleen RENDERS,24-Dec-68,BEL,2,32.84657534,Amsterdam (NED),1122,0.805555556,2001.805556
2001,1-Jan,3-Jun-01,Marathon,84,2:29:35,8975,Ornella FERRARA,17-Apr-68,ITA,3,33.15068493,"San Diego, CA (USA)",1121,0.422222222,2001.422222
2001,1-Jan,22-Apr-01,Marathon,85,2:29:42,8982,Kathrin WESSEL,14-Aug-67,GER,3,33.71232877,Hamburg (GER),1120,0.308333333,2001.308333
2001,1-Jan,15-Apr-01,Marathon,86,2:29:44,8984,Bong-Sil HAM,24-Jul-74,PRK,2,26.74520548,Pyongyang (PRK),1120,0.288888889,2001.288889
2001,1-Jan,21-Apr-01,Marathon,86,2:29:44,8984,Cristina POMACU,15-Sep-73,ROU,1,27.61643836,Beograd (SRB),1120,0.305555556,2001.305556
2001,1-Jan,1-Apr-01,Marathon,88,2:29:46,8986,Sara FERRARI,30-Sep-77,ITA,2,23.51780822,Torino (ITA),1119,0.25,2001.25
2001,1-Jan,22-Apr-01,Marathon,88,2:29:46,8986,María ABEL,23-Oct-74,ESP,3,26.51506849,Rotterdam (NED),1119,0.308333333,2001.308333
2001,1-Jan,9-Dec-01,Marathon,90,2:29:54,8994,Lyubov MORGUNOVA,14-Jan-71,RUS,1,30.92328767,"Honolulu, HI (USA)",1118,0.938888889,2001.938889
2001,1-Jan,9-Jun-01,Marathon,91,2:29:55,8995,Esther KIPLAGAT,8-Dec-66,KEN,1,34.5260274,Stockholm (SWE),1118,0.438888889,2001.438889
2001,1-Jan,12-Aug-01,Marathon,92,2:29:57,8997,Kazumi MATSUO,18-Apr-74,JPN,9,27.3369863,"Commonwealth Stadium, Edmonton (CAN)",1118,0.613888889,2001.613889
2001,1-Jan,7-Oct-01,Marathon,92,2:29:57,8997,Lidiya VASILEVSKAYA,1-Apr-73,RUS,4,28.5369863,St. Paul (USA),1118,0.766666667,2001.766667
2001,1-Jan,8-Apr-01,Marathon,94,2:29:58,8998,Zahia DAHMANI,2-Jun-72,FRA,4,28.86849315,Paris (FRA),1117,0.269444444,2001.269444
2001,1-Jan,6-May-01,Marathon,94,2:29:58,8998,Franca FIACCONI,4-Oct-65,ITA,1,35.6109589,Trieste (ITA),1117,0.347222222,2001.347222
2001,1-Jan,21-May-01,Marathon,96,2:30:00,9000,Jane SALUMÄE,17-Jan-68,EST,1,33.36438356,Wien (AUT),1117,0.388888889,2001.388889
2001,1-Jan,4-Feb-01,Marathon,97,2:30:11,9011,María Luisa LARRAGA,10-Dec-70,ESP,1,30.17534247,Valencia (ESP),1115,0.091666667,2001.091667
2001,1-Jan,7-Apr-01,Marathon,97,2:30:11,9011,Guixia ZHENG,24-Jun-73,CHN,1,27.80547945,Jinan (CHN),1115,0.266666667,2001.266667
2001,1-Jan,7-Oct-01,Marathon,99,2:30:15,9015,Elżbieta JAROSZ,14-Aug-71,POL,5,30.16986301,St. Paul (USA),1115,0.766666667,2001.766667
2001,1-Jan,14-Oct-01,Marathon,100,2:30:22,9022,Limei JU,9-Jun-78,CHN,12,23.36438356,Beijing (CHN),1114,0.786111111,2001.786111